rank	before (R153)	after (R154)	kind	tier	offset	needs	area stud2	score	where	x	y	z	part A . face	part B . face	made by	material A / B	allowed because
1	VISIBLE	fixed: now tight (+0.050)	texture	coplanar	+0.0000	0.049	301.29	150.65	lawn / floor 25 studs from Market square	-68.1	4.07	-213.3	HubLife151/Cell -1:-3/core/Grass patch . Right	HubLife151/Cell -1:-3/core/Grass patch . Right	built+built	Grass / Grass	
2	VISIBLE	fixed: now tight (+0.050)	texture	coplanar	+0.0000	0.049	294.45	147.23	lawn / floor 30 studs from Curb	74.9	4.07	-373.7	HubLife151/Cell 0:-4/core/Grass patch . Right	HubLife151/Cell 0:-4/core/Grass patch . Right	built+built	Grass / Grass	
3	VISIBLE	fixed: now depth-safe (+0.100)	texture	coplanar	+0.0000	0.049	284.97	142.48	lawn / floor 19 studs from Market square	-55.0	4.07	-213.0	HubLife151/Cell -1:-3/core/Grass patch . Right	HubLife151/Cell -1:-3/core/Grass patch . Right	built+built	Grass / Grass	
4	VISIBLE	fixed: now tight (+0.050)	texture	coplanar	+0.0000	0.049	276.79	138.39	lawn / floor 25 studs from Curb	-83.6	4.07	-359.9	HubLife151/Cell -1:-4/core/Grass patch . Right	HubLife151/Cell -1:-4/core/Grass patch . Right	built+built	Grass / Grass	
5	VISIBLE	fixed: now depth-safe (+0.100)	texture	coplanar	+0.0000	0.049	272.90	136.45	lawn / floor 20 studs from Market square	53.6	4.07	-211.9	HubLife151/Cell 0:-3/core/Grass patch . Right	HubLife151/Cell 0:-3/core/Grass patch . Right	built+built	Grass / Grass	
6	VISIBLE	fixed: now tight (+0.050)	texture	coplanar	+0.0000	0.049	255.17	127.58	lawn / floor 21 studs from Market square	61.9	4.07	-213.8	HubLife151/Cell 0:-3/core/Grass patch . Right	HubLife151/Cell 0:-3/core/Grass patch . Right	built+built	Grass / Grass	
7	VISIBLE	fixed: now depth-safe (+0.100)	texture	coplanar	+0.0000	0.049	251.94	125.97	lawn / floor 33 studs from Curb	75.7	4.07	-360.3	HubLife151/Cell 0:-4/core/Grass patch . Right	HubLife151/Cell 0:-4/core/Grass patch . Right	built+built	Grass / Grass	
8	VISIBLE	fixed: now tight (+0.050)	texture	coplanar	+0.0000	0.049	208.00	104.00	lawn / floor 29 studs from Curb	-73.7	4.07	-374.3	HubLife151/Cell -1:-4/core/Grass patch . Right	HubLife151/Cell -1:-4/core/Grass patch . Right	built+built	Grass / Grass	
9	VISIBLE	fixed: now tight (+0.050)	texture	coplanar	+0.0000	0.049	180.07	90.04	lawn / floor 14 studs from Curb	-94.6	4.07	-276.1	HubLife151/Cell -1:-3/core/Grass patch . Right	HubLife151/Cell -1:-3/core/Grass patch . Right	built+built	Grass / Grass	
10	VISIBLE	fixed: now tight (+0.050)	texture	coplanar	+0.0000	0.049	178.05	89.02	lawn / floor 17 studs from Curb	91.6	4.07	-274.8	HubLife151/Cell 0:-3/core/Grass patch . Right	HubLife151/Cell 0:-3/core/Grass patch . Right	built+built	Grass / Grass	
11	VISIBLE	fixed: now depth-safe (+0.100)	texture	coplanar	+0.0000	0.049	168.25	84.13	lawn / floor 27 studs from Curb	81.5	4.07	-275.5	HubLife151/Cell 0:-3/core/Grass patch . Right	HubLife151/Cell 0:-3/core/Grass patch . Right	built+built	Grass / Grass	
12	VISIBLE	fixed: now tight (+0.050)	texture	coplanar	+0.0000	0.049	136.25	68.12	lawn / floor 19 studs from Market square	56.4	4.07	-213.8	HubLife151/Cell 0:-3/core/Grass patch . Right	HubLife151/Cell 0:-3/core/Grass patch . Right	built+built	Grass / Grass	
13	VISIBLE	fixed: now tight (+0.050)	texture	coplanar	+0.0000	0.049	135.30	67.65	lawn / floor 15 studs from Curb	-93.8	4.07	-289.4	HubLife151/Cell -1:-3/core/Grass patch . Right	HubLife151/Cell -1:-3/core/Grass patch . Right	built+built	Grass / Grass	
14	VISIBLE	fixed: now depth-safe (+0.100)	texture	coplanar	+0.0000	0.049	109.98	54.99	lawn / floor 9 studs from Corner circle	-127.4	4.07	-138.1	HubLife151/Cell -2:-2/core/Grass patch . Right	HubLife151/Cell -2:-2/core/Grass patch . Right	built+built	Grass / Grass	
15	VISIBLE	fixed: now depth-safe (+0.100)	texture	coplanar	+0.0000	0.049	102.15	51.07	lawn / floor 26 studs from Curb	-82.7	4.12	-197.6	HubLife151/Cell -1:-2/core/Grass patch . Right	HubLife151/Cell -1:-2/core/Grass patch . Right	built+built	Grass / Grass	
16	VISIBLE	fixed: now tight (+0.050)	texture	coplanar	+0.0000	0.049	100.89	50.45	lawn / floor 20 studs from Market square	-61.1	4.07	-214.7	HubLife151/Cell -1:-3/core/Grass patch . Right	HubLife151/Cell -1:-3/core/Grass patch . Right	built+built	Grass / Grass	
17	VISIBLE	fixed: now tight (+0.050)	texture	coplanar	+0.0000	0.049	99.21	49.60	lawn / floor 8 studs from Corner circle	127.5	4.07	-138.5	HubLife151/Cell 1:-2/core/Grass patch . Right	HubLife151/Cell 1:-2/core/Grass patch . Right	built+built	Grass / Grass	
18	VISIBLE	fixed: now tight (+0.050)	texture	coplanar	+0.0000	0.049	97.16	48.58	lawn / floor 13 studs from Corner circle	119.1	4.07	-134.4	HubLife151/Cell 1:-2/core/Grass patch . Right	HubLife151/Cell 1:-2/core/Grass patch . Right	built+built	Grass / Grass	
19	VISIBLE	fixed: now tight (+0.050)	texture	coplanar	+0.0000	0.049	95.93	47.97	lawn / floor 28 studs from Market square	77.0	4.12	-219.9	HubLife151/Cell 0:-3/core/Grass patch . Right	HubLife151/Cell 0:-3/core/Grass patch . Right	built+built	Grass / Grass	
20	VISIBLE	fixed: now tight (+0.050)	texture	coplanar	+0.0000	0.049	85.34	42.67	lawn / floor 12 studs from leaderboard	-128.6	4.07	-129.9	HubLife151/Cell -2:-2/core/Grass patch . Right	HubLife151/Cell -2:-2/core/Grass patch . Right	built+built	Grass / Grass	
21	VISIBLE	fixed: now tight (+0.050)	texture	coplanar	+0.0000	0.049	70.72	35.36	lawn / floor 31 studs from Curb	-77.8	4.12	-200.3	HubLife151/Cell -1:-2/core/Grass patch . Right	HubLife151/Cell -1:-2/core/Grass patch . Right	built+built	Grass / Grass	
22	VISIBLE	fixed: now tight (+0.050)	texture	coplanar	+0.0000	0.049	70.41	35.20	lawn / floor 25 studs from Curb	83.4	4.12	-216.7	HubLife151/Cell 0:-3/core/Grass patch . Right	HubLife151/Cell 0:-3/core/Grass patch . Right	built+built	Grass / Grass	
23	VISIBLE	fixed: now tight (+0.050)	texture	coplanar	+0.0000	0.049	62.78	31.39	lawn / floor 5 studs from Curb	-228.4	4.07	-281.7	HubLife151/Cell -3:-3/core/Grass patch . Right	HubLife151/Cell -3:-3/core/Grass patch . Right	built+built	Grass / Grass	
24	VISIBLE	fixed: now look-alike (untextured) (+0.020)	look	near	+0.0200	0.049	125.37	31.34	lawn / floor 2 studs from hub wall	302.9	4.39	-613.1	_WeatherWorldR149/Snow patches/Snow patch . Right	_WeatherWorldR149/Snow patches/Snow patch . Right	built+built	SmoothPlastic / SmoothPlastic	
25	VISIBLE	fixed: now tight (+0.050)	texture	coplanar	+0.0000	0.049	60.82	30.41	lawn / floor 5 studs from Curb	236.1	4.07	-281.9	HubLife151/Cell 2:-3/core/Grass patch . Right	HubLife151/Cell 2:-3/core/Grass patch . Right	built+built	Grass / Grass	
26	VISIBLE	fixed: now tight (+0.050)	texture	coplanar	+0.0000	0.049	57.19	28.60	lawn / floor 9 studs from Base 2 (pad)	272.8	4.12	-248.7	HubLife151/Cell 2:-3/core/Grass patch . Right	HubLife151/Cell 2:-3/core/Grass patch . Right	built+built	Grass / Grass	
27	VISIBLE	fixed: now tight (+0.050)	texture	coplanar	+0.0000	0.049	55.68	27.84	lawn / floor 9 studs from Base 1 (pad)	-274.5	4.12	-248.2	HubLife151/Cell -3:-3/core/Grass patch . Right	HubLife151/Cell -3:-3/core/Grass patch . Right	built+built	Grass / Grass	
28	VISIBLE	fixed: now tight (+0.050)	texture	coplanar	+0.0000	0.049	54.24	27.12	lawn / floor 6 studs from Curb	-236.5	4.07	-282.6	HubLife151/Cell -3:-3/core/Grass patch . Right	HubLife151/Cell -3:-3/core/Grass patch . Right	built+built	Grass / Grass	
29	VISIBLE	fixed: now depth-safe (+0.100)	texture	coplanar	+0.0000	0.049	52.01	26.00	lawn / floor 9 studs from Base 2 (pad)	274.6	4.12	-248.1	HubLife151/Cell 2:-3/core/Grass patch . Right	HubLife151/Cell 2:-3/core/Grass patch . Right	built+built	Grass / Grass	
30	VISIBLE	fixed: now tight (+0.050)	texture	coplanar	+0.0000	0.049	51.66	25.83	lawn / floor 8 studs from Base 1 (pad)	-273.7	4.12	-247.4	HubLife151/Cell -3:-3/core/Grass patch . Right	HubLife151/Cell -3:-3/core/Grass patch . Right	built+built	Grass / Grass	
31	VISIBLE	fixed: now tight (+0.050)	texture	coplanar	+0.0000	0.020	51.54	25.77	lawn / floor 34 studs from Curb	74.8	4.07	-365.9	HubLife151/Cell 0:-4/core/Grass patch . Right	HubLife151/Cell 0:-4/core/Grass patch . Right	built+built	Grass / Grass	
32	VISIBLE	fixed: now tight (+0.050)	texture	coplanar	+0.0000	0.032	49.91	24.95	lawn / floor 22 studs from Curb	86.0	4.07	-274.4	HubLife151/Cell 0:-3/core/Grass patch . Right	HubLife151/Cell 0:-3/core/Grass patch . Right	built+built	Grass / Grass	
33	VISIBLE	fixed: now tight (+0.050)	texture	coplanar	+0.0000	0.049	45.22	22.61	lawn / floor 8 studs from Base 2 (pad)	273.5	4.12	-247.5	HubLife151/Cell 2:-3/core/Grass patch . Right	HubLife151/Cell 2:-3/core/Grass patch . Right	built+built	Grass / Grass	
34	VISIBLE	fixed: now depth-safe (+0.100)	texture	coplanar	+0.0000	0.049	44.21	22.10	lawn / floor 8 studs from Base 1 (pad)	-273.5	4.12	-248.0	HubLife151/Cell -3:-3/core/Grass patch . Right	HubLife151/Cell -3:-3/core/Grass patch . Right	built+built	Grass / Grass	
35	VISIBLE	fixed: now depth-safe (+0.100)	texture	coplanar	+0.0000	0.049	43.85	21.92	lawn / floor 4 studs from Curb	232.7	4.07	-280.9	HubLife151/Cell 2:-3/core/Grass patch . Right	HubLife151/Cell 2:-3/core/Grass patch . Right	built+built	Grass / Grass	
36	VISIBLE	fixed: now look-alike (untextured) (+0.004)	look	near	+0.0040	0.028	73.24	18.31	lawn / floor 46 studs from hub display (best pull)	190.2	4.18	-471.2	_WeatherWorldR149/Snow patches/Snow patch . Right	_WeatherWorldR149/Snow patches/Snow patch . Right	built+built	SmoothPlastic / SmoothPlastic	
37	VISIBLE	fixed: now tight (+0.050)	texture	coplanar	+0.0000	0.040	30.64	15.32	lawn / floor 28 studs from Curb	-80.6	4.12	-200.1	HubLife151/Cell -1:-2/core/Grass patch . Right	HubLife151/Cell -1:-2/core/Grass patch . Right	built+built	Grass / Grass	
38	VISIBLE	fixed: now look-alike (untextured) (+0.032)	look	far	+0.0320	0.049	57.62	14.41	lawn / floor 11 studs from Curb	-175.7	4.18	-287.8	_WeatherWorldR149/Snow patches/Snow patch . Right	_WeatherWorldR149/Snow patches/Snow patch . Right	built+built	SmoothPlastic / SmoothPlastic	
39	VISIBLE	fixed: now tight (+0.050)	texture	coplanar	+0.0000	0.037	26.77	13.38	lawn / floor 4 studs from Curb	234.3	4.07	-280.7	HubLife151/Cell 2:-3/core/Grass patch . Right	HubLife151/Cell 2:-3/core/Grass patch . Right	built+built	Grass / Grass	
40	VISIBLE	fixed: now look-alike (untextured) (+0.020)	look	near	+0.0200	0.028	37.56	9.39	lawn / floor 34 studs from Base 3 (pad)	-173.6	4.17	-451.1	_WeatherWorldR149/Snow patches/Snow patch . Right	_WeatherWorldR149/Snow patches/Snow patch . Right	built+built	SmoothPlastic / SmoothPlastic	
41	VISIBLE	fixed: now depth-safe (+0.100)	texture	coplanar	+0.0000	0.020	18.01	9.00	lawn / floor 27 studs from Curb	81.3	4.12	-218.7	HubLife151/Cell 0:-3/core/Grass patch . Right	HubLife151/Cell 0:-3/core/Grass patch . Right	built+built	Grass / Grass	
42	VISIBLE	fixed: now tight (+0.050)	texture	coplanar	+0.0000	0.020	15.27	7.64	lawn / floor 13 studs from Corner circle	-129.2	4.07	-134.0	HubLife151/Cell -2:-2/core/Grass patch . Right	HubLife151/Cell -2:-2/core/Grass patch . Right	built+built	Grass / Grass	
43	VISIBLE	fixed: gone	texture	coplanar	+0.0000	0.020	2.71	1.35	lawn / floor 2 studs from Base 3 (pad)	-148.1	5.08	-297.0	Bases/Base_3/GardenFence34/Fence foundation . Top	Bases/Base_3/GardenFence34/Fence foundation . Top	built+built	Slate / Slate	
44	VISIBLE	fixed: gone	texture	coplanar	+0.0000	0.020	2.71	1.35	lawn / floor 2 studs from Base 3 (pad)	-148.1	5.08	-419.0	Bases/Base_3/GardenFence34/Fence foundation . Top	Bases/Base_3/GardenFence34/Fence foundation . Top	built+built	Slate / Slate	
45	VISIBLE	fixed: gone	texture	coplanar	+0.0000	0.020	2.71	1.35	lawn / floor 2 studs from Base 2 (pad)	148.1	5.08	-241.5	Bases/Base_2/GardenFence34/Fence foundation . Top	Bases/Base_2/GardenFence34/Fence foundation . Top	built+built	Slate / Slate	
46	VISIBLE	fixed: gone	texture	coplanar	+0.0000	0.020	2.71	1.35	lawn / floor 2 studs from Base 2 (pad)	148.1	5.08	-119.5	Bases/Base_2/GardenFence34/Fence foundation . Top	Bases/Base_2/GardenFence34/Fence foundation . Top	built+built	Slate / Slate	
47	VISIBLE	fixed: gone	texture	coplanar	+0.0000	0.020	2.71	1.35	lawn / floor 2 studs from Base 5 (pad)	-135.0	5.08	-425.4	Bases/Base_5/GardenFence34/Fence foundation . Top	Bases/Base_5/GardenFence34/Fence foundation . Top	built+built	Slate / Slate	
48	VISIBLE	fixed: gone	texture	coplanar	+0.0000	0.020	2.71	1.35	lawn / floor 2 studs from Base 5 (pad)	-13.0	5.08	-425.4	Bases/Base_5/GardenFence34/Fence foundation . Top	Bases/Base_5/GardenFence34/Fence foundation . Top	built+built	Slate / Slate	
49	VISIBLE	fixed: gone	texture	coplanar	+0.0000	0.020	2.71	1.35	lawn / floor 2 studs from Base 4 (pad)	148.1	5.08	-419.0	Bases/Base_4/GardenFence34/Fence foundation . Top	Bases/Base_4/GardenFence34/Fence foundation . Top	built+built	Slate / Slate	
50	VISIBLE	fixed: gone	texture	coplanar	+0.0000	0.020	2.71	1.35	lawn / floor 2 studs from Base 4 (pad)	148.1	5.08	-297.0	Bases/Base_4/GardenFence34/Fence foundation . Top	Bases/Base_4/GardenFence34/Fence foundation . Top	built+built	Slate / Slate	
51	VISIBLE	fixed: gone	texture	coplanar	+0.0000	0.020	2.71	1.35	lawn / floor 2 studs from Base 6 (pad)	13.0	5.08	-425.4	Bases/Base_6/GardenFence34/Fence foundation . Top	Bases/Base_6/GardenFence34/Fence foundation . Top	built+built	Slate / Slate	
52	VISIBLE	fixed: gone	texture	coplanar	+0.0000	0.020	2.71	1.35	lawn / floor 2 studs from Base 6 (pad)	135.0	5.08	-425.4	Bases/Base_6/GardenFence34/Fence foundation . Top	Bases/Base_6/GardenFence34/Fence foundation . Top	built+built	Slate / Slate	
53	VISIBLE	fixed: gone	texture	coplanar	+0.0000	0.020	2.71	1.35	lawn / floor 2 studs from Base 1 (pad)	-148.1	5.08	-119.5	Bases/Base_1/GardenFence34/Fence foundation . Top	Bases/Base_1/GardenFence34/Fence foundation . Top	built+built	Slate / Slate	
54	VISIBLE	fixed: gone	texture	coplanar	+0.0000	0.020	2.71	1.35	lawn / floor 2 studs from Base 1 (pad)	-148.1	5.08	-241.5	Bases/Base_1/GardenFence34/Fence foundation . Top	Bases/Base_1/GardenFence34/Fence foundation . Top	built+built	Slate / Slate	
55	VISIBLE	fixed: gone	texture	coplanar	+0.0000	0.020	2.38	0.71	lawn / floor 4 studs from Base 5 (pad)	-11.4	4.54	-425.4	Bases/Base_5/GardenFence34/Fence foundation . Right	Bases/Base_5/GardenFence34/Fence foundation . Right	built+built	Slate / Slate	
56	VISIBLE	fixed: gone	texture	coplanar	+0.0000	0.020	2.38	0.71	lawn / floor 4 studs from Base 6 (pad)	136.6	4.54	-425.4	Bases/Base_6/GardenFence34/Fence foundation . Right	Bases/Base_6/GardenFence34/Fence foundation . Right	built+built	Slate / Slate	
57	VISIBLE	fixed: gone	texture	coplanar	+0.0000	0.020	2.38	0.71	lawn / floor 4 studs from Base 6 (pad)	11.4	4.54	-425.4	Bases/Base_6/GardenFence34/Fence foundation . Left	Bases/Base_6/GardenFence34/Fence foundation . Left	built+built	Slate / Slate	
58	VISIBLE	fixed: gone	texture	coplanar	+0.0000	0.020	2.38	0.71	lawn / floor 4 studs from Base 5 (pad)	-136.6	4.54	-425.4	Bases/Base_5/GardenFence34/Fence foundation . Left	Bases/Base_5/GardenFence34/Fence foundation . Left	built+built	Slate / Slate	
59	VISIBLE	fixed: gone	texture	coplanar	+0.0000	0.020	2.38	0.71	lawn / floor 4 studs from Base 3 (pad)	-148.1	4.54	-295.4	Bases/Base_3/GardenFence34/Fence foundation . Left	Bases/Base_3/GardenFence34/Fence foundation . Left	built+built	Slate / Slate	
60	VISIBLE	fixed: gone	texture	coplanar	+0.0000	0.020	2.38	0.71	lawn / floor 4 studs from Base 4 (pad)	148.1	4.54	-295.4	Bases/Base_4/GardenFence34/Fence foundation . Right	Bases/Base_4/GardenFence34/Fence foundation . Right	built+built	Slate / Slate	
61	VISIBLE	fixed: gone	texture	coplanar	+0.0000	0.020	2.38	0.71	lawn / floor 4 studs from Base 2 (pad)	148.1	4.54	-117.9	Bases/Base_2/GardenFence34/Fence foundation . Right	Bases/Base_2/GardenFence34/Fence foundation . Right	built+built	Slate / Slate	
62	VISIBLE	fixed: gone	texture	coplanar	+0.0000	0.020	2.38	0.71	lawn / floor 4 studs from Base 1 (pad)	-148.1	4.54	-117.9	Bases/Base_1/GardenFence34/Fence foundation . Left	Bases/Base_1/GardenFence34/Fence foundation . Left	built+built	Slate / Slate	
63	VISIBLE	fixed: gone	texture	coplanar	+0.0000	0.020	2.38	0.71	lawn / floor 4 studs from Base 2 (pad)	148.1	4.54	-243.1	Bases/Base_2/GardenFence34/Fence foundation . Left	Bases/Base_2/GardenFence34/Fence foundation . Left	built+built	Slate / Slate	
64	VISIBLE	fixed: gone	texture	coplanar	+0.0000	0.020	2.38	0.71	lawn / floor 4 studs from Base 1 (pad)	-148.1	4.54	-243.1	Bases/Base_1/GardenFence34/Fence foundation . Right	Bases/Base_1/GardenFence34/Fence foundation . Right	built+built	Slate / Slate	
65	VISIBLE	fixed: gone	texture	coplanar	+0.0000	0.020	2.38	0.71	lawn / floor 4 studs from Base 3 (pad)	-148.1	4.54	-420.6	Bases/Base_3/GardenFence34/Fence foundation . Right	Bases/Base_3/GardenFence34/Fence foundation . Right	built+built	Slate / Slate	
66	VISIBLE	fixed: gone	texture	coplanar	+0.0000	0.020	2.38	0.71	lawn / floor 4 studs from Base 4 (pad)	148.1	4.54	-420.6	Bases/Base_4/GardenFence34/Fence foundation . Left	Bases/Base_4/GardenFence34/Fence foundation . Left	built+built	Slate / Slate	
67	VISIBLE	fixed: gone	texture	coplanar	+0.0000	0.020	1.73	0.52	lawn / floor 1 studs from Lane nook	-11.4	4.54	-603.5	Bases/Base_5/GardenFence34/Fence foundation . Right	Bases/Base_5/GardenFence34/Fence foundation . Right	built+built	Slate / Slate	
68	VISIBLE	fixed: gone	texture	coplanar	+0.0000	0.020	1.73	0.52	lawn / floor 4 studs from Base 6 (pad)	136.6	4.54	-603.5	Bases/Base_6/GardenFence34/Fence foundation . Right	Bases/Base_6/GardenFence34/Fence foundation . Right	built+built	Slate / Slate	
69	VISIBLE	fixed: gone	texture	coplanar	+0.0000	0.020	1.73	0.52	lawn / floor 1 studs from Lane nook	11.4	4.54	-603.5	Bases/Base_6/GardenFence34/Fence foundation . Left	Bases/Base_6/GardenFence34/Fence foundation . Left	built+built	Slate / Slate	
70	VISIBLE	fixed: gone	texture	coplanar	+0.0000	0.020	1.73	0.52	lawn / floor 4 studs from Base 5 (pad)	-136.6	4.54	-603.5	Bases/Base_5/GardenFence34/Fence foundation . Left	Bases/Base_5/GardenFence34/Fence foundation . Left	built+built	Slate / Slate	
71	VISIBLE	fixed: gone	texture	coplanar	+0.0000	0.020	1.73	0.52	lawn / floor 4 studs from Base 3 (pad)	-326.2	4.54	-295.4	Bases/Base_3/GardenFence34/Fence foundation . Left	Bases/Base_3/GardenFence34/Fence foundation . Left	built+built	Slate / Slate	
72	VISIBLE	fixed: gone	texture	coplanar	+0.0000	0.020	1.73	0.52	lawn / floor 4 studs from Base 4 (pad)	326.2	4.54	-295.4	Bases/Base_4/GardenFence34/Fence foundation . Right	Bases/Base_4/GardenFence34/Fence foundation . Right	built+built	Slate / Slate	
73	VISIBLE	fixed: gone	texture	coplanar	+0.0000	0.020	1.73	0.52	lawn / floor 4 studs from Base 2 (pad)	326.2	4.54	-117.9	Bases/Base_2/GardenFence34/Fence foundation . Right	Bases/Base_2/GardenFence34/Fence foundation . Right	built+built	Slate / Slate	
74	VISIBLE	fixed: gone	texture	coplanar	+0.0000	0.020	1.73	0.52	lawn / floor 4 studs from Base 1 (pad)	-326.2	4.54	-117.9	Bases/Base_1/GardenFence34/Fence foundation . Left	Bases/Base_1/GardenFence34/Fence foundation . Left	built+built	Slate / Slate	
75	VISIBLE	fixed: gone	texture	coplanar	+0.0000	0.020	1.73	0.52	lawn / floor 4 studs from Base 2 (pad)	326.2	4.54	-243.1	Bases/Base_2/GardenFence34/Fence foundation . Left	Bases/Base_2/GardenFence34/Fence foundation . Left	built+built	Slate / Slate	
76	VISIBLE	fixed: gone	texture	coplanar	+0.0000	0.020	1.73	0.52	lawn / floor 4 studs from Base 1 (pad)	-326.2	4.54	-243.1	Bases/Base_1/GardenFence34/Fence foundation . Right	Bases/Base_1/GardenFence34/Fence foundation . Right	built+built	Slate / Slate	
77	VISIBLE	fixed: gone	texture	coplanar	+0.0000	0.020	1.73	0.52	lawn / floor 4 studs from Base 3 (pad)	-326.2	4.54	-420.6	Bases/Base_3/GardenFence34/Fence foundation . Right	Bases/Base_3/GardenFence34/Fence foundation . Right	built+built	Slate / Slate	
78	VISIBLE	fixed: gone	texture	coplanar	+0.0000	0.020	1.73	0.52	lawn / floor 4 studs from Base 4 (pad)	326.2	4.54	-420.6	Bases/Base_4/GardenFence34/Fence foundation . Left	Bases/Base_4/GardenFence34/Fence foundation . Left	built+built	Slate / Slate	
79	VISIBLE	fixed: gone	texture	coplanar	+0.0000	0.020	0.98	0.49	lawn / floor 2 studs from Base 3 (pad)	-326.2	5.08	-297.0	Bases/Base_3/GardenFence34/Fence foundation . Top	Bases/Base_3/GardenFence34/Fence foundation . Top	built+built	Slate / Slate	
80	VISIBLE	fixed: gone	texture	coplanar	+0.0000	0.020	0.98	0.49	lawn / floor 2 studs from Base 3 (pad)	-326.2	5.08	-419.0	Bases/Base_3/GardenFence34/Fence foundation . Top	Bases/Base_3/GardenFence34/Fence foundation . Top	built+built	Slate / Slate	
81	VISIBLE	fixed: gone	texture	coplanar	+0.0000	0.020	0.98	0.49	lawn / floor 2 studs from Base 2 (pad)	326.2	5.08	-241.5	Bases/Base_2/GardenFence34/Fence foundation . Top	Bases/Base_2/GardenFence34/Fence foundation . Top	built+built	Slate / Slate	
82	VISIBLE	fixed: gone	texture	coplanar	+0.0000	0.020	0.98	0.49	lawn / floor 2 studs from Base 2 (pad)	326.2	5.08	-119.5	Bases/Base_2/GardenFence34/Fence foundation . Top	Bases/Base_2/GardenFence34/Fence foundation . Top	built+built	Slate / Slate	
83	VISIBLE	fixed: gone	texture	coplanar	+0.0000	0.020	0.98	0.49	lawn / floor 2 studs from Base 5 (pad)	-135.0	5.08	-603.5	Bases/Base_5/GardenFence34/Fence foundation . Top	Bases/Base_5/GardenFence34/Fence foundation . Top	built+built	Slate / Slate	
84	VISIBLE	fixed: gone	texture	coplanar	+0.0000	0.020	0.98	0.49	lawn / floor 2 studs from Base 5 (pad)	-13.0	5.08	-603.5	Bases/Base_5/GardenFence34/Fence foundation . Top	Bases/Base_5/GardenFence34/Fence foundation . Top	built+built	Slate / Slate	
85	VISIBLE	fixed: gone	texture	coplanar	+0.0000	0.020	0.98	0.49	lawn / floor 2 studs from Base 4 (pad)	326.2	5.08	-419.0	Bases/Base_4/GardenFence34/Fence foundation . Top	Bases/Base_4/GardenFence34/Fence foundation . Top	built+built	Slate / Slate	
86	VISIBLE	fixed: gone	texture	coplanar	+0.0000	0.020	0.98	0.49	lawn / floor 2 studs from Base 4 (pad)	326.2	5.08	-297.0	Bases/Base_4/GardenFence34/Fence foundation . Top	Bases/Base_4/GardenFence34/Fence foundation . Top	built+built	Slate / Slate	
87	VISIBLE	fixed: gone	texture	coplanar	+0.0000	0.020	0.98	0.49	lawn / floor 2 studs from Base 6 (pad)	13.0	5.08	-603.5	Bases/Base_6/GardenFence34/Fence foundation . Top	Bases/Base_6/GardenFence34/Fence foundation . Top	built+built	Slate / Slate	
88	VISIBLE	fixed: gone	texture	coplanar	+0.0000	0.020	0.98	0.49	lawn / floor 2 studs from Base 6 (pad)	135.0	5.08	-603.5	Bases/Base_6/GardenFence34/Fence foundation . Top	Bases/Base_6/GardenFence34/Fence foundation . Top	built+built	Slate / Slate	
89	VISIBLE	fixed: gone	texture	coplanar	+0.0000	0.020	0.98	0.49	lawn / floor 2 studs from Base 1 (pad)	-326.2	5.08	-119.5	Bases/Base_1/GardenFence34/Fence foundation . Top	Bases/Base_1/GardenFence34/Fence foundation . Top	built+built	Slate / Slate	
90	VISIBLE	fixed: gone	texture	coplanar	+0.0000	0.020	0.98	0.49	lawn / floor 2 studs from Base 1 (pad)	-326.2	5.08	-241.5	Bases/Base_1/GardenFence34/Fence foundation . Top	Bases/Base_1/GardenFence34/Fence foundation . Top	built+built	Slate / Slate	
91	VISIBLE	fixed: gone	texture	coplanar	+0.0000	0.020	0.11	0.01	lawn / floor 1 studs from Market square	53.0	16.00	-236.0	HubLife151/Cell 0:-3/core/Lamp arm . Bottom	HubLife151/Cell 0:-3/core/Lamp cap . Bottom	built+built	Metal / Metal	
92	VISIBLE	fixed: gone	texture	coplanar	+0.0000	0.020	0.11	0.01	lawn / floor 5 studs from Market square	57.0	16.00	-236.0	HubLife151/Cell 0:-3/core/Lamp arm . Bottom	HubLife151/Cell 0:-3/core/Lamp cap . Bottom	built+built	Metal / Metal	
93	VISIBLE	fixed: gone	texture	coplanar	+0.0000	0.020	0.11	0.01	lawn / floor 5 studs from Market square	-57.0	16.00	-236.0	HubLife151/Cell -1:-3/core/Lamp arm . Bottom	HubLife151/Cell -1:-3/core/Lamp cap . Bottom	built+built	Metal / Metal	
94	VISIBLE	fixed: gone	texture	coplanar	+0.0000	0.020	0.11	0.01	lawn / floor 1 studs from Market square	-53.0	16.00	-236.0	HubLife151/Cell -1:-3/core/Lamp arm . Bottom	HubLife151/Cell -1:-3/core/Lamp cap . Bottom	built+built	Metal / Metal	
95	VISIBLE	fixed: gone	texture	coplanar	+0.0000	0.020	0.11	0.01	lawn / floor 1 studs from Market square	53.0	16.00	-308.0	HubLife151/Cell 0:-4/core/Lamp arm . Bottom	HubLife151/Cell 0:-4/core/Lamp cap . Bottom	built+built	Metal / Metal	
96	VISIBLE	fixed: gone	texture	coplanar	+0.0000	0.020	0.11	0.01	lawn / floor 5 studs from Market square	57.0	16.00	-308.0	HubLife151/Cell 0:-4/core/Lamp arm . Bottom	HubLife151/Cell 0:-4/core/Lamp cap . Bottom	built+built	Metal / Metal	
97	VISIBLE	fixed: gone	texture	coplanar	+0.0000	0.020	0.11	0.01	lawn / floor 5 studs from Market square	-57.0	16.00	-308.0	HubLife151/Cell -1:-4/core/Lamp arm . Bottom	HubLife151/Cell -1:-4/core/Lamp cap . Bottom	built+built	Metal / Metal	
98	VISIBLE	fixed: gone	texture	coplanar	+0.0000	0.020	0.11	0.01	lawn / floor 1 studs from Market square	-53.0	16.00	-308.0	HubLife151/Cell -1:-4/core/Lamp arm . Bottom	HubLife151/Cell -1:-4/core/Lamp cap . Bottom	built+built	Metal / Metal	
99	ALLOWED	same	look	coplanar	+0.0000	0.020	6.93	2.71	hub display (best pull)	244.6	4.72	-509.9	HubDisplays151/BestPullDisplay/Avatar/ChampionAvatar/RightLowerLeg . Right	HubDisplays151/BestPullDisplay/Avatar/ChampionAvatar/RightFoot . Right	built+built	Plastic / Plastic	Roblox's own R15 avatar rig on the hub displays (a mock here; its limbs share a skin)
100	ALLOWED	same	look	coplanar	+0.0000	0.020	6.93	2.71	hub display (best pull)	249.3	4.72	-501.5	HubDisplays151/BestPullDisplay/Avatar/ChampionAvatar/LeftLowerLeg . Left	HubDisplays151/BestPullDisplay/Avatar/ChampionAvatar/LeftFoot . Left	built+built	Plastic / Plastic	Roblox's own R15 avatar rig on the hub displays (a mock here; its limbs share a skin)
101	ALLOWED	same	look	coplanar	+0.0000	0.020	6.93	2.71	hub display (best pull)	247.8	4.72	-509.0	HubDisplays151/BestPullDisplay/Avatar/ChampionAvatar/RightLowerLeg . Back	HubDisplays151/BestPullDisplay/Avatar/ChampionAvatar/RightFoot . Back	built+built	Plastic / Plastic	Roblox's own R15 avatar rig on the hub displays (a mock here; its limbs share a skin)
102	ALLOWED	same	look	coplanar	+0.0000	0.020	6.93	2.71	hub display (best pull)	250.2	4.72	-504.8	HubDisplays151/BestPullDisplay/Avatar/ChampionAvatar/LeftLowerLeg . Back	HubDisplays151/BestPullDisplay/Avatar/ChampionAvatar/LeftFoot . Back	built+built	Plastic / Plastic	Roblox's own R15 avatar rig on the hub displays (a mock here; its limbs share a skin)
103	ALLOWED	same	look	coplanar	+0.0000	0.020	6.93	2.71	hub display (best pull)	246.0	4.72	-502.4	HubDisplays151/BestPullDisplay/Avatar/ChampionAvatar/LeftLowerLeg . Front	HubDisplays151/BestPullDisplay/Avatar/ChampionAvatar/LeftFoot . Front	built+built	Plastic / Plastic	Roblox's own R15 avatar rig on the hub displays (a mock here; its limbs share a skin)
104	ALLOWED	same	look	coplanar	+0.0000	0.020	6.93	2.71	hub display (best pull)	243.7	4.72	-506.6	HubDisplays151/BestPullDisplay/Avatar/ChampionAvatar/RightLowerLeg . Front	HubDisplays151/BestPullDisplay/Avatar/ChampionAvatar/RightFoot . Front	built+built	Plastic / Plastic	Roblox's own R15 avatar rig on the hub displays (a mock here; its limbs share a skin)
105	ALLOWED	same	look	coplanar	+0.0000	0.020	6.93	2.71	hub display (biggest fruit)	-229.4	4.72	-524.2	HubDisplays151/BiggestFruitDisplay/Avatar/ChampionAvatar/RightLowerLeg . Right	HubDisplays151/BiggestFruitDisplay/Avatar/ChampionAvatar/RightFoot . Right	built+built	Plastic / Plastic	Roblox's own R15 avatar rig on the hub displays (a mock here; its limbs share a skin)
106	ALLOWED	same	look	coplanar	+0.0000	0.020	6.93	2.71	hub display (biggest fruit)	-220.8	4.72	-528.4	HubDisplays151/BiggestFruitDisplay/Avatar/ChampionAvatar/LeftLowerLeg . Left	HubDisplays151/BiggestFruitDisplay/Avatar/ChampionAvatar/LeftFoot . Left	built+built	Plastic / Plastic	Roblox's own R15 avatar rig on the hub displays (a mock here; its limbs share a skin)
107	ALLOWED	same	look	coplanar	+0.0000	0.020	6.93	2.71	hub display (biggest fruit)	-224.0	4.72	-529.5	HubDisplays151/BiggestFruitDisplay/Avatar/ChampionAvatar/LeftLowerLeg . Back	HubDisplays151/BiggestFruitDisplay/Avatar/ChampionAvatar/LeftFoot . Back	built+built	Plastic / Plastic	Roblox's own R15 avatar rig on the hub displays (a mock here; its limbs share a skin)
108	ALLOWED	same	look	coplanar	+0.0000	0.020	6.93	2.71	hub display (biggest fruit)	-228.3	4.72	-527.4	HubDisplays151/BiggestFruitDisplay/Avatar/ChampionAvatar/RightLowerLeg . Back	HubDisplays151/BiggestFruitDisplay/Avatar/ChampionAvatar/RightFoot . Back	built+built	Plastic / Plastic	Roblox's own R15 avatar rig on the hub displays (a mock here; its limbs share a skin)
109	ALLOWED	same	look	coplanar	+0.0000	0.020	6.93	2.71	hub display (biggest fruit)	-226.2	4.72	-523.1	HubDisplays151/BiggestFruitDisplay/Avatar/ChampionAvatar/RightLowerLeg . Front	HubDisplays151/BiggestFruitDisplay/Avatar/ChampionAvatar/RightFoot . Front	built+built	Plastic / Plastic	Roblox's own R15 avatar rig on the hub displays (a mock here; its limbs share a skin)
110	ALLOWED	same	look	coplanar	+0.0000	0.020	6.93	2.71	hub display (biggest fruit)	-221.9	4.72	-525.2	HubDisplays151/BiggestFruitDisplay/Avatar/ChampionAvatar/LeftLowerLeg . Front	HubDisplays151/BiggestFruitDisplay/Avatar/ChampionAvatar/LeftFoot . Front	built+built	Plastic / Plastic	Roblox's own R15 avatar rig on the hub displays (a mock here; its limbs share a skin)
111	ALLOWED	same	texture	coplanar	+0.0000	0.022	20.80	2.37	hub display (biggest fruit)	-220.4	30.30	-528.4	HubDisplays151/BiggestFruitDisplay/Avatar/ChampionAvatar/Hat3/Handle . Left	HubDisplays151/BiggestFruitDisplay/Avatar/ChampionAvatar/Hat2/Handle . Left	built+built	Plastic / Plastic	the hub avatar's accessories (Roblox's own; stand-ins on the mock)
112	ALLOWED	same	texture	coplanar	+0.0000	0.032	20.80	2.37	hub display (best pull)	249.3	30.30	-501.2	HubDisplays151/BestPullDisplay/Avatar/ChampionAvatar/Hat3/Handle . Left	HubDisplays151/BestPullDisplay/Avatar/ChampionAvatar/Hat2/Handle . Left	built+built	Plastic / Plastic	the hub avatar's accessories (Roblox's own; stand-ins on the mock)
113	ALLOWED	same	texture	coplanar	+0.0000	0.030	20.80	2.34	hub display (best pull)	246.0	30.69	-501.9	HubDisplays151/BestPullDisplay/Avatar/ChampionAvatar/Hat2/Handle . Front	HubDisplays151/BestPullDisplay/Avatar/ChampionAvatar/Hat3/Handle . Front	built+built	Plastic / Plastic	the hub avatar's accessories (Roblox's own; stand-ins on the mock)
114	ALLOWED	same	texture	coplanar	+0.0000	0.025	20.80	2.34	hub display (biggest fruit)	-221.3	30.69	-525.1	HubDisplays151/BiggestFruitDisplay/Avatar/ChampionAvatar/Hat3/Handle . Front	HubDisplays151/BiggestFruitDisplay/Avatar/ChampionAvatar/Hat2/Handle . Front	built+built	Plastic / Plastic	the hub avatar's accessories (Roblox's own; stand-ins on the mock)
115	ALLOWED	same	texture	coplanar	+0.0000	0.032	20.80	2.33	hub display (best pull)	249.4	30.77	-501.1	HubDisplays151/BestPullDisplay/Avatar/ChampionAvatar/Hat3/Handle . Left	HubDisplays151/BestPullDisplay/Avatar/ChampionAvatar/Hat4/Handle . Left	built+built	Plastic / Plastic	the hub avatar's accessories (Roblox's own; stand-ins on the mock)
116	ALLOWED	same	texture	coplanar	+0.0000	0.022	20.80	2.33	hub display (biggest fruit)	-220.3	30.77	-528.4	HubDisplays151/BiggestFruitDisplay/Avatar/ChampionAvatar/Hat3/Handle . Left	HubDisplays151/BiggestFruitDisplay/Avatar/ChampionAvatar/Hat4/Handle . Left	built+built	Plastic / Plastic	the hub avatar's accessories (Roblox's own; stand-ins on the mock)
117	ALLOWED	same	texture	coplanar	+0.0000	0.030	20.80	2.31	hub display (best pull)	250.1	31.04	-504.4	HubDisplays151/BestPullDisplay/Avatar/ChampionAvatar/Hat3/Handle . Back	HubDisplays151/BestPullDisplay/Avatar/ChampionAvatar/Hat2/Handle . Back	built+built	Plastic / Plastic	the hub avatar's accessories (Roblox's own; stand-ins on the mock)
118	ALLOWED	same	texture	coplanar	+0.0000	0.025	20.80	2.31	hub display (biggest fruit)	-223.6	31.04	-529.4	HubDisplays151/BiggestFruitDisplay/Avatar/ChampionAvatar/Hat2/Handle . Back	HubDisplays151/BiggestFruitDisplay/Avatar/ChampionAvatar/Hat3/Handle . Back	built+built	Plastic / Plastic	the hub avatar's accessories (Roblox's own; stand-ins on the mock)
119	ALLOWED	same	texture	coplanar	+0.0000	0.030	20.80	2.30	hub display (best pull)	246.1	31.15	-501.8	HubDisplays151/BestPullDisplay/Avatar/ChampionAvatar/Hat4/Handle . Front	HubDisplays151/BestPullDisplay/Avatar/ChampionAvatar/Hat3/Handle . Front	built+built	Plastic / Plastic	the hub avatar's accessories (Roblox's own; stand-ins on the mock)
120	ALLOWED	same	texture	coplanar	+0.0000	0.025	20.80	2.30	hub display (biggest fruit)	-221.2	31.15	-525.2	HubDisplays151/BiggestFruitDisplay/Avatar/ChampionAvatar/Hat3/Handle . Front	HubDisplays151/BiggestFruitDisplay/Avatar/ChampionAvatar/Hat4/Handle . Front	built+built	Plastic / Plastic	the hub avatar's accessories (Roblox's own; stand-ins on the mock)
121	ALLOWED	same	texture	coplanar	+0.0000	0.022	20.80	2.29	hub display (biggest fruit)	-220.2	31.23	-528.5	HubDisplays151/BiggestFruitDisplay/Avatar/ChampionAvatar/Hat5/Handle . Left	HubDisplays151/BiggestFruitDisplay/Avatar/ChampionAvatar/Hat4/Handle . Left	built+built	Plastic / Plastic	the hub avatar's accessories (Roblox's own; stand-ins on the mock)
122	ALLOWED	same	texture	coplanar	+0.0000	0.032	20.80	2.29	hub display (best pull)	249.4	31.23	-501.0	HubDisplays151/BestPullDisplay/Avatar/ChampionAvatar/Hat5/Handle . Left	HubDisplays151/BestPullDisplay/Avatar/ChampionAvatar/Hat4/Handle . Left	built+built	Plastic / Plastic	the hub avatar's accessories (Roblox's own; stand-ins on the mock)
123	ALLOWED	same	texture	coplanar	+0.0000	0.022	20.80	2.28	hub display (biggest fruit)	-224.5	31.43	-526.1	HubDisplays151/BiggestFruitDisplay/Avatar/ChampionAvatar/Hat2/Handle . Right	HubDisplays151/BiggestFruitDisplay/Avatar/ChampionAvatar/Hat3/Handle . Right	built+built	Plastic / Plastic	the hub avatar's accessories (Roblox's own; stand-ins on the mock)
124	ALLOWED	same	texture	coplanar	+0.0000	0.032	20.80	2.28	hub display (best pull)	246.8	31.43	-505.1	HubDisplays151/BestPullDisplay/Avatar/ChampionAvatar/Hat2/Handle . Right	HubDisplays151/BestPullDisplay/Avatar/ChampionAvatar/Hat3/Handle . Right	built+built	Plastic / Plastic	the hub avatar's accessories (Roblox's own; stand-ins on the mock)
125	ALLOWED	same	texture	coplanar	+0.0000	0.030	20.80	2.27	hub display (best pull)	250.1	31.51	-504.3	HubDisplays151/BestPullDisplay/Avatar/ChampionAvatar/Hat3/Handle . Back	HubDisplays151/BestPullDisplay/Avatar/ChampionAvatar/Hat4/Handle . Back	built+built	Plastic / Plastic	the hub avatar's accessories (Roblox's own; stand-ins on the mock)
126	ALLOWED	same	texture	coplanar	+0.0000	0.025	20.80	2.27	hub display (biggest fruit)	-223.5	31.51	-529.4	HubDisplays151/BiggestFruitDisplay/Avatar/ChampionAvatar/Hat4/Handle . Back	HubDisplays151/BiggestFruitDisplay/Avatar/ChampionAvatar/Hat3/Handle . Back	built+built	Plastic / Plastic	the hub avatar's accessories (Roblox's own; stand-ins on the mock)
127	ALLOWED	same	texture	coplanar	+0.0000	0.022	19.50	2.27	hub display (biggest fruit)	-220.5	29.83	-528.4	HubDisplays151/BiggestFruitDisplay/Avatar/ChampionAvatar/Hat1/Handle . Left	HubDisplays151/BiggestFruitDisplay/Avatar/ChampionAvatar/Hat2/Handle . Left	built+built	Plastic / Plastic	the hub avatar's accessories (Roblox's own; stand-ins on the mock)
128	ALLOWED	same	texture	coplanar	+0.0000	0.030	20.80	2.26	hub display (best pull)	246.1	31.62	-501.7	HubDisplays151/BestPullDisplay/Avatar/ChampionAvatar/Hat4/Handle . Front	HubDisplays151/BestPullDisplay/Avatar/ChampionAvatar/Hat5/Handle . Front	built+built	Plastic / Plastic	the hub avatar's accessories (Roblox's own; stand-ins on the mock)
129	ALLOWED	same	texture	coplanar	+0.0000	0.025	20.80	2.26	hub display (biggest fruit)	-221.1	31.62	-525.2	HubDisplays151/BiggestFruitDisplay/Avatar/ChampionAvatar/Hat5/Handle . Front	HubDisplays151/BiggestFruitDisplay/Avatar/ChampionAvatar/Hat4/Handle . Front	built+built	Plastic / Plastic	the hub avatar's accessories (Roblox's own; stand-ins on the mock)
130	ALLOWED	same	texture	coplanar	+0.0000	0.032	20.80	2.25	hub display (best pull)	249.4	31.70	-500.9	HubDisplays151/BestPullDisplay/Avatar/ChampionAvatar/Hat5/Handle . Left	HubDisplays151/BestPullDisplay/Avatar/ChampionAvatar/Hat6/Handle . Left	built+built	Plastic / Plastic	the hub avatar's accessories (Roblox's own; stand-ins on the mock)
131	ALLOWED	same	texture	coplanar	+0.0000	0.022	20.80	2.25	hub display (biggest fruit)	-220.1	31.70	-528.5	HubDisplays151/BiggestFruitDisplay/Avatar/ChampionAvatar/Hat5/Handle . Left	HubDisplays151/BiggestFruitDisplay/Avatar/ChampionAvatar/Hat6/Handle . Left	built+built	Plastic / Plastic	the hub avatar's accessories (Roblox's own; stand-ins on the mock)
132	ALLOWED	same	texture	coplanar	+0.0000	0.032	20.80	2.24	hub display (best pull)	246.8	31.89	-505.0	HubDisplays151/BestPullDisplay/Avatar/ChampionAvatar/Hat4/Handle . Right	HubDisplays151/BestPullDisplay/Avatar/ChampionAvatar/Hat3/Handle . Right	built+built	Plastic / Plastic	the hub avatar's accessories (Roblox's own; stand-ins on the mock)
133	ALLOWED	same	texture	coplanar	+0.0000	0.022	20.80	2.24	hub display (biggest fruit)	-224.4	31.89	-526.1	HubDisplays151/BiggestFruitDisplay/Avatar/ChampionAvatar/Hat4/Handle . Right	HubDisplays151/BiggestFruitDisplay/Avatar/ChampionAvatar/Hat3/Handle . Right	built+built	Plastic / Plastic	the hub avatar's accessories (Roblox's own; stand-ins on the mock)
134	ALLOWED	same	texture	coplanar	+0.0000	0.030	20.80	2.23	hub display (best pull)	250.2	31.97	-504.2	HubDisplays151/BestPullDisplay/Avatar/ChampionAvatar/Hat5/Handle . Back	HubDisplays151/BestPullDisplay/Avatar/ChampionAvatar/Hat4/Handle . Back	built+built	Plastic / Plastic	the hub avatar's accessories (Roblox's own; stand-ins on the mock)
135	ALLOWED	same	texture	coplanar	+0.0000	0.025	20.80	2.23	hub display (biggest fruit)	-223.4	31.97	-529.4	HubDisplays151/BiggestFruitDisplay/Avatar/ChampionAvatar/Hat4/Handle . Back	HubDisplays151/BiggestFruitDisplay/Avatar/ChampionAvatar/Hat5/Handle . Back	built+built	Plastic / Plastic	the hub avatar's accessories (Roblox's own; stand-ins on the mock)
136	ALLOWED	same	texture	coplanar	+0.0000	0.030	20.80	2.22	hub display (best pull)	246.1	32.09	-501.6	HubDisplays151/BestPullDisplay/Avatar/ChampionAvatar/Hat6/Handle . Front	HubDisplays151/BestPullDisplay/Avatar/ChampionAvatar/Hat5/Handle . Front	built+built	Plastic / Plastic	the hub avatar's accessories (Roblox's own; stand-ins on the mock)
137	ALLOWED	same	texture	coplanar	+0.0000	0.025	20.80	2.22	hub display (biggest fruit)	-221.0	32.09	-525.2	HubDisplays151/BiggestFruitDisplay/Avatar/ChampionAvatar/Hat6/Handle . Front	HubDisplays151/BiggestFruitDisplay/Avatar/ChampionAvatar/Hat5/Handle . Front	built+built	Plastic / Plastic	the hub avatar's accessories (Roblox's own; stand-ins on the mock)
138	ALLOWED	same	texture	coplanar	+0.0000	0.022	20.80	2.20	hub display (biggest fruit)	-224.3	32.36	-526.2	HubDisplays151/BiggestFruitDisplay/Avatar/ChampionAvatar/Hat4/Handle . Right	HubDisplays151/BiggestFruitDisplay/Avatar/ChampionAvatar/Hat5/Handle . Right	built+built	Plastic / Plastic	the hub avatar's accessories (Roblox's own; stand-ins on the mock)
139	ALLOWED	same	texture	coplanar	+0.0000	0.032	20.80	2.20	hub display (best pull)	246.9	32.36	-504.9	HubDisplays151/BestPullDisplay/Avatar/ChampionAvatar/Hat4/Handle . Right	HubDisplays151/BestPullDisplay/Avatar/ChampionAvatar/Hat5/Handle . Right	built+built	Plastic / Plastic	the hub avatar's accessories (Roblox's own; stand-ins on the mock)
140	ALLOWED	same	texture	coplanar	+0.0000	0.030	20.80	2.19	hub display (best pull)	250.2	32.44	-504.1	HubDisplays151/BestPullDisplay/Avatar/ChampionAvatar/Hat5/Handle . Back	HubDisplays151/BestPullDisplay/Avatar/ChampionAvatar/Hat6/Handle . Back	built+built	Plastic / Plastic	the hub avatar's accessories (Roblox's own; stand-ins on the mock)
141	ALLOWED	same	texture	coplanar	+0.0000	0.025	20.80	2.19	hub display (biggest fruit)	-223.2	32.44	-529.4	HubDisplays151/BiggestFruitDisplay/Avatar/ChampionAvatar/Hat5/Handle . Back	HubDisplays151/BiggestFruitDisplay/Avatar/ChampionAvatar/Hat6/Handle . Back	built+built	Plastic / Plastic	the hub avatar's accessories (Roblox's own; stand-ins on the mock)
142	ALLOWED	same	texture	coplanar	+0.0000	0.022	19.50	2.17	hub display (biggest fruit)	-224.6	30.96	-526.1	HubDisplays151/BiggestFruitDisplay/Avatar/ChampionAvatar/Hat2/Handle . Right	HubDisplays151/BiggestFruitDisplay/Avatar/ChampionAvatar/Hat1/Handle . Right	built+built	Plastic / Plastic	the hub avatar's accessories (Roblox's own; stand-ins on the mock)
143	ALLOWED	same	texture	coplanar	+0.0000	0.032	20.80	2.16	hub display (best pull)	246.9	32.83	-504.8	HubDisplays151/BestPullDisplay/Avatar/ChampionAvatar/Hat6/Handle . Right	HubDisplays151/BestPullDisplay/Avatar/ChampionAvatar/Hat5/Handle . Right	built+built	Plastic / Plastic	the hub avatar's accessories (Roblox's own; stand-ins on the mock)
144	ALLOWED	same	texture	coplanar	+0.0000	0.022	20.80	2.16	hub display (biggest fruit)	-224.2	32.83	-526.2	HubDisplays151/BiggestFruitDisplay/Avatar/ChampionAvatar/Hat6/Handle . Right	HubDisplays151/BiggestFruitDisplay/Avatar/ChampionAvatar/Hat5/Handle . Right	built+built	Plastic / Plastic	the hub avatar's accessories (Roblox's own; stand-ins on the mock)
145	ALLOWED	same	texture	coplanar	+0.0000	0.026	18.49	2.13	hub display (best pull)	249.3	30.07	-501.3	HubDisplays151/BestPullDisplay/Avatar/ChampionAvatar/Hat1/Handle . Left	HubDisplays151/BestPullDisplay/Avatar/ChampionAvatar/Hat3/Handle . Left	built+built	Plastic / Plastic	the hub avatar's accessories (Roblox's own; stand-ins on the mock)
146	ALLOWED	same	texture	coplanar	+0.0000	0.020	18.49	2.13	hub display (biggest fruit)	-220.5	30.07	-528.4	HubDisplays151/BiggestFruitDisplay/Avatar/ChampionAvatar/Hat1/Handle . Left	HubDisplays151/BiggestFruitDisplay/Avatar/ChampionAvatar/Hat3/Handle . Left	built+built	Plastic / Plastic	the hub avatar's accessories (Roblox's own; stand-ins on the mock)
147	ALLOWED	same	texture	coplanar	+0.0000	0.024	18.49	2.10	hub display (best pull)	246.0	30.45	-502.0	HubDisplays151/BestPullDisplay/Avatar/ChampionAvatar/Hat3/Handle . Front	HubDisplays151/BestPullDisplay/Avatar/ChampionAvatar/Hat1/Handle . Front	built+built	Plastic / Plastic	the hub avatar's accessories (Roblox's own; stand-ins on the mock)
148	ALLOWED	same	texture	coplanar	+0.0000	0.021	18.49	2.10	hub display (biggest fruit)	-221.4	30.45	-525.1	HubDisplays151/BiggestFruitDisplay/Avatar/ChampionAvatar/Hat1/Handle . Front	HubDisplays151/BiggestFruitDisplay/Avatar/ChampionAvatar/Hat3/Handle . Front	built+built	Plastic / Plastic	the hub avatar's accessories (Roblox's own; stand-ins on the mock)
149	ALLOWED	same	texture	coplanar	+0.0000	0.026	18.49	2.09	hub display (best pull)	249.3	30.53	-501.1	HubDisplays151/BestPullDisplay/Avatar/ChampionAvatar/Hat2/Handle . Left	HubDisplays151/BestPullDisplay/Avatar/ChampionAvatar/Hat4/Handle . Left	built+built	Plastic / Plastic	the hub avatar's accessories (Roblox's own; stand-ins on the mock)
150	ALLOWED	same	texture	coplanar	+0.0000	0.020	18.49	2.09	hub display (biggest fruit)	-220.4	30.53	-528.4	HubDisplays151/BiggestFruitDisplay/Avatar/ChampionAvatar/Hat2/Handle . Left	HubDisplays151/BiggestFruitDisplay/Avatar/ChampionAvatar/Hat4/Handle . Left	built+built	Plastic / Plastic	the hub avatar's accessories (Roblox's own; stand-ins on the mock)
151	ALLOWED	same	texture	coplanar	+0.0000	0.030	18.20	2.08	hub display (best pull)	246.0	30.22	-502.0	HubDisplays151/BestPullDisplay/Avatar/ChampionAvatar/Hat2/Handle . Front	HubDisplays151/BestPullDisplay/Avatar/ChampionAvatar/Hat1/Handle . Front	built+built	Plastic / Plastic	the hub avatar's accessories (Roblox's own; stand-ins on the mock)
152	ALLOWED	same	texture	coplanar	+0.0000	0.020	6.93	2.08	hub display (best pull)	244.6	9.05	-509.9	HubDisplays151/BestPullDisplay/Avatar/ChampionAvatar/RightUpperLeg . Right	HubDisplays151/BestPullDisplay/Avatar/ChampionAvatar/RightLowerLeg . Right	built+built	Plastic / Plastic	Roblox's own R15 avatar rig on the hub displays (a mock here; its limbs share a skin)
153	ALLOWED	same	texture	coplanar	+0.0000	0.020	6.93	2.08	hub display (best pull)	249.3	9.05	-501.5	HubDisplays151/BestPullDisplay/Avatar/ChampionAvatar/LeftUpperLeg . Left	HubDisplays151/BestPullDisplay/Avatar/ChampionAvatar/LeftLowerLeg . Left	built+built	Plastic / Plastic	Roblox's own R15 avatar rig on the hub displays (a mock here; its limbs share a skin)
154	ALLOWED	same	texture	coplanar	+0.0000	0.020	6.93	2.08	hub display (best pull)	247.8	9.05	-509.0	HubDisplays151/BestPullDisplay/Avatar/ChampionAvatar/RightUpperLeg . Back	HubDisplays151/BestPullDisplay/Avatar/ChampionAvatar/RightLowerLeg . Back	built+built	Plastic / Plastic	Roblox's own R15 avatar rig on the hub displays (a mock here; its limbs share a skin)
155	ALLOWED	same	texture	coplanar	+0.0000	0.020	6.93	2.08	hub display (best pull)	250.2	9.05	-504.8	HubDisplays151/BestPullDisplay/Avatar/ChampionAvatar/LeftUpperLeg . Back	HubDisplays151/BestPullDisplay/Avatar/ChampionAvatar/LeftLowerLeg . Back	built+built	Plastic / Plastic	Roblox's own R15 avatar rig on the hub displays (a mock here; its limbs share a skin)
156	ALLOWED	same	texture	coplanar	+0.0000	0.020	6.93	2.08	hub display (best pull)	246.0	9.05	-502.4	HubDisplays151/BestPullDisplay/Avatar/ChampionAvatar/LeftUpperLeg . Front	HubDisplays151/BestPullDisplay/Avatar/ChampionAvatar/LeftLowerLeg . Front	built+built	Plastic / Plastic	Roblox's own R15 avatar rig on the hub displays (a mock here; its limbs share a skin)
157	ALLOWED	same	texture	coplanar	+0.0000	0.020	6.93	2.08	hub display (best pull)	243.7	9.05	-506.6	HubDisplays151/BestPullDisplay/Avatar/ChampionAvatar/RightUpperLeg . Front	HubDisplays151/BestPullDisplay/Avatar/ChampionAvatar/RightLowerLeg . Front	built+built	Plastic / Plastic	Roblox's own R15 avatar rig on the hub displays (a mock here; its limbs share a skin)
158	ALLOWED	same	texture	coplanar	+0.0000	0.020	6.93	2.08	hub display (biggest fruit)	-229.4	9.05	-524.2	HubDisplays151/BiggestFruitDisplay/Avatar/ChampionAvatar/RightUpperLeg . Right	HubDisplays151/BiggestFruitDisplay/Avatar/ChampionAvatar/RightLowerLeg . Right	built+built	Plastic / Plastic	Roblox's own R15 avatar rig on the hub displays (a mock here; its limbs share a skin)
159	ALLOWED	same	texture	coplanar	+0.0000	0.020	6.93	2.08	hub display (biggest fruit)	-220.8	9.05	-528.4	HubDisplays151/BiggestFruitDisplay/Avatar/ChampionAvatar/LeftUpperLeg . Left	HubDisplays151/BiggestFruitDisplay/Avatar/ChampionAvatar/LeftLowerLeg . Left	built+built	Plastic / Plastic	Roblox's own R15 avatar rig on the hub displays (a mock here; its limbs share a skin)
160	ALLOWED	same	texture	coplanar	+0.0000	0.020	6.93	2.08	hub display (biggest fruit)	-224.0	9.05	-529.5	HubDisplays151/BiggestFruitDisplay/Avatar/ChampionAvatar/LeftUpperLeg . Back	HubDisplays151/BiggestFruitDisplay/Avatar/ChampionAvatar/LeftLowerLeg . Back	built+built	Plastic / Plastic	Roblox's own R15 avatar rig on the hub displays (a mock here; its limbs share a skin)
161	ALLOWED	same	texture	coplanar	+0.0000	0.020	6.93	2.08	hub display (biggest fruit)	-228.3	9.05	-527.4	HubDisplays151/BiggestFruitDisplay/Avatar/ChampionAvatar/RightUpperLeg . Back	HubDisplays151/BiggestFruitDisplay/Avatar/ChampionAvatar/RightLowerLeg . Back	built+built	Plastic / Plastic	Roblox's own R15 avatar rig on the hub displays (a mock here; its limbs share a skin)
162	ALLOWED	same	texture	coplanar	+0.0000	0.020	6.93	2.08	hub display (biggest fruit)	-226.2	9.05	-523.1	HubDisplays151/BiggestFruitDisplay/Avatar/ChampionAvatar/RightUpperLeg . Front	HubDisplays151/BiggestFruitDisplay/Avatar/ChampionAvatar/RightLowerLeg . Front	built+built	Plastic / Plastic	Roblox's own R15 avatar rig on the hub displays (a mock here; its limbs share a skin)
163	ALLOWED	same	texture	coplanar	+0.0000	0.020	6.93	2.08	hub display (biggest fruit)	-221.9	9.05	-525.2	HubDisplays151/BiggestFruitDisplay/Avatar/ChampionAvatar/LeftUpperLeg . Front	HubDisplays151/BiggestFruitDisplay/Avatar/ChampionAvatar/LeftLowerLeg . Front	built+built	Plastic / Plastic	Roblox's own R15 avatar rig on the hub displays (a mock here; its limbs share a skin)
164	ALLOWED	same	texture	coplanar	+0.0000	0.024	18.49	2.07	hub display (best pull)	250.1	30.81	-504.5	HubDisplays151/BestPullDisplay/Avatar/ChampionAvatar/Hat1/Handle . Back	HubDisplays151/BestPullDisplay/Avatar/ChampionAvatar/Hat3/Handle . Back	built+built	Plastic / Plastic	the hub avatar's accessories (Roblox's own; stand-ins on the mock)
165	ALLOWED	same	texture	coplanar	+0.0000	0.021	18.49	2.07	hub display (biggest fruit)	-223.7	30.81	-529.4	HubDisplays151/BiggestFruitDisplay/Avatar/ChampionAvatar/Hat3/Handle . Back	HubDisplays151/BiggestFruitDisplay/Avatar/ChampionAvatar/Hat1/Handle . Back	built+built	Plastic / Plastic	the hub avatar's accessories (Roblox's own; stand-ins on the mock)
166	ALLOWED	same	texture	coplanar	+0.0000	0.024	18.49	2.06	hub display (best pull)	246.1	30.92	-501.9	HubDisplays151/BestPullDisplay/Avatar/ChampionAvatar/Hat4/Handle . Front	HubDisplays151/BestPullDisplay/Avatar/ChampionAvatar/Hat2/Handle . Front	built+built	Plastic / Plastic	the hub avatar's accessories (Roblox's own; stand-ins on the mock)
167	ALLOWED	same	texture	coplanar	+0.0000	0.021	18.49	2.06	hub display (biggest fruit)	-221.3	30.92	-525.2	HubDisplays151/BiggestFruitDisplay/Avatar/ChampionAvatar/Hat2/Handle . Front	HubDisplays151/BiggestFruitDisplay/Avatar/ChampionAvatar/Hat4/Handle . Front	built+built	Plastic / Plastic	the hub avatar's accessories (Roblox's own; stand-ins on the mock)
168	ALLOWED	same	texture	coplanar	+0.0000	0.030	18.20	2.06	hub display (best pull)	250.1	30.57	-504.6	HubDisplays151/BestPullDisplay/Avatar/ChampionAvatar/Hat1/Handle . Back	HubDisplays151/BestPullDisplay/Avatar/ChampionAvatar/Hat2/Handle . Back	built+built	Plastic / Plastic	the hub avatar's accessories (Roblox's own; stand-ins on the mock)
169	ALLOWED	same	texture	coplanar	+0.0000	0.026	18.49	2.05	hub display (best pull)	249.4	31.00	-501.0	HubDisplays151/BestPullDisplay/Avatar/ChampionAvatar/Hat3/Handle . Left	HubDisplays151/BestPullDisplay/Avatar/ChampionAvatar/Hat5/Handle . Left	built+built	Plastic / Plastic	the hub avatar's accessories (Roblox's own; stand-ins on the mock)
170	ALLOWED	same	texture	coplanar	+0.0000	0.020	18.49	2.05	hub display (biggest fruit)	-220.2	31.00	-528.4	HubDisplays151/BiggestFruitDisplay/Avatar/ChampionAvatar/Hat3/Handle . Left	HubDisplays151/BiggestFruitDisplay/Avatar/ChampionAvatar/Hat5/Handle . Left	built+built	Plastic / Plastic	the hub avatar's accessories (Roblox's own; stand-ins on the mock)
171	ALLOWED	same	texture	coplanar	+0.0000	0.026	18.49	2.04	hub display (best pull)	246.8	31.20	-505.2	HubDisplays151/BestPullDisplay/Avatar/ChampionAvatar/Hat3/Handle . Right	HubDisplays151/BestPullDisplay/Avatar/ChampionAvatar/Hat1/Handle . Right	built+built	Plastic / Plastic	the hub avatar's accessories (Roblox's own; stand-ins on the mock)
172	ALLOWED	same	texture	coplanar	+0.0000	0.020	18.49	2.04	hub display (biggest fruit)	-224.6	31.20	-526.1	HubDisplays151/BiggestFruitDisplay/Avatar/ChampionAvatar/Hat3/Handle . Right	HubDisplays151/BiggestFruitDisplay/Avatar/ChampionAvatar/Hat1/Handle . Right	built+built	Plastic / Plastic	the hub avatar's accessories (Roblox's own; stand-ins on the mock)
173	ALLOWED	same	texture	coplanar	+0.0000	0.024	18.49	2.03	hub display (best pull)	250.1	31.27	-504.4	HubDisplays151/BestPullDisplay/Avatar/ChampionAvatar/Hat2/Handle . Back	HubDisplays151/BestPullDisplay/Avatar/ChampionAvatar/Hat4/Handle . Back	built+built	Plastic / Plastic	the hub avatar's accessories (Roblox's own; stand-ins on the mock)
174	ALLOWED	same	texture	coplanar	+0.0000	0.024	18.49	2.03	hub display (best pull)	246.1	31.39	-501.7	HubDisplays151/BestPullDisplay/Avatar/ChampionAvatar/Hat5/Handle . Front	HubDisplays151/BestPullDisplay/Avatar/ChampionAvatar/Hat3/Handle . Front	built+built	Plastic / Plastic	the hub avatar's accessories (Roblox's own; stand-ins on the mock)
175	ALLOWED	same	texture	coplanar	+0.0000	0.021	18.49	2.03	hub display (biggest fruit)	-223.5	31.27	-529.4	HubDisplays151/BiggestFruitDisplay/Avatar/ChampionAvatar/Hat4/Handle . Back	HubDisplays151/BiggestFruitDisplay/Avatar/ChampionAvatar/Hat2/Handle . Back	built+built	Plastic / Plastic	the hub avatar's accessories (Roblox's own; stand-ins on the mock)
176	ALLOWED	same	texture	coplanar	+0.0000	0.021	18.49	2.03	hub display (biggest fruit)	-221.2	31.39	-525.2	HubDisplays151/BiggestFruitDisplay/Avatar/ChampionAvatar/Hat3/Handle . Front	HubDisplays151/BiggestFruitDisplay/Avatar/ChampionAvatar/Hat5/Handle . Front	built+built	Plastic / Plastic	the hub avatar's accessories (Roblox's own; stand-ins on the mock)
177	ALLOWED	same	texture	coplanar	+0.0000	0.026	18.49	2.02	hub display (best pull)	249.4	31.46	-500.9	HubDisplays151/BestPullDisplay/Avatar/ChampionAvatar/Hat4/Handle . Left	HubDisplays151/BestPullDisplay/Avatar/ChampionAvatar/Hat6/Handle . Left	built+built	Plastic / Plastic	the hub avatar's accessories (Roblox's own; stand-ins on the mock)
178	ALLOWED	same	texture	coplanar	+0.0000	0.020	18.49	2.02	hub display (biggest fruit)	-220.1	31.46	-528.5	HubDisplays151/BiggestFruitDisplay/Avatar/ChampionAvatar/Hat4/Handle . Left	HubDisplays151/BiggestFruitDisplay/Avatar/ChampionAvatar/Hat6/Handle . Left	built+built	Plastic / Plastic	the hub avatar's accessories (Roblox's own; stand-ins on the mock)
179	ALLOWED	same	texture	coplanar	+0.0000	0.026	18.49	2.01	hub display (best pull)	246.8	31.66	-505.1	HubDisplays151/BestPullDisplay/Avatar/ChampionAvatar/Hat4/Handle . Right	HubDisplays151/BestPullDisplay/Avatar/ChampionAvatar/Hat2/Handle . Right	built+built	Plastic / Plastic	the hub avatar's accessories (Roblox's own; stand-ins on the mock)
180	ALLOWED	same	texture	coplanar	+0.0000	0.020	18.49	2.01	hub display (biggest fruit)	-224.4	31.66	-526.1	HubDisplays151/BiggestFruitDisplay/Avatar/ChampionAvatar/Hat4/Handle . Right	HubDisplays151/BiggestFruitDisplay/Avatar/ChampionAvatar/Hat2/Handle . Right	built+built	Plastic / Plastic	the hub avatar's accessories (Roblox's own; stand-ins on the mock)
181	ALLOWED	same	texture	coplanar	+0.0000	0.024	18.49	2.00	hub display (best pull)	250.2	31.74	-504.3	HubDisplays151/BestPullDisplay/Avatar/ChampionAvatar/Hat3/Handle . Back	HubDisplays151/BestPullDisplay/Avatar/ChampionAvatar/Hat5/Handle . Back	built+built	Plastic / Plastic	the hub avatar's accessories (Roblox's own; stand-ins on the mock)
182	ALLOWED	same	texture	coplanar	+0.0000	0.021	18.49	2.00	hub display (biggest fruit)	-223.4	31.74	-529.4	HubDisplays151/BiggestFruitDisplay/Avatar/ChampionAvatar/Hat5/Handle . Back	HubDisplays151/BiggestFruitDisplay/Avatar/ChampionAvatar/Hat3/Handle . Back	built+built	Plastic / Plastic	the hub avatar's accessories (Roblox's own; stand-ins on the mock)
183	ALLOWED	same	texture	coplanar	+0.0000	0.024	18.49	1.99	hub display (best pull)	246.1	31.85	-501.6	HubDisplays151/BestPullDisplay/Avatar/ChampionAvatar/Hat6/Handle . Front	HubDisplays151/BestPullDisplay/Avatar/ChampionAvatar/Hat4/Handle . Front	built+built	Plastic / Plastic	the hub avatar's accessories (Roblox's own; stand-ins on the mock)
184	ALLOWED	same	texture	coplanar	+0.0000	0.021	18.49	1.99	hub display (biggest fruit)	-221.0	31.85	-525.2	HubDisplays151/BiggestFruitDisplay/Avatar/ChampionAvatar/Hat6/Handle . Front	HubDisplays151/BiggestFruitDisplay/Avatar/ChampionAvatar/Hat4/Handle . Front	built+built	Plastic / Plastic	the hub avatar's accessories (Roblox's own; stand-ins on the mock)
185	ALLOWED	same	texture	coplanar	+0.0000	0.025	17.34	1.98	hub display (biggest fruit)	-221.4	30.22	-525.1	HubDisplays151/BiggestFruitDisplay/Avatar/ChampionAvatar/Hat1/Handle . Front	HubDisplays151/BiggestFruitDisplay/Avatar/ChampionAvatar/Hat2/Handle . Front	built+built	Plastic / Plastic	the hub avatar's accessories (Roblox's own; stand-ins on the mock)
186	ALLOWED	same	texture	coplanar	+0.0000	0.026	18.49	1.97	hub display (best pull)	246.8	32.13	-505.0	HubDisplays151/BestPullDisplay/Avatar/ChampionAvatar/Hat5/Handle . Right	HubDisplays151/BestPullDisplay/Avatar/ChampionAvatar/Hat3/Handle . Right	built+built	Plastic / Plastic	the hub avatar's accessories (Roblox's own; stand-ins on the mock)
187	ALLOWED	same	texture	coplanar	+0.0000	0.024	18.49	1.97	hub display (best pull)	250.2	32.21	-504.1	HubDisplays151/BestPullDisplay/Avatar/ChampionAvatar/Hat4/Handle . Back	HubDisplays151/BestPullDisplay/Avatar/ChampionAvatar/Hat6/Handle . Back	built+built	Plastic / Plastic	the hub avatar's accessories (Roblox's own; stand-ins on the mock)
188	ALLOWED	same	texture	coplanar	+0.0000	0.020	18.49	1.97	hub display (biggest fruit)	-224.3	32.13	-526.1	HubDisplays151/BiggestFruitDisplay/Avatar/ChampionAvatar/Hat5/Handle . Right	HubDisplays151/BiggestFruitDisplay/Avatar/ChampionAvatar/Hat3/Handle . Right	built+built	Plastic / Plastic	the hub avatar's accessories (Roblox's own; stand-ins on the mock)
189	ALLOWED	same	texture	coplanar	+0.0000	0.021	18.49	1.97	hub display (biggest fruit)	-223.3	32.21	-529.4	HubDisplays151/BiggestFruitDisplay/Avatar/ChampionAvatar/Hat4/Handle . Back	HubDisplays151/BiggestFruitDisplay/Avatar/ChampionAvatar/Hat6/Handle . Back	built+built	Plastic / Plastic	the hub avatar's accessories (Roblox's own; stand-ins on the mock)
190	ALLOWED	same	texture	coplanar	+0.0000	0.025	17.34	1.96	hub display (biggest fruit)	-223.7	30.57	-529.4	HubDisplays151/BiggestFruitDisplay/Avatar/ChampionAvatar/Hat2/Handle . Back	HubDisplays151/BiggestFruitDisplay/Avatar/ChampionAvatar/Hat1/Handle . Back	built+built	Plastic / Plastic	the hub avatar's accessories (Roblox's own; stand-ins on the mock)
191	ALLOWED	same	texture	coplanar	+0.0000	0.032	16.80	1.95	hub display (best pull)	249.3	29.83	-501.3	HubDisplays151/BestPullDisplay/Avatar/ChampionAvatar/Hat1/Handle . Left	HubDisplays151/BestPullDisplay/Avatar/ChampionAvatar/Hat2/Handle . Left	built+built	Plastic / Plastic	the hub avatar's accessories (Roblox's own; stand-ins on the mock)
192	ALLOWED	same	texture	coplanar	+0.0000	0.026	18.49	1.94	hub display (best pull)	246.9	32.59	-504.9	HubDisplays151/BestPullDisplay/Avatar/ChampionAvatar/Hat6/Handle . Right	HubDisplays151/BestPullDisplay/Avatar/ChampionAvatar/Hat4/Handle . Right	built+built	Plastic / Plastic	the hub avatar's accessories (Roblox's own; stand-ins on the mock)
193	ALLOWED	same	texture	coplanar	+0.0000	0.020	18.49	1.94	hub display (biggest fruit)	-224.2	32.59	-526.2	HubDisplays151/BiggestFruitDisplay/Avatar/ChampionAvatar/Hat6/Handle . Right	HubDisplays151/BiggestFruitDisplay/Avatar/ChampionAvatar/Hat4/Handle . Right	built+built	Plastic / Plastic	the hub avatar's accessories (Roblox's own; stand-ins on the mock)
194	ALLOWED	same	texture	coplanar	+0.0000	0.032	16.80	1.87	hub display (best pull)	246.8	30.96	-505.2	HubDisplays151/BestPullDisplay/Avatar/ChampionAvatar/Hat2/Handle . Right	HubDisplays151/BestPullDisplay/Avatar/ChampionAvatar/Hat1/Handle . Right	built+built	Plastic / Plastic	the hub avatar's accessories (Roblox's own; stand-ins on the mock)
195	ALLOWED	same	texture	coplanar	+0.0000	0.020	16.18	1.85	hub display (best pull)	249.3	30.30	-501.2	HubDisplays151/BestPullDisplay/Avatar/ChampionAvatar/Hat1/Handle . Left	HubDisplays151/BestPullDisplay/Avatar/ChampionAvatar/Hat4/Handle . Left	built+built	Plastic / Plastic	the hub avatar's accessories (Roblox's own; stand-ins on the mock)
196	ALLOWED	same	texture	coplanar	+0.0000	0.020	16.18	1.85	hub display (biggest fruit)	-220.4	30.30	-528.4	HubDisplays151/BiggestFruitDisplay/Avatar/ChampionAvatar/Hat1/Handle . Left	HubDisplays151/BiggestFruitDisplay/Avatar/ChampionAvatar/Hat4/Handle . Left	built+built	Plastic / Plastic	the hub avatar's accessories (Roblox's own; stand-ins on the mock)
197	ALLOWED	same	texture	coplanar	+0.0000	0.020	16.18	1.82	hub display (best pull)	246.0	30.69	-501.9	HubDisplays151/BestPullDisplay/Avatar/ChampionAvatar/Hat4/Handle . Front	HubDisplays151/BestPullDisplay/Avatar/ChampionAvatar/Hat1/Handle . Front	built+built	Plastic / Plastic	the hub avatar's accessories (Roblox's own; stand-ins on the mock)
198	ALLOWED	same	texture	coplanar	+0.0000	0.020	16.18	1.82	hub display (biggest fruit)	-221.3	30.69	-525.1	HubDisplays151/BiggestFruitDisplay/Avatar/ChampionAvatar/Hat1/Handle . Front	HubDisplays151/BiggestFruitDisplay/Avatar/ChampionAvatar/Hat4/Handle . Front	built+built	Plastic / Plastic	the hub avatar's accessories (Roblox's own; stand-ins on the mock)
199	ALLOWED	same	texture	coplanar	+0.0000	0.020	16.18	1.81	hub display (best pull)	249.4	30.77	-501.1	HubDisplays151/BestPullDisplay/Avatar/ChampionAvatar/Hat2/Handle . Left	HubDisplays151/BestPullDisplay/Avatar/ChampionAvatar/Hat5/Handle . Left	built+built	Plastic / Plastic	the hub avatar's accessories (Roblox's own; stand-ins on the mock)
200	ALLOWED	same	texture	coplanar	+0.0000	0.020	16.18	1.81	hub display (biggest fruit)	-220.3	30.77	-528.4	HubDisplays151/BiggestFruitDisplay/Avatar/ChampionAvatar/Hat5/Handle . Left	HubDisplays151/BiggestFruitDisplay/Avatar/ChampionAvatar/Hat2/Handle . Left	built+built	Plastic / Plastic	the hub avatar's accessories (Roblox's own; stand-ins on the mock)
201	ALLOWED	same	texture	coplanar	+0.0000	0.020	16.18	1.80	hub display (best pull)	250.1	31.04	-504.4	HubDisplays151/BestPullDisplay/Avatar/ChampionAvatar/Hat1/Handle . Back	HubDisplays151/BestPullDisplay/Avatar/ChampionAvatar/Hat4/Handle . Back	built+built	Plastic / Plastic	the hub avatar's accessories (Roblox's own; stand-ins on the mock)
202	ALLOWED	same	texture	coplanar	+0.0000	0.020	16.18	1.80	hub display (biggest fruit)	-223.6	31.04	-529.4	HubDisplays151/BiggestFruitDisplay/Avatar/ChampionAvatar/Hat4/Handle . Back	HubDisplays151/BiggestFruitDisplay/Avatar/ChampionAvatar/Hat1/Handle . Back	built+built	Plastic / Plastic	the hub avatar's accessories (Roblox's own; stand-ins on the mock)
203	ALLOWED	same	texture	coplanar	+0.0000	0.020	16.18	1.79	hub display (best pull)	246.1	31.15	-501.8	HubDisplays151/BestPullDisplay/Avatar/ChampionAvatar/Hat5/Handle . Front	HubDisplays151/BestPullDisplay/Avatar/ChampionAvatar/Hat2/Handle . Front	built+built	Plastic / Plastic	the hub avatar's accessories (Roblox's own; stand-ins on the mock)
204	ALLOWED	same	texture	coplanar	+0.0000	0.020	16.18	1.79	hub display (biggest fruit)	-221.2	31.15	-525.2	HubDisplays151/BiggestFruitDisplay/Avatar/ChampionAvatar/Hat5/Handle . Front	HubDisplays151/BiggestFruitDisplay/Avatar/ChampionAvatar/Hat2/Handle . Front	built+built	Plastic / Plastic	the hub avatar's accessories (Roblox's own; stand-ins on the mock)
205	ALLOWED	same	texture	coplanar	+0.0000	0.020	16.18	1.78	hub display (best pull)	249.4	31.23	-501.0	HubDisplays151/BestPullDisplay/Avatar/ChampionAvatar/Hat3/Handle . Left	HubDisplays151/BestPullDisplay/Avatar/ChampionAvatar/Hat6/Handle . Left	built+built	Plastic / Plastic	the hub avatar's accessories (Roblox's own; stand-ins on the mock)
206	ALLOWED	same	texture	coplanar	+0.0000	0.020	16.18	1.78	hub display (biggest fruit)	-220.2	31.23	-528.5	HubDisplays151/BiggestFruitDisplay/Avatar/ChampionAvatar/Hat3/Handle . Left	HubDisplays151/BiggestFruitDisplay/Avatar/ChampionAvatar/Hat6/Handle . Left	built+built	Plastic / Plastic	the hub avatar's accessories (Roblox's own; stand-ins on the mock)
207	ALLOWED	same	texture	coplanar	+0.0000	0.020	16.18	1.77	hub display (best pull)	246.8	31.43	-505.1	HubDisplays151/BestPullDisplay/Avatar/ChampionAvatar/Hat4/Handle . Right	HubDisplays151/BestPullDisplay/Avatar/ChampionAvatar/Hat1/Handle . Right	built+built	Plastic / Plastic	the hub avatar's accessories (Roblox's own; stand-ins on the mock)
208	ALLOWED	same	texture	coplanar	+0.0000	0.020	16.18	1.77	hub display (biggest fruit)	-224.5	31.43	-526.1	HubDisplays151/BiggestFruitDisplay/Avatar/ChampionAvatar/Hat4/Handle . Right	HubDisplays151/BiggestFruitDisplay/Avatar/ChampionAvatar/Hat1/Handle . Right	built+built	Plastic / Plastic	the hub avatar's accessories (Roblox's own; stand-ins on the mock)
209	ALLOWED	same	texture	coplanar	+0.0000	0.020	16.18	1.76	hub display (best pull)	250.1	31.51	-504.3	HubDisplays151/BestPullDisplay/Avatar/ChampionAvatar/Hat2/Handle . Back	HubDisplays151/BestPullDisplay/Avatar/ChampionAvatar/Hat5/Handle . Back	built+built	Plastic / Plastic	the hub avatar's accessories (Roblox's own; stand-ins on the mock)
210	ALLOWED	same	texture	coplanar	+0.0000	0.020	16.18	1.76	hub display (best pull)	246.1	31.62	-501.7	HubDisplays151/BestPullDisplay/Avatar/ChampionAvatar/Hat6/Handle . Front	HubDisplays151/BestPullDisplay/Avatar/ChampionAvatar/Hat3/Handle . Front	built+built	Plastic / Plastic	the hub avatar's accessories (Roblox's own; stand-ins on the mock)
211	ALLOWED	same	texture	coplanar	+0.0000	0.020	16.18	1.76	hub display (biggest fruit)	-223.5	31.51	-529.4	HubDisplays151/BiggestFruitDisplay/Avatar/ChampionAvatar/Hat2/Handle . Back	HubDisplays151/BiggestFruitDisplay/Avatar/ChampionAvatar/Hat5/Handle . Back	built+built	Plastic / Plastic	the hub avatar's accessories (Roblox's own; stand-ins on the mock)
212	ALLOWED	same	texture	coplanar	+0.0000	0.020	16.18	1.76	hub display (biggest fruit)	-221.1	31.62	-525.2	HubDisplays151/BiggestFruitDisplay/Avatar/ChampionAvatar/Hat6/Handle . Front	HubDisplays151/BiggestFruitDisplay/Avatar/ChampionAvatar/Hat3/Handle . Front	built+built	Plastic / Plastic	the hub avatar's accessories (Roblox's own; stand-ins on the mock)
213	ALLOWED	same	texture	coplanar	+0.0000	0.020	16.18	1.74	hub display (best pull)	246.8	31.89	-505.0	HubDisplays151/BestPullDisplay/Avatar/ChampionAvatar/Hat5/Handle . Right	HubDisplays151/BestPullDisplay/Avatar/ChampionAvatar/Hat2/Handle . Right	built+built	Plastic / Plastic	the hub avatar's accessories (Roblox's own; stand-ins on the mock)
214	ALLOWED	same	texture	coplanar	+0.0000	0.020	16.18	1.74	hub display (best pull)	250.2	31.97	-504.2	HubDisplays151/BestPullDisplay/Avatar/ChampionAvatar/Hat3/Handle . Back	HubDisplays151/BestPullDisplay/Avatar/ChampionAvatar/Hat6/Handle . Back	built+built	Plastic / Plastic	the hub avatar's accessories (Roblox's own; stand-ins on the mock)
215	ALLOWED	same	texture	coplanar	+0.0000	0.020	16.18	1.74	hub display (biggest fruit)	-224.4	31.89	-526.1	HubDisplays151/BiggestFruitDisplay/Avatar/ChampionAvatar/Hat2/Handle . Right	HubDisplays151/BiggestFruitDisplay/Avatar/ChampionAvatar/Hat5/Handle . Right	built+built	Plastic / Plastic	the hub avatar's accessories (Roblox's own; stand-ins on the mock)
216	ALLOWED	same	texture	coplanar	+0.0000	0.020	16.18	1.74	hub display (biggest fruit)	-223.4	31.97	-529.4	HubDisplays151/BiggestFruitDisplay/Avatar/ChampionAvatar/Hat3/Handle . Back	HubDisplays151/BiggestFruitDisplay/Avatar/ChampionAvatar/Hat6/Handle . Back	built+built	Plastic / Plastic	the hub avatar's accessories (Roblox's own; stand-ins on the mock)
217	ALLOWED	same	texture	coplanar	+0.0000	0.020	16.18	1.71	hub display (best pull)	246.9	32.36	-504.9	HubDisplays151/BestPullDisplay/Avatar/ChampionAvatar/Hat6/Handle . Right	HubDisplays151/BestPullDisplay/Avatar/ChampionAvatar/Hat3/Handle . Right	built+built	Plastic / Plastic	the hub avatar's accessories (Roblox's own; stand-ins on the mock)
218	ALLOWED	same	texture	coplanar	+0.0000	0.020	16.18	1.71	hub display (biggest fruit)	-224.3	32.36	-526.2	HubDisplays151/BiggestFruitDisplay/Avatar/ChampionAvatar/Hat6/Handle . Right	HubDisplays151/BiggestFruitDisplay/Avatar/ChampionAvatar/Hat3/Handle . Right	built+built	Plastic / Plastic	the hub avatar's accessories (Roblox's own; stand-ins on the mock)
219	ALLOWED	same	texture	coplanar	+0.0000	0.020	13.87	1.57	hub display (best pull)	249.3	30.53	-501.1	HubDisplays151/BestPullDisplay/Avatar/ChampionAvatar/Hat1/Handle . Left	HubDisplays151/BestPullDisplay/Avatar/ChampionAvatar/Hat5/Handle . Left	built+built	Plastic / Plastic	the hub avatar's accessories (Roblox's own; stand-ins on the mock)
220	ALLOWED	same	texture	coplanar	+0.0000	0.020	13.87	1.57	hub display (biggest fruit)	-220.4	30.53	-528.4	HubDisplays151/BiggestFruitDisplay/Avatar/ChampionAvatar/Hat1/Handle . Left	HubDisplays151/BiggestFruitDisplay/Avatar/ChampionAvatar/Hat5/Handle . Left	built+built	Plastic / Plastic	the hub avatar's accessories (Roblox's own; stand-ins on the mock)
221	ALLOWED	same	texture	coplanar	+0.0000	0.020	13.87	1.55	hub display (best pull)	246.1	30.92	-501.9	HubDisplays151/BestPullDisplay/Avatar/ChampionAvatar/Hat5/Handle . Front	HubDisplays151/BestPullDisplay/Avatar/ChampionAvatar/Hat1/Handle . Front	built+built	Plastic / Plastic	the hub avatar's accessories (Roblox's own; stand-ins on the mock)
222	ALLOWED	same	texture	coplanar	+0.0000	0.020	13.87	1.55	hub display (biggest fruit)	-221.3	30.92	-525.2	HubDisplays151/BiggestFruitDisplay/Avatar/ChampionAvatar/Hat1/Handle . Front	HubDisplays151/BiggestFruitDisplay/Avatar/ChampionAvatar/Hat5/Handle . Front	built+built	Plastic / Plastic	the hub avatar's accessories (Roblox's own; stand-ins on the mock)
223	ALLOWED	same	texture	coplanar	+0.0000	0.020	13.87	1.54	hub display (best pull)	249.4	31.00	-501.0	HubDisplays151/BestPullDisplay/Avatar/ChampionAvatar/Hat2/Handle . Left	HubDisplays151/BestPullDisplay/Avatar/ChampionAvatar/Hat6/Handle . Left	built+built	Plastic / Plastic	the hub avatar's accessories (Roblox's own; stand-ins on the mock)
224	ALLOWED	same	texture	coplanar	+0.0000	0.020	13.87	1.54	hub display (biggest fruit)	-220.2	31.00	-528.4	HubDisplays151/BiggestFruitDisplay/Avatar/ChampionAvatar/Hat2/Handle . Left	HubDisplays151/BiggestFruitDisplay/Avatar/ChampionAvatar/Hat6/Handle . Left	built+built	Plastic / Plastic	the hub avatar's accessories (Roblox's own; stand-ins on the mock)
225	ALLOWED	same	texture	coplanar	+0.0000	0.020	13.87	1.53	hub display (best pull)	250.1	31.27	-504.4	HubDisplays151/BestPullDisplay/Avatar/ChampionAvatar/Hat1/Handle . Back	HubDisplays151/BestPullDisplay/Avatar/ChampionAvatar/Hat5/Handle . Back	built+built	Plastic / Plastic	the hub avatar's accessories (Roblox's own; stand-ins on the mock)
226	ALLOWED	same	texture	coplanar	+0.0000	0.020	13.87	1.53	hub display (biggest fruit)	-223.5	31.27	-529.4	HubDisplays151/BiggestFruitDisplay/Avatar/ChampionAvatar/Hat5/Handle . Back	HubDisplays151/BiggestFruitDisplay/Avatar/ChampionAvatar/Hat1/Handle . Back	built+built	Plastic / Plastic	the hub avatar's accessories (Roblox's own; stand-ins on the mock)
227	ALLOWED	same	texture	coplanar	+0.0000	0.020	13.87	1.52	hub display (best pull)	246.1	31.39	-501.7	HubDisplays151/BestPullDisplay/Avatar/ChampionAvatar/Hat6/Handle . Front	HubDisplays151/BestPullDisplay/Avatar/ChampionAvatar/Hat2/Handle . Front	built+built	Plastic / Plastic	the hub avatar's accessories (Roblox's own; stand-ins on the mock)
228	ALLOWED	same	texture	coplanar	+0.0000	0.020	13.87	1.52	hub display (biggest fruit)	-221.2	31.39	-525.2	HubDisplays151/BiggestFruitDisplay/Avatar/ChampionAvatar/Hat6/Handle . Front	HubDisplays151/BiggestFruitDisplay/Avatar/ChampionAvatar/Hat2/Handle . Front	built+built	Plastic / Plastic	the hub avatar's accessories (Roblox's own; stand-ins on the mock)
229	ALLOWED	same	texture	coplanar	+0.0000	0.020	13.87	1.50	hub display (best pull)	246.8	31.66	-505.1	HubDisplays151/BestPullDisplay/Avatar/ChampionAvatar/Hat5/Handle . Right	HubDisplays151/BestPullDisplay/Avatar/ChampionAvatar/Hat1/Handle . Right	built+built	Plastic / Plastic	the hub avatar's accessories (Roblox's own; stand-ins on the mock)
230	ALLOWED	same	texture	coplanar	+0.0000	0.020	13.87	1.50	hub display (best pull)	250.2	31.74	-504.3	HubDisplays151/BestPullDisplay/Avatar/ChampionAvatar/Hat2/Handle . Back	HubDisplays151/BestPullDisplay/Avatar/ChampionAvatar/Hat6/Handle . Back	built+built	Plastic / Plastic	the hub avatar's accessories (Roblox's own; stand-ins on the mock)
231	ALLOWED	same	texture	coplanar	+0.0000	0.020	13.87	1.50	hub display (biggest fruit)	-224.4	31.66	-526.1	HubDisplays151/BiggestFruitDisplay/Avatar/ChampionAvatar/Hat5/Handle . Right	HubDisplays151/BiggestFruitDisplay/Avatar/ChampionAvatar/Hat1/Handle . Right	built+built	Plastic / Plastic	the hub avatar's accessories (Roblox's own; stand-ins on the mock)
232	ALLOWED	same	texture	coplanar	+0.0000	0.020	13.87	1.50	hub display (biggest fruit)	-223.4	31.74	-529.4	HubDisplays151/BiggestFruitDisplay/Avatar/ChampionAvatar/Hat2/Handle . Back	HubDisplays151/BiggestFruitDisplay/Avatar/ChampionAvatar/Hat6/Handle . Back	built+built	Plastic / Plastic	the hub avatar's accessories (Roblox's own; stand-ins on the mock)
233	ALLOWED	same	texture	coplanar	+0.0000	0.020	13.87	1.48	hub display (best pull)	246.8	32.13	-505.0	HubDisplays151/BestPullDisplay/Avatar/ChampionAvatar/Hat6/Handle . Right	HubDisplays151/BestPullDisplay/Avatar/ChampionAvatar/Hat2/Handle . Right	built+built	Plastic / Plastic	the hub avatar's accessories (Roblox's own; stand-ins on the mock)
234	ALLOWED	same	texture	coplanar	+0.0000	0.020	13.87	1.48	hub display (biggest fruit)	-224.3	32.13	-526.1	HubDisplays151/BiggestFruitDisplay/Avatar/ChampionAvatar/Hat6/Handle . Right	HubDisplays151/BiggestFruitDisplay/Avatar/ChampionAvatar/Hat2/Handle . Right	built+built	Plastic / Plastic	the hub avatar's accessories (Roblox's own; stand-ins on the mock)
235	ALLOWED	same	texture	coplanar	+0.0000	0.020	11.56	1.30	hub display (best pull)	249.4	30.77	-501.1	HubDisplays151/BestPullDisplay/Avatar/ChampionAvatar/Hat1/Handle . Left	HubDisplays151/BestPullDisplay/Avatar/ChampionAvatar/Hat6/Handle . Left	built+built	Plastic / Plastic	the hub avatar's accessories (Roblox's own; stand-ins on the mock)
236	ALLOWED	same	texture	coplanar	+0.0000	0.020	11.56	1.30	hub display (biggest fruit)	-220.3	30.77	-528.4	HubDisplays151/BiggestFruitDisplay/Avatar/ChampionAvatar/Hat1/Handle . Left	HubDisplays151/BiggestFruitDisplay/Avatar/ChampionAvatar/Hat6/Handle . Left	built+built	Plastic / Plastic	the hub avatar's accessories (Roblox's own; stand-ins on the mock)
237	ALLOWED	same	texture	coplanar	+0.0000	0.020	11.56	1.28	hub display (best pull)	246.1	31.15	-501.8	HubDisplays151/BestPullDisplay/Avatar/ChampionAvatar/Hat6/Handle . Front	HubDisplays151/BestPullDisplay/Avatar/ChampionAvatar/Hat1/Handle . Front	built+built	Plastic / Plastic	the hub avatar's accessories (Roblox's own; stand-ins on the mock)
238	ALLOWED	same	texture	coplanar	+0.0000	0.020	11.56	1.28	hub display (biggest fruit)	-221.2	31.15	-525.2	HubDisplays151/BiggestFruitDisplay/Avatar/ChampionAvatar/Hat6/Handle . Front	HubDisplays151/BiggestFruitDisplay/Avatar/ChampionAvatar/Hat1/Handle . Front	built+built	Plastic / Plastic	the hub avatar's accessories (Roblox's own; stand-ins on the mock)
239	ALLOWED	same	texture	coplanar	+0.0000	0.020	11.56	1.26	hub display (best pull)	250.1	31.51	-504.3	HubDisplays151/BestPullDisplay/Avatar/ChampionAvatar/Hat1/Handle . Back	HubDisplays151/BestPullDisplay/Avatar/ChampionAvatar/Hat6/Handle . Back	built+built	Plastic / Plastic	the hub avatar's accessories (Roblox's own; stand-ins on the mock)
240	ALLOWED	same	texture	coplanar	+0.0000	0.020	11.56	1.26	hub display (biggest fruit)	-223.5	31.51	-529.4	HubDisplays151/BiggestFruitDisplay/Avatar/ChampionAvatar/Hat1/Handle . Back	HubDisplays151/BiggestFruitDisplay/Avatar/ChampionAvatar/Hat6/Handle . Back	built+built	Plastic / Plastic	the hub avatar's accessories (Roblox's own; stand-ins on the mock)
241	ALLOWED	same	texture	coplanar	+0.0000	0.020	11.56	1.24	hub display (best pull)	246.8	31.89	-505.0	HubDisplays151/BestPullDisplay/Avatar/ChampionAvatar/Hat6/Handle . Right	HubDisplays151/BestPullDisplay/Avatar/ChampionAvatar/Hat1/Handle . Right	built+built	Plastic / Plastic	the hub avatar's accessories (Roblox's own; stand-ins on the mock)
242	ALLOWED	same	texture	coplanar	+0.0000	0.020	11.56	1.24	hub display (biggest fruit)	-224.4	31.89	-526.1	HubDisplays151/BiggestFruitDisplay/Avatar/ChampionAvatar/Hat6/Handle . Right	HubDisplays151/BiggestFruitDisplay/Avatar/ChampionAvatar/Hat1/Handle . Right	built+built	Plastic / Plastic	the hub avatar's accessories (Roblox's own; stand-ins on the mock)
243	ALLOWED	same	look	coplanar	+0.0000	0.020	2.31	0.90	hub display (best pull)	244.6	13.86	-509.9	HubDisplays151/BestPullDisplay/Avatar/ChampionAvatar/RightUpperLeg . Right	HubDisplays151/BestPullDisplay/Avatar/ChampionAvatar/LowerTorso . Right	built+built	Plastic / Plastic	Roblox's own R15 avatar rig on the hub displays (a mock here; its limbs share a skin)
244	ALLOWED	same	look	coplanar	+0.0000	0.020	2.31	0.90	hub display (best pull)	249.3	13.86	-501.5	HubDisplays151/BestPullDisplay/Avatar/ChampionAvatar/LeftUpperLeg . Left	HubDisplays151/BestPullDisplay/Avatar/ChampionAvatar/LowerTorso . Left	built+built	Plastic / Plastic	Roblox's own R15 avatar rig on the hub displays (a mock here; its limbs share a skin)
245	ALLOWED	same	look	coplanar	+0.0000	0.020	2.31	0.90	hub display (best pull)	247.8	13.86	-509.0	HubDisplays151/BestPullDisplay/Avatar/ChampionAvatar/LowerTorso . Back	HubDisplays151/BestPullDisplay/Avatar/ChampionAvatar/RightUpperLeg . Back	built+built	Plastic / Plastic	Roblox's own R15 avatar rig on the hub displays (a mock here; its limbs share a skin)
246	ALLOWED	same	look	coplanar	+0.0000	0.020	2.31	0.90	hub display (best pull)	250.2	13.86	-504.8	HubDisplays151/BestPullDisplay/Avatar/ChampionAvatar/LowerTorso . Back	HubDisplays151/BestPullDisplay/Avatar/ChampionAvatar/LeftUpperLeg . Back	built+built	Plastic / Plastic	Roblox's own R15 avatar rig on the hub displays (a mock here; its limbs share a skin)
247	ALLOWED	same	look	coplanar	+0.0000	0.020	2.31	0.90	hub display (best pull)	246.0	13.86	-502.4	HubDisplays151/BestPullDisplay/Avatar/ChampionAvatar/LeftUpperLeg . Front	HubDisplays151/BestPullDisplay/Avatar/ChampionAvatar/LowerTorso . Front	built+built	Plastic / Plastic	Roblox's own R15 avatar rig on the hub displays (a mock here; its limbs share a skin)
248	ALLOWED	same	look	coplanar	+0.0000	0.020	2.31	0.90	hub display (best pull)	243.7	13.86	-506.6	HubDisplays151/BestPullDisplay/Avatar/ChampionAvatar/RightUpperLeg . Front	HubDisplays151/BestPullDisplay/Avatar/ChampionAvatar/LowerTorso . Front	built+built	Plastic / Plastic	Roblox's own R15 avatar rig on the hub displays (a mock here; its limbs share a skin)
249	ALLOWED	same	look	coplanar	+0.0000	0.020	2.31	0.90	hub display (biggest fruit)	-229.4	13.86	-524.2	HubDisplays151/BiggestFruitDisplay/Avatar/ChampionAvatar/LowerTorso . Right	HubDisplays151/BiggestFruitDisplay/Avatar/ChampionAvatar/RightUpperLeg . Right	built+built	Plastic / Plastic	Roblox's own R15 avatar rig on the hub displays (a mock here; its limbs share a skin)
250	ALLOWED	same	look	coplanar	+0.0000	0.020	2.31	0.90	hub display (biggest fruit)	-220.8	13.86	-528.4	HubDisplays151/BiggestFruitDisplay/Avatar/ChampionAvatar/LowerTorso . Left	HubDisplays151/BiggestFruitDisplay/Avatar/ChampionAvatar/LeftUpperLeg . Left	built+built	Plastic / Plastic	Roblox's own R15 avatar rig on the hub displays (a mock here; its limbs share a skin)
251	ALLOWED	same	look	coplanar	+0.0000	0.020	2.31	0.90	hub display (biggest fruit)	-224.0	13.86	-529.5	HubDisplays151/BiggestFruitDisplay/Avatar/ChampionAvatar/LeftUpperLeg . Back	HubDisplays151/BiggestFruitDisplay/Avatar/ChampionAvatar/LowerTorso . Back	built+built	Plastic / Plastic	Roblox's own R15 avatar rig on the hub displays (a mock here; its limbs share a skin)
252	ALLOWED	same	look	coplanar	+0.0000	0.020	2.31	0.90	hub display (biggest fruit)	-228.3	13.86	-527.4	HubDisplays151/BiggestFruitDisplay/Avatar/ChampionAvatar/LowerTorso . Back	HubDisplays151/BiggestFruitDisplay/Avatar/ChampionAvatar/RightUpperLeg . Back	built+built	Plastic / Plastic	Roblox's own R15 avatar rig on the hub displays (a mock here; its limbs share a skin)
253	ALLOWED	same	look	coplanar	+0.0000	0.020	2.31	0.90	hub display (biggest fruit)	-226.2	13.86	-523.1	HubDisplays151/BiggestFruitDisplay/Avatar/ChampionAvatar/RightUpperLeg . Front	HubDisplays151/BiggestFruitDisplay/Avatar/ChampionAvatar/LowerTorso . Front	built+built	Plastic / Plastic	Roblox's own R15 avatar rig on the hub displays (a mock here; its limbs share a skin)
254	ALLOWED	same	look	coplanar	+0.0000	0.020	2.31	0.90	hub display (biggest fruit)	-221.9	13.86	-525.2	HubDisplays151/BiggestFruitDisplay/Avatar/ChampionAvatar/LowerTorso . Front	HubDisplays151/BiggestFruitDisplay/Avatar/ChampionAvatar/LeftUpperLeg . Front	built+built	Plastic / Plastic	Roblox's own R15 avatar rig on the hub displays (a mock here; its limbs share a skin)
255	ALLOWED	same	texture	coplanar	+0.0000	0.020	3.71	0.79	hub display (best pull)	256.2	27.61	-499.7	HubDisplays151/BestPullDisplay/Avatar/ChampionAvatar/LeftUpperArm . Left	HubDisplays151/BestPullDisplay/Avatar/ChampionAvatar/LeftLowerArm . Left	built+built	Plastic / Plastic	Roblox's own R15 avatar rig on the hub displays (a mock here; its limbs share a skin)
256	ALLOWED	same	texture	coplanar	+0.0000	0.020	3.71	0.79	hub display (biggest fruit)	-218.5	27.61	-535.1	HubDisplays151/BiggestFruitDisplay/Avatar/ChampionAvatar/LeftLowerArm . Left	HubDisplays151/BiggestFruitDisplay/Avatar/ChampionAvatar/LeftUpperArm . Left	built+built	Plastic / Plastic	Roblox's own R15 avatar rig on the hub displays (a mock here; its limbs share a skin)
257	ALLOWED	same	texture	coplanar	+0.0000	0.020	2.84	0.34	hub display (best pull)	240.7	29.24	-513.6	HubDisplays151/BestPullDisplay/Avatar/ChampionAvatar/RightUpperArm . Left	HubDisplays151/BestPullDisplay/Avatar/ChampionAvatar/RightLowerArm . Left	built+built	Plastic / Plastic	Roblox's own R15 avatar rig on the hub displays (a mock here; its limbs share a skin)
258	ALLOWED	same	texture	coplanar	+0.0000	0.020	2.84	0.34	hub display (biggest fruit)	-233.3	29.24	-520.5	HubDisplays151/BiggestFruitDisplay/Avatar/ChampionAvatar/RightUpperArm . Left	HubDisplays151/BiggestFruitDisplay/Avatar/ChampionAvatar/RightLowerArm . Left	built+built	Plastic / Plastic	Roblox's own R15 avatar rig on the hub displays (a mock here; its limbs share a skin)
259	ALLOWED	same	texture	coplanar	+0.0000	0.020	2.84	0.32	hub display (best pull)	243.6	30.74	-510.1	HubDisplays151/BestPullDisplay/Avatar/ChampionAvatar/RightLowerArm . Right	HubDisplays151/BestPullDisplay/Avatar/ChampionAvatar/RightUpperArm . Right	built+built	Plastic / Plastic	Roblox's own R15 avatar rig on the hub displays (a mock here; its limbs share a skin)
260	ALLOWED	same	texture	coplanar	+0.0000	0.020	2.84	0.32	hub display (biggest fruit)	-229.6	30.74	-523.2	HubDisplays151/BiggestFruitDisplay/Avatar/ChampionAvatar/RightLowerArm . Right	HubDisplays151/BiggestFruitDisplay/Avatar/ChampionAvatar/RightUpperArm . Right	built+built	Plastic / Plastic	Roblox's own R15 avatar rig on the hub displays (a mock here; its limbs share a skin)
261	ALLOWED	same	texture	coplanar	+0.0000	0.020	3.71	0.28	hub display (best pull)	257.6	23.74	-497.2	HubDisplays151/BestPullDisplay/Avatar/ChampionAvatar/LeftLowerArm . Right	HubDisplays151/BestPullDisplay/Avatar/ChampionAvatar/LeftUpperArm . Right	built+built	Plastic / Plastic	Roblox's own R15 avatar rig on the hub displays (a mock here; its limbs share a skin)
262	ALLOWED	same	texture	coplanar	+0.0000	0.020	3.71	0.28	hub display (biggest fruit)	-215.9	23.74	-536.4	HubDisplays151/BiggestFruitDisplay/Avatar/ChampionAvatar/LeftUpperArm . Right	HubDisplays151/BiggestFruitDisplay/Avatar/ChampionAvatar/LeftLowerArm . Right	built+built	Plastic / Plastic	Roblox's own R15 avatar rig on the hub displays (a mock here; its limbs share a skin)
263	ALLOWED	same	texture	coplanar	+0.0000	0.020	1.16	0.23	hub display (best pull)	260.4	29.44	-499.2	HubDisplays151/BestPullDisplay/Avatar/ChampionAvatar/LeftLowerArm . Left	HubDisplays151/BestPullDisplay/Avatar/ChampionAvatar/LeftHand . Left	built+built	Plastic / Plastic	Roblox's own R15 avatar rig on the hub displays (a mock here; its limbs share a skin)
264	ALLOWED	same	texture	coplanar	+0.0000	0.020	1.16	0.23	hub display (biggest fruit)	-217.8	29.44	-539.3	HubDisplays151/BiggestFruitDisplay/Avatar/ChampionAvatar/LeftLowerArm . Left	HubDisplays151/BiggestFruitDisplay/Avatar/ChampionAvatar/LeftHand . Left	built+built	Plastic / Plastic	Roblox's own R15 avatar rig on the hub displays (a mock here; its limbs share a skin)
265	ALLOWED	same	texture	coplanar	+0.0000	0.020	1.16	0.16	hub display (best pull)	261.1	26.21	-500.0	HubDisplays151/BestPullDisplay/Avatar/ChampionAvatar/LeftHand . Back	HubDisplays151/BestPullDisplay/Avatar/ChampionAvatar/LeftLowerArm . Back	built+built	Plastic / Plastic	Roblox's own R15 avatar rig on the hub displays (a mock here; its limbs share a skin)
266	ALLOWED	same	texture	coplanar	+0.0000	0.020	1.16	0.16	hub display (biggest fruit)	-218.5	26.21	-540.0	HubDisplays151/BiggestFruitDisplay/Avatar/ChampionAvatar/LeftLowerArm . Back	HubDisplays151/BiggestFruitDisplay/Avatar/ChampionAvatar/LeftHand . Back	built+built	Plastic / Plastic	Roblox's own R15 avatar rig on the hub displays (a mock here; its limbs share a skin)
267	ALLOWED	same	texture	coplanar	+0.0000	0.020	1.16	0.14	hub display (best pull)	261.1	28.80	-495.9	HubDisplays151/BestPullDisplay/Avatar/ChampionAvatar/LeftLowerArm . Front	HubDisplays151/BestPullDisplay/Avatar/ChampionAvatar/LeftHand . Front	built+built	Plastic / Plastic	Roblox's own R15 avatar rig on the hub displays (a mock here; its limbs share a skin)
268	ALLOWED	same	texture	coplanar	+0.0000	0.020	1.16	0.14	hub display (biggest fruit)	-214.4	28.80	-539.8	HubDisplays151/BiggestFruitDisplay/Avatar/ChampionAvatar/LeftHand . Front	HubDisplays151/BiggestFruitDisplay/Avatar/ChampionAvatar/LeftLowerArm . Front	built+built	Plastic / Plastic	Roblox's own R15 avatar rig on the hub displays (a mock here; its limbs share a skin)
269	ALLOWED	same	texture	coplanar	+0.0000	0.020	1.16	0.12	hub display (best pull)	239.9	33.83	-514.9	HubDisplays151/BestPullDisplay/Avatar/ChampionAvatar/RightHand . Left	HubDisplays151/BestPullDisplay/Avatar/ChampionAvatar/RightLowerArm . Left	built+built	Plastic / Plastic	Roblox's own R15 avatar rig on the hub displays (a mock here; its limbs share a skin)
270	ALLOWED	same	texture	coplanar	+0.0000	0.020	1.16	0.12	hub display (best pull)	243.3	33.81	-514.4	HubDisplays151/BestPullDisplay/Avatar/ChampionAvatar/RightLowerArm . Back	HubDisplays151/BestPullDisplay/Avatar/ChampionAvatar/RightHand . Back	built+built	Plastic / Plastic	Roblox's own R15 avatar rig on the hub displays (a mock here; its limbs share a skin)
271	ALLOWED	same	texture	coplanar	+0.0000	0.020	1.16	0.12	hub display (biggest fruit)	-234.6	33.83	-519.8	HubDisplays151/BiggestFruitDisplay/Avatar/ChampionAvatar/RightLowerArm . Left	HubDisplays151/BiggestFruitDisplay/Avatar/ChampionAvatar/RightHand . Left	built+built	Plastic / Plastic	Roblox's own R15 avatar rig on the hub displays (a mock here; its limbs share a skin)
272	ALLOWED	same	texture	coplanar	+0.0000	0.020	1.16	0.12	hub display (biggest fruit)	-233.9	33.81	-523.1	HubDisplays151/BiggestFruitDisplay/Avatar/ChampionAvatar/RightLowerArm . Back	HubDisplays151/BiggestFruitDisplay/Avatar/ChampionAvatar/RightHand . Back	built+built	Plastic / Plastic	Roblox's own R15 avatar rig on the hub displays (a mock here; its limbs share a skin)
273	ALLOWED	same	texture	coplanar	+0.0000	0.020	1.16	0.11	hub display (best pull)	242.8	35.33	-511.4	HubDisplays151/BestPullDisplay/Avatar/ChampionAvatar/RightLowerArm . Right	HubDisplays151/BestPullDisplay/Avatar/ChampionAvatar/RightHand . Right	built+built	Plastic / Plastic	Roblox's own R15 avatar rig on the hub displays (a mock here; its limbs share a skin)
274	ALLOWED	same	texture	coplanar	+0.0000	0.020	1.16	0.11	hub display (best pull)	239.5	35.35	-511.9	HubDisplays151/BestPullDisplay/Avatar/ChampionAvatar/RightHand . Front	HubDisplays151/BestPullDisplay/Avatar/ChampionAvatar/RightLowerArm . Front	built+built	Plastic / Plastic	Roblox's own R15 avatar rig on the hub displays (a mock here; its limbs share a skin)
275	ALLOWED	same	texture	coplanar	+0.0000	0.020	1.16	0.11	hub display (biggest fruit)	-231.0	35.33	-522.5	HubDisplays151/BiggestFruitDisplay/Avatar/ChampionAvatar/RightHand . Right	HubDisplays151/BiggestFruitDisplay/Avatar/ChampionAvatar/RightLowerArm . Right	built+built	Plastic / Plastic	Roblox's own R15 avatar rig on the hub displays (a mock here; its limbs share a skin)
276	ALLOWED	same	texture	coplanar	+0.0000	0.020	1.16	0.11	hub display (biggest fruit)	-231.7	35.35	-519.2	HubDisplays151/BiggestFruitDisplay/Avatar/ChampionAvatar/RightHand . Front	HubDisplays151/BiggestFruitDisplay/Avatar/ChampionAvatar/RightLowerArm . Front	built+built	Plastic / Plastic	Roblox's own R15 avatar rig on the hub displays (a mock here; its limbs share a skin)
277	ALLOWED	same	texture	coplanar	+0.0000	0.020	1.16	0.08	hub display (best pull)	261.8	25.57	-496.7	HubDisplays151/BestPullDisplay/Avatar/ChampionAvatar/LeftHand . Right	HubDisplays151/BestPullDisplay/Avatar/ChampionAvatar/LeftLowerArm . Right	built+built	Plastic / Plastic	Roblox's own R15 avatar rig on the hub displays (a mock here; its limbs share a skin)
278	ALLOWED	same	texture	coplanar	+0.0000	0.020	1.16	0.08	hub display (biggest fruit)	-215.2	25.57	-540.5	HubDisplays151/BiggestFruitDisplay/Avatar/ChampionAvatar/LeftHand . Right	HubDisplays151/BiggestFruitDisplay/Avatar/ChampionAvatar/LeftLowerArm . Right	built+built	Plastic / Plastic	Roblox's own R15 avatar rig on the hub displays (a mock here; its limbs share a skin)
279	ALLOWED	same	look	coplanar	+0.0000	0.020	0.11	0.03	market	21.7	7.42	-289.5	EconomyHub/MerchantStands/MarketShowcase/Market fruit/Harvest_1/Harvest form . Top	EconomyHub/MerchantStands/MarketShowcase/Market fruit/Harvest_1/Harvest form . Top	built+built	SmoothPlastic / SmoothPlastic	the market showcase's approved plant art (PlantArt*: same-size crystals, colours 8 - 9 / 255 apart, 0.11 stud2 each)
280	ALLOWED	same	look	coplanar	+0.0000	0.020	0.11	0.03	market	23.2	7.42	-289.6	EconomyHub/MerchantStands/MarketShowcase/Market fruit/Harvest_1/Harvest form . Top	EconomyHub/MerchantStands/MarketShowcase/Market fruit/Harvest_1/Harvest form . Top	built+built	SmoothPlastic / SmoothPlastic	the market showcase's approved plant art (PlantArt*: same-size crystals, colours 8 - 9 / 255 apart, 0.11 stud2 each)
281	ALLOWED	same	look	coplanar	+0.0000	0.020	0.11	0.03	market	24.7	7.42	-289.5	EconomyHub/MerchantStands/MarketShowcase/Market fruit/Harvest_1/Harvest form . Top	EconomyHub/MerchantStands/MarketShowcase/Market fruit/Harvest_1/Harvest form . Top	built+built	SmoothPlastic / SmoothPlastic	the market showcase's approved plant art (PlantArt*: same-size crystals, colours 8 - 9 / 255 apart, 0.11 stud2 each)
282	ALLOWED	same	look	coplanar	+0.0000	0.020	0.11	0.03	market	21.7	7.83	-289.6	EconomyHub/MerchantStands/MarketShowcase/Market fruit/Harvest_1/Harvest form . Top	EconomyHub/MerchantStands/MarketShowcase/Market fruit/Harvest_1/Harvest form . Top	built+built	SmoothPlastic / SmoothPlastic	the market showcase's approved plant art (PlantArt*: same-size crystals, colours 8 - 9 / 255 apart, 0.11 stud2 each)
283	ALLOWED	same	look	coplanar	+0.0000	0.020	0.11	0.03	market	23.1	7.83	-289.6	EconomyHub/MerchantStands/MarketShowcase/Market fruit/Harvest_1/Harvest form . Top	EconomyHub/MerchantStands/MarketShowcase/Market fruit/Harvest_1/Harvest form . Top	built+built	SmoothPlastic / SmoothPlastic	the market showcase's approved plant art (PlantArt*: same-size crystals, colours 8 - 9 / 255 apart, 0.11 stud2 each)
284	ALLOWED	same	look	coplanar	+0.0000	0.020	0.11	0.03	market	24.6	7.83	-289.4	EconomyHub/MerchantStands/MarketShowcase/Market fruit/Harvest_1/Harvest form . Top	EconomyHub/MerchantStands/MarketShowcase/Market fruit/Harvest_1/Harvest form . Top	built+built	SmoothPlastic / SmoothPlastic	the market showcase's approved plant art (PlantArt*: same-size crystals, colours 8 - 9 / 255 apart, 0.11 stud2 each)
285	ALLOWED	same	look	coplanar	+0.0000	0.020	0.10	0.02	market	21.5	8.23	-289.6	EconomyHub/MerchantStands/MarketShowcase/Market fruit/Harvest_1/Harvest form . Top	EconomyHub/MerchantStands/MarketShowcase/Market fruit/Harvest_1/Harvest form . Top	built+built	SmoothPlastic / SmoothPlastic	the market showcase's approved plant art (PlantArt*: same-size crystals, colours 8 - 9 / 255 apart, 0.11 stud2 each)
286	ALLOWED	same	look	coplanar	+0.0000	0.020	0.10	0.02	market	23.0	8.23	-289.5	EconomyHub/MerchantStands/MarketShowcase/Market fruit/Harvest_1/Harvest form . Top	EconomyHub/MerchantStands/MarketShowcase/Market fruit/Harvest_1/Harvest form . Top	built+built	SmoothPlastic / SmoothPlastic	the market showcase's approved plant art (PlantArt*: same-size crystals, colours 8 - 9 / 255 apart, 0.11 stud2 each)
287	ALLOWED	same	look	coplanar	+0.0000	0.020	0.10	0.02	market	24.8	8.23	-289.3	EconomyHub/MerchantStands/MarketShowcase/Market fruit/Harvest_1/Harvest form . Top	EconomyHub/MerchantStands/MarketShowcase/Market fruit/Harvest_1/Harvest form . Top	built+built	SmoothPlastic / SmoothPlastic	the market showcase's approved plant art (PlantArt*: same-size crystals, colours 8 - 9 / 255 apart, 0.11 stud2 each)
288	ALLOWED	same	look	coplanar	+0.0000	0.020	0.09	0.02	market	21.6	7.42	-289.4	EconomyHub/MerchantStands/MarketShowcase/Market fruit/Harvest_1/Harvest form . Top	EconomyHub/MerchantStands/MarketShowcase/Market fruit/Harvest_1/Harvest form . Top	built+built	SmoothPlastic / SmoothPlastic	the market showcase's approved plant art (PlantArt*: same-size crystals, colours 8 - 9 / 255 apart, 0.11 stud2 each)
289	ALLOWED	same	look	coplanar	+0.0000	0.020	0.09	0.02	market	23.3	7.42	-289.5	EconomyHub/MerchantStands/MarketShowcase/Market fruit/Harvest_1/Harvest form . Top	EconomyHub/MerchantStands/MarketShowcase/Market fruit/Harvest_1/Harvest form . Top	built+built	SmoothPlastic / SmoothPlastic	the market showcase's approved plant art (PlantArt*: same-size crystals, colours 8 - 9 / 255 apart, 0.11 stud2 each)
290	ALLOWED	same	look	coplanar	+0.0000	0.020	0.09	0.02	market	24.8	7.42	-289.5	EconomyHub/MerchantStands/MarketShowcase/Market fruit/Harvest_1/Harvest form . Top	EconomyHub/MerchantStands/MarketShowcase/Market fruit/Harvest_1/Harvest form . Top	built+built	SmoothPlastic / SmoothPlastic	the market showcase's approved plant art (PlantArt*: same-size crystals, colours 8 - 9 / 255 apart, 0.11 stud2 each)
291	ALLOWED	same	look	coplanar	+0.0000	0.020	0.08	0.02	market	21.6	7.42	-289.5	EconomyHub/MerchantStands/MarketShowcase/Market fruit/Harvest_1/Harvest form . Top	EconomyHub/MerchantStands/MarketShowcase/Market fruit/Harvest_1/Harvest form . Top	built+built	SmoothPlastic / SmoothPlastic	the market showcase's approved plant art (PlantArt*: same-size crystals, colours 8 - 9 / 255 apart, 0.11 stud2 each)
292	ALLOWED	same	look	coplanar	+0.0000	0.020	0.08	0.02	market	23.2	7.42	-289.5	EconomyHub/MerchantStands/MarketShowcase/Market fruit/Harvest_1/Harvest form . Top	EconomyHub/MerchantStands/MarketShowcase/Market fruit/Harvest_1/Harvest form . Top	built+built	SmoothPlastic / SmoothPlastic	the market showcase's approved plant art (PlantArt*: same-size crystals, colours 8 - 9 / 255 apart, 0.11 stud2 each)
293	ALLOWED	same	look	coplanar	+0.0000	0.020	0.08	0.02	market	24.8	7.42	-289.4	EconomyHub/MerchantStands/MarketShowcase/Market fruit/Harvest_1/Harvest form . Top	EconomyHub/MerchantStands/MarketShowcase/Market fruit/Harvest_1/Harvest form . Top	built+built	SmoothPlastic / SmoothPlastic	the market showcase's approved plant art (PlantArt*: same-size crystals, colours 8 - 9 / 255 apart, 0.11 stud2 each)
294	ALLOWED	same	look	coplanar	+0.0000	0.020	0.05	0.01	market	21.7	7.83	-289.4	EconomyHub/MerchantStands/MarketShowcase/Market fruit/Harvest_1/Harvest form . Top	EconomyHub/MerchantStands/MarketShowcase/Market fruit/Harvest_1/Harvest form . Top	built+built	SmoothPlastic / SmoothPlastic	the market showcase's approved plant art (PlantArt*: same-size crystals, colours 8 - 9 / 255 apart, 0.11 stud2 each)
295	ALLOWED	same	look	coplanar	+0.0000	0.020	0.05	0.01	market	23.3	7.83	-289.5	EconomyHub/MerchantStands/MarketShowcase/Market fruit/Harvest_1/Harvest form . Top	EconomyHub/MerchantStands/MarketShowcase/Market fruit/Harvest_1/Harvest form . Top	built+built	SmoothPlastic / SmoothPlastic	the market showcase's approved plant art (PlantArt*: same-size crystals, colours 8 - 9 / 255 apart, 0.11 stud2 each)
296	ALLOWED	same	look	coplanar	+0.0000	0.020	0.05	0.01	market	24.8	7.83	-289.6	EconomyHub/MerchantStands/MarketShowcase/Market fruit/Harvest_1/Harvest form . Top	EconomyHub/MerchantStands/MarketShowcase/Market fruit/Harvest_1/Harvest form . Top	built+built	SmoothPlastic / SmoothPlastic	the market showcase's approved plant art (PlantArt*: same-size crystals, colours 8 - 9 / 255 apart, 0.11 stud2 each)
297	ALLOWED	same	look	coplanar	+0.0000	0.020	0.05	0.01	market	21.6	8.23	-289.4	EconomyHub/MerchantStands/MarketShowcase/Market fruit/Harvest_1/Harvest form . Top	EconomyHub/MerchantStands/MarketShowcase/Market fruit/Harvest_1/Harvest form . Top	built+built	SmoothPlastic / SmoothPlastic	the market showcase's approved plant art (PlantArt*: same-size crystals, colours 8 - 9 / 255 apart, 0.11 stud2 each)
298	ALLOWED	same	look	coplanar	+0.0000	0.020	0.05	0.01	market	23.3	8.23	-289.4	EconomyHub/MerchantStands/MarketShowcase/Market fruit/Harvest_1/Harvest form . Top	EconomyHub/MerchantStands/MarketShowcase/Market fruit/Harvest_1/Harvest form . Top	built+built	SmoothPlastic / SmoothPlastic	the market showcase's approved plant art (PlantArt*: same-size crystals, colours 8 - 9 / 255 apart, 0.11 stud2 each)
299	ALLOWED	same	look	coplanar	+0.0000	0.020	0.05	0.01	market	24.9	8.23	-289.5	EconomyHub/MerchantStands/MarketShowcase/Market fruit/Harvest_1/Harvest form . Top	EconomyHub/MerchantStands/MarketShowcase/Market fruit/Harvest_1/Harvest form . Top	built+built	SmoothPlastic / SmoothPlastic	the market showcase's approved plant art (PlantArt*: same-size crystals, colours 8 - 9 / 255 apart, 0.11 stud2 each)
300	ALLOWED	same	look	coplanar	+0.0000	0.020	0.04	0.01	market	21.7	8.23	-289.5	EconomyHub/MerchantStands/MarketShowcase/Market fruit/Harvest_1/Harvest form . Top	EconomyHub/MerchantStands/MarketShowcase/Market fruit/Harvest_1/Harvest form . Top	built+built	SmoothPlastic / SmoothPlastic	the market showcase's approved plant art (PlantArt*: same-size crystals, colours 8 - 9 / 255 apart, 0.11 stud2 each)
301	ALLOWED	same	look	coplanar	+0.0000	0.020	0.04	0.01	market	23.2	8.23	-289.6	EconomyHub/MerchantStands/MarketShowcase/Market fruit/Harvest_1/Harvest form . Top	EconomyHub/MerchantStands/MarketShowcase/Market fruit/Harvest_1/Harvest form . Top	built+built	SmoothPlastic / SmoothPlastic	the market showcase's approved plant art (PlantArt*: same-size crystals, colours 8 - 9 / 255 apart, 0.11 stud2 each)
302	ALLOWED	same	look	coplanar	+0.0000	0.020	0.04	0.01	market	24.7	8.23	-289.5	EconomyHub/MerchantStands/MarketShowcase/Market fruit/Harvest_1/Harvest form . Top	EconomyHub/MerchantStands/MarketShowcase/Market fruit/Harvest_1/Harvest form . Top	built+built	SmoothPlastic / SmoothPlastic	the market showcase's approved plant art (PlantArt*: same-size crystals, colours 8 - 9 / 255 apart, 0.11 stud2 each)
303	ALLOWED	same	look	coplanar	+0.0000	0.020	0.04	0.01	market	21.5	7.83	-289.5	EconomyHub/MerchantStands/MarketShowcase/Market fruit/Harvest_1/Harvest form . Top	EconomyHub/MerchantStands/MarketShowcase/Market fruit/Harvest_1/Harvest form . Top	built+built	SmoothPlastic / SmoothPlastic	the market showcase's approved plant art (PlantArt*: same-size crystals, colours 8 - 9 / 255 apart, 0.11 stud2 each)
304	ALLOWED	same	look	coplanar	+0.0000	0.020	0.04	0.01	market	23.2	7.83	-289.4	EconomyHub/MerchantStands/MarketShowcase/Market fruit/Harvest_1/Harvest form . Top	EconomyHub/MerchantStands/MarketShowcase/Market fruit/Harvest_1/Harvest form . Top	built+built	SmoothPlastic / SmoothPlastic	the market showcase's approved plant art (PlantArt*: same-size crystals, colours 8 - 9 / 255 apart, 0.11 stud2 each)
305	ALLOWED	same	look	coplanar	+0.0000	0.020	0.04	0.01	market	24.9	7.83	-289.4	EconomyHub/MerchantStands/MarketShowcase/Market fruit/Harvest_1/Harvest form . Top	EconomyHub/MerchantStands/MarketShowcase/Market fruit/Harvest_1/Harvest form . Top	built+built	SmoothPlastic / SmoothPlastic	the market showcase's approved plant art (PlantArt*: same-size crystals, colours 8 - 9 / 255 apart, 0.11 stud2 each)
306	tight	same	look	strict	+0.0600	0.049	1263.09	1263.09	Run-up lane FOREST	77.1	4.00	-125.2	Lobby/LobbyFloor . Top	HubDecor151/Paths/Run-up lane FOREST . Top	saved+built	Plastic / SmoothPlastic	
307	tight	same	look	strict	+0.0600	0.049	1263.09	1263.09	Run-up lane JUNGLE	51.4	4.00	-125.2	Lobby/LobbyFloor . Top	HubDecor151/Paths/Run-up lane JUNGLE . Top	saved+built	Plastic / SmoothPlastic	
308	tight	same	look	strict	+0.0600	0.049	1263.09	1263.09	Run-up lane DESERT	25.7	4.00	-125.2	Lobby/LobbyFloor . Top	HubDecor151/Paths/Run-up lane DESERT . Top	saved+built	Plastic / SmoothPlastic	
309	tight	same	look	strict	+0.0600	0.049	1263.09	1263.09	Run-up lane SNOW	-0.0	4.00	-125.2	Lobby/LobbyFloor . Top	HubDecor151/Paths/Run-up lane SNOW . Top	saved+built	Plastic / SmoothPlastic	
310	tight	same	look	strict	+0.0600	0.049	1263.09	1263.09	Run-up lane LAVA	-25.7	4.00	-125.2	Lobby/LobbyFloor . Top	HubDecor151/Paths/Run-up lane LAVA . Top	saved+built	Plastic / SmoothPlastic	
311	tight	same	look	strict	+0.0600	0.049	1263.09	1263.09	Run-up lane CRYSTAL	-51.4	4.00	-125.2	Lobby/LobbyFloor . Top	HubDecor151/Paths/Run-up lane CRYSTAL . Top	saved+built	Plastic / SmoothPlastic	
312	tight	same	look	strict	+0.0600	0.049	1263.09	1263.09	Run-up lane STORM PEAKS	-77.1	4.00	-125.2	Lobby/LobbyFloor . Top	HubDecor151/Paths/Run-up lane STORM PEAKS . Top	saved+built	Plastic / SmoothPlastic	
313	tight	same	look	strict	+0.0700	0.049	900.00	900.00	lawn / floor 26 studs from Curb	82.0	4.00	-368.0	Lobby/LobbyFloor . Top	HubLife151/Cell 0:-4/core/Grass patch . Right	saved+built	Plastic / Grass	
314	tight	same	look	strict	+0.0700	0.049	900.00	900.00	lawn / floor 26 studs from Curb	-82.0	4.00	-368.0	Lobby/LobbyFloor . Top	HubLife151/Cell -1:-4/core/Grass patch . Right	saved+built	Plastic / Grass	
315	tight	same	look	strict	+0.0700	0.049	791.27	791.27	lawn / floor 29 studs from Market square	62.0	4.00	-205.0	Lobby/LobbyFloor . Top	HubLife151/Cell 0:-3/core/Grass patch . Right	saved+built	Plastic / Grass	
316	tight	same	look	strict	+0.0700	0.049	744.73	744.73	lawn / floor 29 studs from Market square	-62.0	4.00	-205.0	Lobby/LobbyFloor . Top	HubLife151/Cell -1:-3/core/Grass patch . Right	saved+built	Plastic / Grass	
317	tight	same	look	strict	+0.0700	0.049	676.00	676.00	lawn / floor 20 studs from Curb	88.0	4.00	-282.0	Lobby/LobbyFloor . Top	HubLife151/Cell 0:-3/core/Grass patch . Right	saved+built	Plastic / Grass	
318	tight	same	look	strict	+0.0700	0.049	676.00	676.00	lawn / floor 20 studs from Curb	-88.0	4.00	-282.0	Lobby/LobbyFloor . Top	HubLife151/Cell -1:-3/core/Grass patch . Right	saved+built	Plastic / Grass	
319	tight	same	look	strict	+0.0800	0.049	577.31	577.31	Verity's dais	0.0	5.42	-340.0	EconomyHub/VerityNPC/Glow ring . Right	EconomyHub/VerityNPC/Inlay . Right	built+built	Neon / Slate	
320	tight	now depth-safe (+0.120)	look	strict	+0.0700	0.049	403.33	403.33	lawn / floor 29 studs from Curb	72.7	4.00	-374.4	Lobby/LobbyFloor . Top	HubLife151/Cell 0:-4/core/Grass patch . Right	saved+built	Plastic / Grass	
321	tight	now depth-safe (+0.120)	look	strict	+0.0700	0.049	399.07	399.07	lawn / floor 25 studs from Curb	-83.6	4.00	-356.9	Lobby/LobbyFloor . Top	HubLife151/Cell -1:-4/core/Grass patch . Right	saved+built	Plastic / Grass	
322	tight	now depth-safe (+0.120)	look	strict	+0.0700	0.049	387.11	387.11	lawn / floor 18 studs from Market square	61.9	4.00	-217.0	Lobby/LobbyFloor . Top	HubLife151/Cell 0:-3/core/Grass patch . Right	saved+built	Plastic / Grass	
323	tight	now depth-safe (+0.120)	look	strict	+0.0700	0.049	380.94	380.94	lawn / floor 23 studs from Market square	-68.1	4.00	-215.3	Lobby/LobbyFloor . Top	HubLife151/Cell -1:-3/core/Grass patch . Right	saved+built	Plastic / Grass	
324	tight	same	look	strict	+0.0600	0.049	378.00	378.00	South plaza	0.0	4.20	-408.5	HubDecor151/Paths/South street . Top	HubDecor151/Paths/South plaza . Right	built+built	Cobblestone / Brick	
325	tight	now depth-safe (+0.170)	look	strict	+0.0700	0.049	348.71	348.71	lawn / floor 18 studs from Market square	-54.6	4.00	-214.4	Lobby/LobbyFloor . Top	HubLife151/Cell -1:-3/core/Grass patch . Right	saved+built	Plastic / Grass	
326	tight	same	look	strict	+0.0700	0.049	324.00	324.00	lawn / floor 13 studs from Corner circle	124.0	4.00	-134.0	Lobby/LobbyFloor . Top	HubLife151/Cell 1:-2/core/Grass patch . Right	saved+built	Plastic / Grass	
327	tight	same	look	strict	+0.0700	0.049	324.00	324.00	lawn / floor 13 studs from Corner circle	-124.0	4.00	-134.0	Lobby/LobbyFloor . Top	HubLife151/Cell -2:-2/core/Grass patch . Right	saved+built	Plastic / Grass	
328	tight	now depth-safe (+0.170)	look	strict	+0.0700	0.049	323.63	323.63	lawn / floor 20 studs from Market square	52.2	4.00	-211.9	Lobby/LobbyFloor . Top	HubLife151/Cell 0:-3/core/Grass patch . Right	saved+built	Plastic / Grass	
329	tight	now depth-safe (+0.170)	look	strict	+0.0700	0.049	307.39	307.39	lawn / floor 33 studs from Curb	75.5	4.00	-358.8	Lobby/LobbyFloor . Top	HubLife151/Cell 0:-4/core/Grass patch . Right	saved+built	Plastic / Grass	
330	tight	same	look	strict	+0.0700	0.049	256.00	256.00	lawn / floor 9 studs from Curb	232.0	4.00	-286.0	Lobby/LobbyFloor . Top	HubLife151/Cell 2:-3/core/Grass patch . Right	saved+built	Plastic / Grass	
331	tight	same	look	strict	+0.0700	0.049	256.00	256.00	lawn / floor 9 studs from Curb	-232.0	4.00	-286.0	Lobby/LobbyFloor . Top	HubLife151/Cell -3:-3/core/Grass patch . Right	saved+built	Plastic / Grass	
332	tight	now depth-safe (+0.120)	look	strict	+0.0700	0.049	240.50	240.50	lawn / floor 29 studs from Curb	-72.7	4.00	-374.3	Lobby/LobbyFloor . Top	HubLife151/Cell -1:-4/core/Grass patch . Right	saved+built	Plastic / Grass	
333	tight	now depth-safe (+0.120)	look	strict	+0.0700	0.049	235.14	235.14	lawn / floor 17 studs from Curb	91.6	4.00	-272.9	Lobby/LobbyFloor . Top	HubLife151/Cell 0:-3/core/Grass patch . Right	saved+built	Plastic / Grass	
334	tight	now depth-safe (+0.120)	look	strict	+0.0700	0.049	213.01	213.01	lawn / floor 13 studs from Curb	-95.5	4.00	-275.8	Lobby/LobbyFloor . Top	HubLife151/Cell -1:-3/core/Grass patch . Right	saved+built	Plastic / Grass	
335	tight	same	look	strict	+0.0800	0.034	189.84	189.84	Base 3 (pad)	-147.1	5.00	-321.6	Bases/Base_3/Pad . Top	Bases/Base_3/GardenFence34/Fence foundation . Top	saved+built	Plastic / Slate	
336	tight	same	look	strict	+0.0800	0.034	189.84	189.84	Base 3 (pad)	-147.1	5.00	-394.4	Bases/Base_3/Pad . Top	Bases/Base_3/GardenFence34/Fence foundation . Top	saved+built	Plastic / Slate	
337	tight	same	look	strict	+0.0800	0.034	189.84	189.84	Base 2 (pad)	147.1	5.00	-216.9	Bases/Base_2/Pad . Top	Bases/Base_2/GardenFence34/Fence foundation . Top	saved+built	Plastic / Slate	
338	tight	same	look	strict	+0.0800	0.034	189.84	189.84	Base 2 (pad)	147.1	5.00	-144.1	Bases/Base_2/Pad . Top	Bases/Base_2/GardenFence34/Fence foundation . Top	saved+built	Plastic / Slate	
339	tight	same	look	strict	+0.0800	0.034	189.84	189.84	Base 5 (pad)	-110.4	5.00	-424.4	Bases/Base_5/Pad . Top	Bases/Base_5/GardenFence34/Fence foundation . Top	saved+built	Plastic / Slate	
340	tight	same	look	strict	+0.0800	0.034	189.84	189.84	Base 5 (pad)	-37.6	5.00	-424.4	Bases/Base_5/Pad . Top	Bases/Base_5/GardenFence34/Fence foundation . Top	saved+built	Plastic / Slate	
341	tight	same	look	strict	+0.0800	0.034	189.84	189.84	Base 4 (pad)	147.1	5.00	-394.4	Bases/Base_4/Pad . Top	Bases/Base_4/GardenFence34/Fence foundation . Top	saved+built	Plastic / Slate	
342	tight	same	look	strict	+0.0800	0.034	189.84	189.84	Base 4 (pad)	147.1	5.00	-321.6	Bases/Base_4/Pad . Top	Bases/Base_4/GardenFence34/Fence foundation . Top	saved+built	Plastic / Slate	
343	tight	same	look	strict	+0.0800	0.034	189.84	189.84	Base 6 (pad)	37.6	5.00	-424.4	Bases/Base_6/Pad . Top	Bases/Base_6/GardenFence34/Fence foundation . Top	saved+built	Plastic / Slate	
344	tight	same	look	strict	+0.0800	0.034	189.84	189.84	Base 6 (pad)	110.4	5.00	-424.4	Bases/Base_6/Pad . Top	Bases/Base_6/GardenFence34/Fence foundation . Top	saved+built	Plastic / Slate	
345	tight	same	look	strict	+0.0800	0.034	189.84	189.84	Base 1 (pad)	-147.1	5.00	-144.1	Bases/Base_1/Pad . Top	Bases/Base_1/GardenFence34/Fence foundation . Top	saved+built	Plastic / Slate	
346	tight	same	look	strict	+0.0800	0.034	189.84	189.84	Base 1 (pad)	-147.1	5.00	-216.9	Bases/Base_1/Pad . Top	Bases/Base_1/GardenFence34/Fence foundation . Top	saved+built	Plastic / Slate	
347	tight	now depth-safe (+0.170)	look	strict	+0.0700	0.049	188.54	188.54	lawn / floor 27 studs from Curb	81.1	4.00	-275.1	Lobby/LobbyFloor . Top	HubLife151/Cell 0:-3/core/Grass patch . Right	saved+built	Plastic / Grass	
348	tight	same	look	strict	+0.0600	0.049	182.00	182.00	trampoline nook	-305.5	4.20	-269.0	HubDecor151/Paths/Garden walk . Top	HubDecor151/Paths/Garden nook . Right	built+built	Cobblestone / Brick	
349	tight	same	look	strict	+0.0600	0.049	182.00	182.00	trampoline nook	305.5	4.20	-269.0	HubDecor151/Paths/Garden walk . Top	HubDecor151/Paths/Garden nook . Right	built+built	Cobblestone / Brick	
350	tight	now depth-safe (+0.204)	look	strict	+0.0840	0.049	164.20	164.20	lawn / floor 25 studs from Curb	83.4	4.07	-278.5	HubLife151/Cell 0:-3/core/Grass patch . Right	_WeatherWorldR149/Snow patches/Snow patch . Right	built+built	Grass / SmoothPlastic	
351	tight	now depth-safe (+0.216)	look	strict	+0.0960	0.049	158.44	158.44	lawn / floor 11 studs from Curb	97.2	4.07	-280.8	HubLife151/Cell 0:-3/core/Grass patch . Right	_WeatherWorldR149/Snow patches/Snow patch . Right	built+built	Grass / SmoothPlastic	
352	tight	now depth-safe (+0.170)	look	strict	+0.0700	0.049	148.09	148.09	lawn / floor 8 studs from Corner circle	-128.0	4.00	-139.5	Lobby/LobbyFloor . Top	HubLife151/Cell -2:-2/core/Grass patch . Right	saved+built	Plastic / Grass	
353	tight	now depth-safe (+0.120)	look	strict	+0.0700	0.049	146.07	146.07	lawn / floor 15 studs from Curb	-93.8	4.00	-289.9	Lobby/LobbyFloor . Top	HubLife151/Cell -1:-3/core/Grass patch . Right	saved+built	Plastic / Grass	
354	tight	now depth-safe (+0.120)	look	strict	+0.0700	0.049	140.63	140.63	lawn / floor 13 studs from Corner circle	117.3	4.00	-134.4	Lobby/LobbyFloor . Top	HubLife151/Cell 1:-2/core/Grass patch . Right	saved+built	Plastic / Grass	
355	tight	now depth-safe (+0.120)	look	strict	+0.0700	0.049	128.67	128.67	lawn / floor 7 studs from Corner circle	127.6	4.00	-139.7	Lobby/LobbyFloor . Top	HubLife151/Cell 1:-2/core/Grass patch . Right	saved+built	Plastic / Grass	
356	tight	same	look	strict	+0.0600	0.020	120.00	120.00	Stage circle	0.0	4.14	-311.0	HubDecor151/Paths/Stage circle . Right	HubDecor151/Paths/Market square . Top	built+built	Cobblestone / Brick	
357	tight	now depth-safe (+0.156)	look	strict	+0.0960	0.049	113.95	113.95	lawn / floor 15 studs from Curb	-93.5	4.07	-284.3	HubLife151/Cell -1:-3/core/Grass patch . Right	_WeatherWorldR149/Snow patches/Snow patch . Right	built+built	Grass / SmoothPlastic	
358	tight	now depth-safe (+0.104)	look	strict	+0.0840	0.049	112.61	112.61	lawn / floor 25 studs from Curb	83.3	4.07	-276.2	HubLife151/Cell 0:-3/core/Grass patch . Right	_WeatherWorldR149/Snow patches/Snow patch . Right	built+built	Grass / SmoothPlastic	
359	tight	same	texture	strict	+0.0600	0.049	214.85	107.42	Corner circle	-116.5	4.20	-159.0	HubDecor151/Paths/Front street . Top	HubDecor151/Paths/Corner circle . Right	built+built	Cobblestone / Cobblestone	
360	tight	same	texture	strict	+0.0600	0.049	214.85	107.42	Corner circle	116.5	4.20	-159.0	HubDecor151/Paths/Front street . Top	HubDecor151/Paths/Corner circle . Right	built+built	Cobblestone / Cobblestone	
361	tight	same	texture	strict	+0.0600	0.049	214.85	107.42	Corner circle	-116.5	4.20	-411.0	HubDecor151/Paths/South street . Top	HubDecor151/Paths/Corner circle . Right	built+built	Cobblestone / Cobblestone	
362	tight	same	texture	strict	+0.0600	0.049	214.85	107.42	Corner circle	116.5	4.20	-411.0	HubDecor151/Paths/South street . Top	HubDecor151/Paths/Corner circle . Right	built+built	Cobblestone / Cobblestone	
363	tight	now depth-safe (+0.120)	look	strict	+0.0700	0.049	99.88	99.88	lawn / floor 12 studs from leaderboard	-129.3	4.00	-129.8	Lobby/LobbyFloor . Top	HubLife151/Cell -2:-2/core/Grass patch . Right	saved+built	Plastic / Grass	
364	tight	now depth-safe (+0.144)	look	strict	+0.0840	0.049	85.75	85.75	lawn / floor 21 studs from Curb	-86.9	4.07	-291.9	HubLife151/Cell -1:-3/core/Grass patch . Right	_WeatherWorldR149/Snow patches/Snow patch . Right	built+built	Grass / SmoothPlastic	
365	tight	same	look	strict	+0.0600	0.049	76.00	76.00	Lane nook	0.0	4.20	-590.0	HubDecor151/Paths/Back lane . Top	HubDecor151/Paths/Lane nook . Right	built+built	Cobblestone / Brick	
366	tight	now depth-safe (+0.166)	look	strict	+0.0960	0.049	73.81	73.81	lawn / floor 13 studs from Curb	95.8	4.07	-275.6	HubLife151/Cell 0:-3/core/Grass patch . Right	_WeatherWorldR149/Snow patches/Snow patch . Right	built+built	Grass / SmoothPlastic	
367	tight	same	look	strict	+0.0400	0.020	72.48	72.48	track gate	0.0	3.96	-100.3	KeyboardTrackVisuals/Bed/RimEnd . Top	Lobby/LobbyFloor . Top	saved+built	SmoothPlastic / Plastic	
368	tight	now depth-safe (+0.120)	look	strict	+0.0700	0.049	71.45	71.45	lawn / floor 4 studs from Curb	-228.4	4.00	-281.2	Lobby/LobbyFloor . Top	HubLife151/Cell -3:-3/core/Grass patch . Right	saved+built	Plastic / Grass	
369	tight	now depth-safe (+0.156)	look	strict	+0.0960	0.049	67.61	67.61	lawn / floor 16 studs from Curb	-92.0	4.07	-379.7	HubLife151/Cell -1:-4/core/Grass patch . Right	_WeatherWorldR149/Snow patches/Snow patch . Right	built+built	Grass / SmoothPlastic	
370	tight	now depth-safe (+0.120)	look	strict	+0.0700	0.049	65.33	65.33	lawn / floor 5 studs from Curb	236.2	4.00	-281.7	Lobby/LobbyFloor . Top	HubLife151/Cell 2:-3/core/Grass patch . Right	saved+built	Plastic / Grass	
371	tight	now depth-safe (+0.106)	look	strict	+0.0960	0.049	62.31	62.31	lawn / floor 16 studs from Curb	-92.2	4.07	-287.2	HubLife151/Cell -1:-3/core/Grass patch . Right	_WeatherWorldR149/Snow patches/Snow patch . Right	built+built	Grass / SmoothPlastic	
372	tight	now depth-safe (+0.120)	look	strict	+0.0700	0.049	60.42	60.42	lawn / floor 6 studs from Curb	-236.9	4.00	-282.6	Lobby/LobbyFloor . Top	HubLife151/Cell -3:-3/core/Grass patch . Right	saved+built	Plastic / Grass	
373	tight	now depth-safe (+0.170)	look	strict	+0.0700	0.049	56.92	56.92	lawn / floor 3 studs from Curb	232.7	4.00	-280.0	Lobby/LobbyFloor . Top	HubLife151/Cell 2:-3/core/Grass patch . Right	saved+built	Plastic / Grass	
374	tight	now look-alike (untextured) (+0.092)	look	strict	+0.0920	0.049	221.27	55.32	lawn / floor 4 studs from hub wall	-327.8	4.41	-587.6	_WeatherWorldR149/Snow patches/Snow patch . Right	_WeatherWorldR149/Snow patches/Snow patch . Right	built+built	SmoothPlastic / SmoothPlastic	
375	tight	now depth-safe (+0.154)	look	strict	+0.0840	0.049	51.37	51.37	lawn / floor 22 studs from Curb	86.5	4.07	-275.8	HubLife151/Cell 0:-3/core/Grass patch . Right	_WeatherWorldR149/Snow patches/Snow patch . Right	built+built	Grass / SmoothPlastic	
376	tight	same	texture	strict	+0.0600	0.049	90.00	45.00	Corner circle	-118.0	4.20	-168.5	HubDecor151/Paths/Side street . Top	HubDecor151/Paths/Corner circle . Right	built+built	Cobblestone / Cobblestone	
377	tight	same	texture	strict	+0.0600	0.049	90.00	45.00	Corner circle	-118.0	4.20	-401.5	HubDecor151/Paths/Side street . Top	HubDecor151/Paths/Corner circle . Right	built+built	Cobblestone / Cobblestone	
378	tight	same	texture	strict	+0.0600	0.049	90.00	45.00	Corner circle	118.0	4.20	-168.5	HubDecor151/Paths/Side street . Top	HubDecor151/Paths/Corner circle . Right	built+built	Cobblestone / Cobblestone	
379	tight	same	texture	strict	+0.0600	0.049	90.00	45.00	Corner circle	118.0	4.20	-401.5	HubDecor151/Paths/Side street . Top	HubDecor151/Paths/Corner circle . Right	built+built	Cobblestone / Cobblestone	
380	tight	now depth-safe (+0.106)	look	strict	+0.0960	0.031	44.13	44.13	lawn / floor 15 studs from Curb	-93.8	4.07	-281.0	HubLife151/Cell -1:-3/core/Grass patch . Right	_WeatherWorldR149/Snow patches/Snow patch . Right	built+built	Grass / SmoothPlastic	
381	tight	same	look	strict	+0.0960	0.040	43.93	43.93	lawn / floor 14 studs from Curb	94.6	4.07	-364.0	HubLife151/Cell 0:-4/core/Grass patch . Right	_WeatherWorldR149/Snow patches/Snow patch . Right	built+built	Grass / SmoothPlastic	
382	tight	now look-alike (untextured) (+0.096)	look	strict	+0.0960	0.049	142.09	35.52	lawn / floor 2 studs from hub wall	305.9	4.41	-614.4	_WeatherWorldR149/Snow patches/Snow patch . Right	_WeatherWorldR149/Snow patches/Snow patch . Right	built+built	SmoothPlastic / SmoothPlastic	
383	tight	now tight (+0.094)	look	strict	+0.0840	0.020	33.99	33.99	lawn / floor 19 studs from Curb	-89.5	4.07	-291.4	HubLife151/Cell -1:-3/core/Grass patch . Right	_WeatherWorldR149/Snow patches/Snow patch . Right	built+built	Grass / SmoothPlastic	
384	tight	now depth-safe (+0.100)	look	strict	+0.0500	0.049	135.00	33.75	lawn / floor 28 studs from Market square	73.5	4.07	-213.5	HubLife151/Cell 0:-3/core/Grass patch . Right	HubLife151/Cell 0:-3/core/Grass patch . Right	built+built	Grass / Grass	
385	tight	same	look	strict	+0.0500	0.049	124.61	31.15	lawn / floor 30 studs from Curb	-73.5	4.07	-196.5	HubLife151/Cell -1:-3/core/Grass patch . Right	HubLife151/Cell -1:-2/core/Grass patch . Right	built+built	Grass / Grass	
386	tight	same	look	strict	+0.0250	0.020	43.08	25.85	track gate	0.0	4.12	-99.8	KeyboardTrackVisuals/Keys/Spacebar . Front	Lobby/BaseBoundaryLine . Front	saved+built	SmoothPlastic / Neon	
387	tight	now look-alike (untextured) (+0.096)	look	strict	+0.0960	0.049	95.03	23.76	lawn / floor 4 studs from hub wall	306.6	4.41	-612.0	_WeatherWorldR149/Snow patches/Snow patch . Right	_WeatherWorldR149/Snow patches/Snow patch . Right	built+built	SmoothPlastic / SmoothPlastic	
388	tight	same	look	strict	+0.0500	0.049	78.55	19.64	Base 3 (pad)	-160.0	5.14	-392.0	Bases/Base_3/MysteryPedestal/Apron . Right	Bases/Base_3/MysteryPedestal/Apron inlay . Right	built+built	Slate / Slate	
389	tight	same	look	strict	+0.0500	0.049	78.55	19.64	Base 2 (pad)	160.0	5.14	-146.5	Bases/Base_2/MysteryPedestal/Apron . Right	Bases/Base_2/MysteryPedestal/Apron inlay . Right	built+built	Slate / Slate	
390	tight	same	look	strict	+0.0500	0.049	78.55	19.64	Base 5 (pad)	-40.0	5.14	-437.3	Bases/Base_5/MysteryPedestal/Apron . Right	Bases/Base_5/MysteryPedestal/Apron inlay . Right	built+built	Slate / Slate	
391	tight	same	look	strict	+0.0500	0.049	78.55	19.64	Base 4 (pad)	160.0	5.14	-324.0	Bases/Base_4/MysteryPedestal/Apron . Right	Bases/Base_4/MysteryPedestal/Apron inlay . Right	built+built	Slate / Slate	
392	tight	same	look	strict	+0.0500	0.049	78.55	19.64	Base 6 (pad)	108.0	5.14	-437.3	Bases/Base_6/MysteryPedestal/Apron . Right	Bases/Base_6/MysteryPedestal/Apron inlay . Right	built+built	Slate / Slate	
393	tight	same	look	strict	+0.0500	0.049	78.55	19.64	Base 1 (pad)	-160.0	5.14	-214.5	Bases/Base_1/MysteryPedestal/Apron . Right	Bases/Base_1/MysteryPedestal/Apron inlay . Right	built+built	Slate / Slate	
394	tight	now look-alike (untextured) (+0.052)	look	strict	+0.0520	0.049	69.69	17.42	lawn / floor 16 studs from Base 3 (pad)	-199.2	4.18	-433.4	_WeatherWorldR149/Snow patches/Snow patch . Right	_WeatherWorldR149/Snow patches/Snow patch . Right	built+built	SmoothPlastic / SmoothPlastic	
395	tight	same	look	strict	+0.0500	0.020	55.63	13.91	lawn / floor 25 studs from Market square	70.6	4.07	-215.3	HubLife151/Cell 0:-3/core/Grass patch . Right	HubLife151/Cell 0:-3/core/Grass patch . Right	built+built	Grass / Grass	
396	tight	now depth-safe (+0.100)	look	strict	+0.0500	0.049	50.61	12.65	lawn / floor 33 studs from Curb	-75.4	4.07	-201.8	HubLife151/Cell -1:-3/core/Grass patch . Right	HubLife151/Cell -1:-2/core/Grass patch . Right	built+built	Grass / Grass	
397	tight	now look-alike (untextured) (+0.068)	look	strict	+0.0680	0.026	37.64	9.41	lawn / floor 18 studs from Base 3 (pad)	-199.8	4.17	-434.8	_WeatherWorldR149/Snow patches/Snow patch . Right	_WeatherWorldR149/Snow patches/Snow patch . Right	built+built	SmoothPlastic / SmoothPlastic	
398	tight	same	texture	strict	+0.0600	0.020	16.40	8.20	Base spur 1	-128.5	4.20	-168.3	HubDecor151/Paths/Base spur 1 . Top	HubDecor151/Paths/Corner circle . Right	built+built	Cobblestone / Cobblestone	
399	tight	same	texture	strict	+0.0600	0.020	16.40	8.20	Base spur 2	128.5	4.20	-168.3	HubDecor151/Paths/Base spur 2 . Top	HubDecor151/Paths/Corner circle . Right	built+built	Cobblestone / Cobblestone	
400	tight	same	look	strict	+0.0900	0.049	17.82	5.35	Base 3 (pad)	-160.0	10.85	-392.0	Bases/Base_3/MysteryPedestal/Top rim . Left	Bases/Base_3/MysteryPedestal/Top . Left	built+built	SmoothPlastic / Slate	
401	tight	same	look	strict	+0.0900	0.049	17.82	5.35	Base 2 (pad)	160.0	10.85	-146.5	Bases/Base_2/MysteryPedestal/Top rim . Left	Bases/Base_2/MysteryPedestal/Top . Left	built+built	SmoothPlastic / Slate	
402	tight	same	look	strict	+0.0900	0.049	17.82	5.35	Base 5 (pad)	-40.0	10.85	-437.3	Bases/Base_5/MysteryPedestal/Top rim . Left	Bases/Base_5/MysteryPedestal/Top . Left	built+built	SmoothPlastic / Slate	
403	tight	same	look	strict	+0.0900	0.049	17.82	5.35	Base 4 (pad)	160.0	10.85	-324.0	Bases/Base_4/MysteryPedestal/Top rim . Left	Bases/Base_4/MysteryPedestal/Top . Left	built+built	SmoothPlastic / Slate	
404	tight	same	look	strict	+0.0900	0.049	17.82	5.35	Base 6 (pad)	108.0	10.85	-437.3	Bases/Base_6/MysteryPedestal/Top rim . Left	Bases/Base_6/MysteryPedestal/Top . Left	built+built	SmoothPlastic / Slate	
405	tight	same	look	strict	+0.0900	0.049	17.82	5.35	Base 1 (pad)	-160.0	10.85	-214.5	Bases/Base_1/MysteryPedestal/Top rim . Left	Bases/Base_1/MysteryPedestal/Top . Left	built+built	SmoothPlastic / Slate	
406	tight	same	look	strict	+0.0800	0.020	4.18	4.18	market	-12.8	6.97	-252.2	EconomyHub/MerchantStands/Pot rim . Right	EconomyHub/MerchantStands/Pot soil . Right	built+built	SmoothPlastic / Ground	
407	tight	same	look	strict	+0.0850	0.020	4.00	4.00	Market square	-20.0	8.96	-299.3	EconomyHub/MerchantStands/FruitOfTheHour/Capital top . Top	EconomyHub/MerchantStands/FruitOfTheHour/Cradle glow . Top	built+built	SmoothPlastic / Neon	
408	tight	same	look	strict	+0.0800	0.020	3.74	3.74	market	16.6	6.97	-252.2	EconomyHub/MerchantStands/Pot rim . Right	EconomyHub/MerchantStands/Pot soil . Right	built+built	SmoothPlastic / Ground	
409	tight	same	look	strict	+0.0800	0.020	3.24	3.24	market	-9.2	6.47	-252.2	EconomyHub/MerchantStands/Pot rim . Right	EconomyHub/MerchantStands/Pot soil . Right	built+built	SmoothPlastic / Ground	
410	tight	same	look	strict	+0.0800	0.020	3.24	3.24	market	9.2	6.47	-252.2	EconomyHub/MerchantStands/Pot rim . Right	EconomyHub/MerchantStands/Pot soil . Right	built+built	SmoothPlastic / Ground	
411	tight	same	look	strict	+0.0600	0.020	3.24	3.24	market	12.8	7.25	-252.2	EconomyHub/MerchantStands/Water barrel . Right	EconomyHub/MerchantStands/Barrel water . Right	built+built	WoodPlanks / Glass	
412	tight	same	look	strict	+0.0850	0.020	5.10	3.06	Base 3 (pad)	-152.2	10.00	-324.0	Bases/Base_3/TreadmillArtV131/Timber sign back . Front	Bases/Base_3/TreadmillArtV131/Tier plaque . Front	saved+built	Wood / SmoothPlastic	
413	tight	same	look	strict	+0.0850	0.020	5.10	3.06	Base 1 (pad)	-152.2	10.00	-146.5	Bases/Base_1/TreadmillArtV131/Timber sign back . Front	Bases/Base_1/TreadmillArtV131/Tier plaque . Front	saved+built	Wood / SmoothPlastic	
414	tight	same	look	strict	+0.0850	0.020	5.10	3.06	Base 4 (pad)	151.9	10.00	-392.0	Bases/Base_4/TreadmillArtV131/Forge console shield . Front	Bases/Base_4/TreadmillArtV131/Tier plaque . Front	built+built	Basalt / SmoothPlastic	
415	tight	same	look	strict	+0.0850	0.020	5.10	3.06	Base 2 (pad)	151.7	10.00	-214.5	Bases/Base_2/TreadmillArtV131/Sandstone sun gate . Front	Bases/Base_2/TreadmillArtV131/Tier plaque . Front	built+built	Sandstone / SmoothPlastic	
416	tight	same	look	strict	+0.0850	0.020	5.10	3.06	Base 6 (pad)	40.0	10.00	-429.5	Bases/Base_6/TreadmillArtV131/Timber sign back . Front	Bases/Base_6/TreadmillArtV131/Tier plaque . Front	saved+built	Wood / SmoothPlastic	
417	tight	same	look	strict	+0.0850	0.020	5.10	3.06	Base 5 (pad)	-108.0	10.00	-429.2	Bases/Base_5/TreadmillArtV131/Temple lintel . Front	Bases/Base_5/TreadmillArtV131/Tier plaque . Front	built+built	Slate / SmoothPlastic	
418	tight	now depth-safe (+0.100)	look	strict	+0.0500	0.020	12.09	3.02	lawn / floor 22 studs from Market square	71.7	4.07	-221.6	HubLife151/Cell 0:-3/core/Grass patch . Right	HubLife151/Cell 0:-3/core/Grass patch . Right	built+built	Grass / Grass	
419	tight	now look-alike (untextured) (+0.060)	look	strict	+0.0600	0.020	7.75	1.94	lawn / floor 9 studs from Curb	-171.7	4.15	-285.8	_WeatherWorldR149/Snow patches/Snow patch . Right	_WeatherWorldR149/Snow patches/Snow patch . Right	built+built	SmoothPlastic / SmoothPlastic	
420	tight	same	look	strict	+0.0440	0.020	1.65	1.65	Base 3 (pad)	-158.0	6.20	-326.5	Bases/Base_3/TreadmillArtV131/ForwardChevron01_1 . Right	Bases/Base_3/TreadmillArtV131/ForwardChevron01_2 . Right	saved+saved	SmoothPlastic / Neon	
421	tight	same	look	strict	+0.0440	0.020	1.65	1.65	Base 3 (pad)	-163.0	6.20	-326.5	Bases/Base_3/TreadmillArtV131/ForwardChevron02_1 . Right	Bases/Base_3/TreadmillArtV131/ForwardChevron02_2 . Right	saved+saved	SmoothPlastic / Neon	
422	tight	same	look	strict	+0.0440	0.020	1.65	1.65	Base 2 (pad)	158.0	6.20	-212.0	Bases/Base_2/TreadmillArtV131/ForwardChevron01_1 . Right	Bases/Base_2/TreadmillArtV131/ForwardChevron01_2 . Right	saved+saved	SmoothPlastic / Neon	
423	tight	same	look	strict	+0.0440	0.020	1.65	1.65	Base 2 (pad)	163.0	6.20	-212.0	Bases/Base_2/TreadmillArtV131/ForwardChevron02_1 . Right	Bases/Base_2/TreadmillArtV131/ForwardChevron02_2 . Right	saved+saved	SmoothPlastic / Neon	
424	tight	same	look	strict	+0.0440	0.020	1.65	1.65	Base 5 (pad)	-105.5	6.20	-435.3	Bases/Base_5/TreadmillArtV131/ForwardChevron01_1 . Right	Bases/Base_5/TreadmillArtV131/ForwardChevron01_2 . Right	saved+saved	SmoothPlastic / Neon	
425	tight	same	look	strict	+0.0440	0.020	1.65	1.65	Base 5 (pad)	-105.5	6.20	-440.3	Bases/Base_5/TreadmillArtV131/ForwardChevron02_1 . Right	Bases/Base_5/TreadmillArtV131/ForwardChevron02_2 . Right	saved+saved	SmoothPlastic / Neon	
426	tight	same	look	strict	+0.0440	0.020	1.65	1.65	Base 4 (pad)	158.0	6.20	-389.5	Bases/Base_4/TreadmillArtV131/ForwardChevron01_1 . Right	Bases/Base_4/TreadmillArtV131/ForwardChevron01_2 . Right	saved+saved	SmoothPlastic / Neon	
427	tight	same	look	strict	+0.0440	0.020	1.65	1.65	Base 4 (pad)	163.0	6.20	-389.5	Bases/Base_4/TreadmillArtV131/ForwardChevron02_1 . Right	Bases/Base_4/TreadmillArtV131/ForwardChevron02_2 . Right	saved+saved	SmoothPlastic / Neon	
428	tight	same	look	strict	+0.0440	0.020	1.65	1.65	Base 6 (pad)	42.5	6.20	-435.3	Bases/Base_6/TreadmillArtV131/ForwardChevron01_1 . Right	Bases/Base_6/TreadmillArtV131/ForwardChevron01_2 . Right	saved+saved	SmoothPlastic / Neon	
429	tight	same	look	strict	+0.0440	0.020	1.65	1.65	Base 6 (pad)	42.5	6.20	-440.3	Bases/Base_6/TreadmillArtV131/ForwardChevron02_1 . Right	Bases/Base_6/TreadmillArtV131/ForwardChevron02_2 . Right	saved+saved	SmoothPlastic / Neon	
430	tight	same	look	strict	+0.0440	0.020	1.65	1.65	Base 1 (pad)	-158.0	6.20	-149.1	Bases/Base_1/TreadmillArtV131/ForwardChevron01_1 . Right	Bases/Base_1/TreadmillArtV131/ForwardChevron01_2 . Right	saved+saved	SmoothPlastic / Neon	
431	tight	same	look	strict	+0.0440	0.020	1.65	1.65	Base 1 (pad)	-163.0	6.20	-149.1	Bases/Base_1/TreadmillArtV131/ForwardChevron02_1 . Right	Bases/Base_1/TreadmillArtV131/ForwardChevron02_2 . Right	saved+saved	SmoothPlastic / Neon	
432	tight	same	look	strict	+0.0440	0.020	1.63	1.63	Base 3 (pad)	-157.2	6.20	-325.6	Bases/Base_3/TreadmillArtV131/ForwardChevron01_1 . Right	Bases/Base_3/TreadmillArtV131/ForwardChevron01_2 . Right	saved+saved	SmoothPlastic / Neon	
433	tight	same	look	strict	+0.0440	0.020	1.63	1.63	Base 3 (pad)	-162.2	6.20	-325.6	Bases/Base_3/TreadmillArtV131/ForwardChevron02_1 . Right	Bases/Base_3/TreadmillArtV131/ForwardChevron02_2 . Right	saved+saved	SmoothPlastic / Neon	
434	tight	same	look	strict	+0.0440	0.020	1.63	1.63	Base 2 (pad)	157.2	6.20	-213.0	Bases/Base_2/TreadmillArtV131/ForwardChevron01_1 . Right	Bases/Base_2/TreadmillArtV131/ForwardChevron01_2 . Right	saved+saved	SmoothPlastic / Neon	
435	tight	same	look	strict	+0.0440	0.020	1.63	1.63	Base 2 (pad)	162.2	6.20	-213.0	Bases/Base_2/TreadmillArtV131/ForwardChevron02_1 . Right	Bases/Base_2/TreadmillArtV131/ForwardChevron02_2 . Right	saved+saved	SmoothPlastic / Neon	
436	tight	same	look	strict	+0.0440	0.020	1.63	1.63	Base 5 (pad)	-106.5	6.20	-434.6	Bases/Base_5/TreadmillArtV131/ForwardChevron01_1 . Right	Bases/Base_5/TreadmillArtV131/ForwardChevron01_2 . Right	saved+saved	SmoothPlastic / Neon	
437	tight	same	look	strict	+0.0440	0.020	1.63	1.63	Base 5 (pad)	-106.5	6.20	-439.6	Bases/Base_5/TreadmillArtV131/ForwardChevron02_1 . Right	Bases/Base_5/TreadmillArtV131/ForwardChevron02_2 . Right	saved+saved	SmoothPlastic / Neon	
438	tight	same	look	strict	+0.0440	0.020	1.63	1.63	Base 4 (pad)	157.2	6.20	-390.5	Bases/Base_4/TreadmillArtV131/ForwardChevron01_1 . Right	Bases/Base_4/TreadmillArtV131/ForwardChevron01_2 . Right	saved+saved	SmoothPlastic / Neon	
439	tight	same	look	strict	+0.0440	0.020	1.63	1.63	Base 4 (pad)	162.2	6.20	-390.5	Bases/Base_4/TreadmillArtV131/ForwardChevron02_1 . Right	Bases/Base_4/TreadmillArtV131/ForwardChevron02_2 . Right	saved+saved	SmoothPlastic / Neon	
440	tight	same	look	strict	+0.0440	0.020	1.63	1.63	Base 6 (pad)	41.5	6.20	-434.6	Bases/Base_6/TreadmillArtV131/ForwardChevron01_1 . Right	Bases/Base_6/TreadmillArtV131/ForwardChevron01_2 . Right	saved+saved	SmoothPlastic / Neon	
441	tight	same	look	strict	+0.0440	0.020	1.63	1.63	Base 6 (pad)	41.5	6.20	-439.6	Bases/Base_6/TreadmillArtV131/ForwardChevron02_1 . Right	Bases/Base_6/TreadmillArtV131/ForwardChevron02_2 . Right	saved+saved	SmoothPlastic / Neon	
442	tight	same	look	strict	+0.0440	0.020	1.63	1.63	Base 1 (pad)	-157.2	6.20	-148.1	Bases/Base_1/TreadmillArtV131/ForwardChevron01_1 . Right	Bases/Base_1/TreadmillArtV131/ForwardChevron01_2 . Right	saved+saved	SmoothPlastic / Neon	
443	tight	same	look	strict	+0.0440	0.020	1.63	1.63	Base 1 (pad)	-162.2	6.20	-148.1	Bases/Base_1/TreadmillArtV131/ForwardChevron02_1 . Right	Bases/Base_1/TreadmillArtV131/ForwardChevron02_2 . Right	saved+saved	SmoothPlastic / Neon	
444	tight	same	look	strict	+0.0440	0.020	1.62	1.62	Base 3 (pad)	-157.7	6.20	-322.2	Bases/Base_3/TreadmillArtV131/ForwardChevron01_1 . Left	Bases/Base_3/TreadmillArtV131/ForwardChevron01_2 . Left	saved+saved	SmoothPlastic / Neon	
445	tight	same	look	strict	+0.0440	0.020	1.62	1.62	Base 3 (pad)	-162.7	6.20	-322.2	Bases/Base_3/TreadmillArtV131/ForwardChevron02_1 . Left	Bases/Base_3/TreadmillArtV131/ForwardChevron02_2 . Left	saved+saved	SmoothPlastic / Neon	
446	tight	same	look	strict	+0.0440	0.020	1.62	1.62	Base 2 (pad)	157.7	6.20	-216.3	Bases/Base_2/TreadmillArtV131/ForwardChevron01_1 . Left	Bases/Base_2/TreadmillArtV131/ForwardChevron01_2 . Left	saved+saved	SmoothPlastic / Neon	
447	tight	same	look	strict	+0.0440	0.020	1.62	1.62	Base 2 (pad)	162.7	6.20	-216.3	Bases/Base_2/TreadmillArtV131/ForwardChevron02_1 . Left	Bases/Base_2/TreadmillArtV131/ForwardChevron02_2 . Left	saved+saved	SmoothPlastic / Neon	
448	tight	same	look	strict	+0.0440	0.020	1.62	1.62	Base 5 (pad)	-109.8	6.20	-435.1	Bases/Base_5/TreadmillArtV131/ForwardChevron01_1 . Left	Bases/Base_5/TreadmillArtV131/ForwardChevron01_2 . Left	saved+saved	SmoothPlastic / Neon	
449	tight	same	look	strict	+0.0440	0.020	1.62	1.62	Base 5 (pad)	-109.8	6.20	-440.1	Bases/Base_5/TreadmillArtV131/ForwardChevron02_1 . Left	Bases/Base_5/TreadmillArtV131/ForwardChevron02_2 . Left	saved+saved	SmoothPlastic / Neon	
450	tight	same	look	strict	+0.0440	0.020	1.62	1.62	Base 4 (pad)	157.7	6.20	-393.8	Bases/Base_4/TreadmillArtV131/ForwardChevron01_1 . Left	Bases/Base_4/TreadmillArtV131/ForwardChevron01_2 . Left	saved+saved	SmoothPlastic / Neon	
451	tight	same	look	strict	+0.0440	0.020	1.62	1.62	Base 4 (pad)	162.7	6.20	-393.8	Bases/Base_4/TreadmillArtV131/ForwardChevron02_1 . Left	Bases/Base_4/TreadmillArtV131/ForwardChevron02_2 . Left	saved+saved	SmoothPlastic / Neon	
452	tight	same	look	strict	+0.0440	0.020	1.62	1.62	Base 6 (pad)	38.2	6.20	-435.1	Bases/Base_6/TreadmillArtV131/ForwardChevron01_1 . Left	Bases/Base_6/TreadmillArtV131/ForwardChevron01_2 . Left	saved+saved	SmoothPlastic / Neon	
453	tight	same	look	strict	+0.0440	0.020	1.62	1.62	Base 6 (pad)	38.2	6.20	-440.1	Bases/Base_6/TreadmillArtV131/ForwardChevron02_1 . Left	Bases/Base_6/TreadmillArtV131/ForwardChevron02_2 . Left	saved+saved	SmoothPlastic / Neon	
454	tight	same	look	strict	+0.0440	0.020	1.62	1.62	Base 1 (pad)	-157.7	6.20	-144.8	Bases/Base_1/TreadmillArtV131/ForwardChevron01_1 . Left	Bases/Base_1/TreadmillArtV131/ForwardChevron01_2 . Left	saved+saved	SmoothPlastic / Neon	
455	tight	same	look	strict	+0.0440	0.020	1.62	1.62	Base 1 (pad)	-162.7	6.20	-144.8	Bases/Base_1/TreadmillArtV131/ForwardChevron02_1 . Left	Bases/Base_1/TreadmillArtV131/ForwardChevron02_2 . Left	saved+saved	SmoothPlastic / Neon	
456	tight	same	look	strict	+0.0440	0.020	1.57	1.57	Base 3 (pad)	-157.8	6.20	-321.4	Bases/Base_3/TreadmillArtV131/ForwardChevron01_1 . Left	Bases/Base_3/TreadmillArtV131/ForwardChevron01_2 . Left	saved+saved	SmoothPlastic / Neon	
457	tight	same	look	strict	+0.0440	0.020	1.57	1.57	Base 3 (pad)	-162.8	6.20	-321.4	Bases/Base_3/TreadmillArtV131/ForwardChevron02_1 . Left	Bases/Base_3/TreadmillArtV131/ForwardChevron02_2 . Left	saved+saved	SmoothPlastic / Neon	
458	tight	same	look	strict	+0.0440	0.020	1.57	1.57	Base 2 (pad)	157.8	6.20	-217.2	Bases/Base_2/TreadmillArtV131/ForwardChevron01_1 . Left	Bases/Base_2/TreadmillArtV131/ForwardChevron01_2 . Left	saved+saved	SmoothPlastic / Neon	
459	tight	same	look	strict	+0.0440	0.020	1.57	1.57	Base 2 (pad)	162.8	6.20	-217.2	Bases/Base_2/TreadmillArtV131/ForwardChevron02_1 . Left	Bases/Base_2/TreadmillArtV131/ForwardChevron02_2 . Left	saved+saved	SmoothPlastic / Neon	
460	tight	same	look	strict	+0.0440	0.020	1.57	1.57	Base 5 (pad)	-110.6	6.20	-435.2	Bases/Base_5/TreadmillArtV131/ForwardChevron01_1 . Left	Bases/Base_5/TreadmillArtV131/ForwardChevron01_2 . Left	saved+saved	SmoothPlastic / Neon	
461	tight	same	look	strict	+0.0440	0.020	1.57	1.57	Base 5 (pad)	-110.6	6.20	-440.2	Bases/Base_5/TreadmillArtV131/ForwardChevron02_1 . Left	Bases/Base_5/TreadmillArtV131/ForwardChevron02_2 . Left	saved+saved	SmoothPlastic / Neon	
462	tight	same	look	strict	+0.0440	0.020	1.57	1.57	Base 4 (pad)	157.8	6.20	-394.7	Bases/Base_4/TreadmillArtV131/ForwardChevron01_1 . Left	Bases/Base_4/TreadmillArtV131/ForwardChevron01_2 . Left	saved+saved	SmoothPlastic / Neon	
463	tight	same	look	strict	+0.0440	0.020	1.57	1.57	Base 4 (pad)	162.8	6.20	-394.7	Bases/Base_4/TreadmillArtV131/ForwardChevron02_1 . Left	Bases/Base_4/TreadmillArtV131/ForwardChevron02_2 . Left	saved+saved	SmoothPlastic / Neon	
464	tight	same	look	strict	+0.0440	0.020	1.57	1.57	Base 6 (pad)	37.4	6.20	-435.2	Bases/Base_6/TreadmillArtV131/ForwardChevron01_1 . Left	Bases/Base_6/TreadmillArtV131/ForwardChevron01_2 . Left	saved+saved	SmoothPlastic / Neon	
465	tight	same	look	strict	+0.0440	0.020	1.57	1.57	Base 6 (pad)	37.4	6.20	-440.2	Bases/Base_6/TreadmillArtV131/ForwardChevron02_1 . Left	Bases/Base_6/TreadmillArtV131/ForwardChevron02_2 . Left	saved+saved	SmoothPlastic / Neon	
466	tight	same	look	strict	+0.0440	0.020	1.57	1.57	Base 1 (pad)	-157.8	6.20	-143.9	Bases/Base_1/TreadmillArtV131/ForwardChevron01_1 . Left	Bases/Base_1/TreadmillArtV131/ForwardChevron01_2 . Left	saved+saved	SmoothPlastic / Neon	
467	tight	same	look	strict	+0.0440	0.020	1.57	1.57	Base 1 (pad)	-162.8	6.20	-143.9	Bases/Base_1/TreadmillArtV131/ForwardChevron02_1 . Left	Bases/Base_1/TreadmillArtV131/ForwardChevron02_2 . Left	saved+saved	SmoothPlastic / Neon	
468	tight	same	look	strict	+0.0500	0.020	1.30	1.30	Base 3 (pad)	-169.1	5.69	-331.0	Bases/Base_3/TreadmillArtV131/TreadmillDress151/Accent plinth glow band . Top	Bases/Base_3/TreadmillArtV131/TreadmillDress151/Accent plinth . Top	built+built	Neon / Slate	
469	tight	same	look	strict	+0.0500	0.020	1.30	1.30	Base 3 (pad)	-169.1	5.69	-317.1	Bases/Base_3/TreadmillArtV131/TreadmillDress151/Accent plinth glow band . Top	Bases/Base_3/TreadmillArtV131/TreadmillDress151/Accent plinth . Top	built+built	Neon / Slate	
470	tight	same	look	strict	+0.0500	0.020	1.30	1.30	Base 5 (pad)	-101.0	5.69	-446.4	Bases/Base_5/TreadmillArtV131/TreadmillDress151/Accent plinth glow band . Top	Bases/Base_5/TreadmillArtV131/TreadmillDress151/Accent plinth . Top	built+built	Neon / Slate	
471	tight	same	look	strict	+0.0500	0.020	1.30	1.30	Base 5 (pad)	-115.0	5.69	-446.4	Bases/Base_5/TreadmillArtV131/TreadmillDress151/Accent plinth glow band . Top	Bases/Base_5/TreadmillArtV131/TreadmillDress151/Accent plinth . Top	built+built	Neon / Slate	
472	tight	same	look	strict	+0.0500	0.020	1.30	1.30	Base 6 (pad)	47.0	5.69	-446.4	Bases/Base_6/TreadmillArtV131/TreadmillDress151/Accent plinth glow band . Top	Bases/Base_6/TreadmillArtV131/TreadmillDress151/Accent plinth . Top	built+built	Neon / Slate	
473	tight	same	look	strict	+0.0500	0.020	1.30	1.30	Base 6 (pad)	33.0	5.69	-446.4	Bases/Base_6/TreadmillArtV131/TreadmillDress151/Accent plinth glow band . Top	Bases/Base_6/TreadmillArtV131/TreadmillDress151/Accent plinth . Top	built+built	Neon / Slate	
474	tight	same	look	strict	+0.0500	0.020	1.30	1.30	Base 1 (pad)	-169.1	5.69	-153.5	Bases/Base_1/TreadmillArtV131/TreadmillDress151/Accent plinth glow band . Top	Bases/Base_1/TreadmillArtV131/TreadmillDress151/Accent plinth . Top	built+built	Neon / Slate	
475	tight	same	look	strict	+0.0500	0.020	1.30	1.30	Base 1 (pad)	-169.1	5.69	-139.6	Bases/Base_1/TreadmillArtV131/TreadmillDress151/Accent plinth glow band . Top	Bases/Base_1/TreadmillArtV131/TreadmillDress151/Accent plinth . Top	built+built	Neon / Slate	
476	tight	same	look	strict	+0.0700	0.020	1.82	1.09	Market square	-20.0	6.25	-301.2	EconomyHub/MerchantStands/FruitOfTheHour/Column inlay . Front	EconomyHub/MerchantStands/FruitOfTheHour/Pedestal plaque . Front	built+built	SmoothPlastic / SmoothPlastic	
477	tight	same	look	strict	+0.0500	0.020	1.04	1.04	Base 2 (pad)	169.1	5.69	-207.6	Bases/Base_2/TreadmillArtV131/TreadmillDress151/Accent plinth glow band . Top	Bases/Base_2/TreadmillArtV131/TreadmillDress151/Accent plinth . Top	built+built	Neon / Slate	
478	tight	same	look	strict	+0.0500	0.020	1.04	1.04	Base 2 (pad)	169.1	5.69	-221.5	Bases/Base_2/TreadmillArtV131/TreadmillDress151/Accent plinth glow band . Top	Bases/Base_2/TreadmillArtV131/TreadmillDress151/Accent plinth . Top	built+built	Neon / Slate	
479	tight	same	look	strict	+0.0500	0.020	0.89	0.89	Base 4 (pad)	168.6	5.64	-385.9	Bases/Base_4/TreadmillArtV131/TreadmillDress151/Accent plinth glow band . Top	Bases/Base_4/TreadmillArtV131/TreadmillDress151/Accent plinth . Top	built+built	Neon / Slate	
480	tight	same	look	strict	+0.0500	0.020	0.89	0.89	Base 4 (pad)	168.6	5.64	-398.1	Bases/Base_4/TreadmillArtV131/TreadmillDress151/Accent plinth glow band . Top	Bases/Base_4/TreadmillArtV131/TreadmillDress151/Accent plinth . Top	built+built	Neon / Slate	
481	tight	same	look	strict	+0.0580	0.020	0.77	0.77	Base 3 (pad)	-157.6	6.14	-321.5	Bases/Base_3/TreadmillArtV131/Track surface . Top	Bases/Base_3/TreadmillArtV131/ForwardChevron01_1 . Left	saved+saved	SmoothPlastic / SmoothPlastic	
482	tight	same	look	strict	+0.0580	0.020	0.77	0.77	Base 3 (pad)	-157.7	6.14	-322.4	Bases/Base_3/TreadmillArtV131/Track surface . Top	Bases/Base_3/TreadmillArtV131/ForwardChevron01_1 . Left	saved+saved	SmoothPlastic / SmoothPlastic	
483	tight	same	look	strict	+0.0580	0.020	0.77	0.77	Base 3 (pad)	-162.6	6.14	-321.5	Bases/Base_3/TreadmillArtV131/Track surface . Top	Bases/Base_3/TreadmillArtV131/ForwardChevron02_1 . Left	saved+saved	SmoothPlastic / SmoothPlastic	
484	tight	same	look	strict	+0.0580	0.020	0.77	0.77	Base 3 (pad)	-162.7	6.14	-322.4	Bases/Base_3/TreadmillArtV131/Track surface . Top	Bases/Base_3/TreadmillArtV131/ForwardChevron02_1 . Left	saved+saved	SmoothPlastic / SmoothPlastic	
485	tight	same	look	strict	+0.0580	0.020	0.77	0.77	Base 2 (pad)	157.6	6.14	-217.1	Bases/Base_2/TreadmillArtV131/Track surface . Top	Bases/Base_2/TreadmillArtV131/ForwardChevron01_1 . Left	saved+saved	Sand / SmoothPlastic	
486	tight	same	look	strict	+0.0580	0.020	0.77	0.77	Base 2 (pad)	157.7	6.14	-216.1	Bases/Base_2/TreadmillArtV131/Track surface . Top	Bases/Base_2/TreadmillArtV131/ForwardChevron01_1 . Left	saved+saved	Sand / SmoothPlastic	
487	tight	same	look	strict	+0.0580	0.020	0.77	0.77	Base 2 (pad)	162.6	6.14	-217.1	Bases/Base_2/TreadmillArtV131/Track surface . Top	Bases/Base_2/TreadmillArtV131/ForwardChevron02_1 . Left	saved+saved	Sand / SmoothPlastic	
488	tight	same	look	strict	+0.0580	0.020	0.77	0.77	Base 2 (pad)	162.7	6.14	-216.1	Bases/Base_2/TreadmillArtV131/Track surface . Top	Bases/Base_2/TreadmillArtV131/ForwardChevron02_1 . Left	saved+saved	Sand / SmoothPlastic	
489	tight	same	look	strict	+0.0580	0.020	0.77	0.77	Base 5 (pad)	-110.5	6.14	-434.9	Bases/Base_5/TreadmillArtV131/Track surface . Top	Bases/Base_5/TreadmillArtV131/ForwardChevron01_1 . Left	saved+saved	SmoothPlastic / SmoothPlastic	
490	tight	same	look	strict	+0.0580	0.020	0.77	0.77	Base 5 (pad)	-109.6	6.14	-435.0	Bases/Base_5/TreadmillArtV131/Track surface . Top	Bases/Base_5/TreadmillArtV131/ForwardChevron01_1 . Left	saved+saved	SmoothPlastic / SmoothPlastic	
491	tight	same	look	strict	+0.0580	0.020	0.77	0.77	Base 5 (pad)	-110.5	6.14	-439.9	Bases/Base_5/TreadmillArtV131/Track surface . Top	Bases/Base_5/TreadmillArtV131/ForwardChevron02_1 . Left	saved+saved	SmoothPlastic / SmoothPlastic	
492	tight	same	look	strict	+0.0580	0.020	0.77	0.77	Base 5 (pad)	-109.6	6.14	-440.0	Bases/Base_5/TreadmillArtV131/Track surface . Top	Bases/Base_5/TreadmillArtV131/ForwardChevron02_1 . Left	saved+saved	SmoothPlastic / SmoothPlastic	
493	tight	same	look	strict	+0.0580	0.020	0.77	0.77	Base 4 (pad)	157.6	6.14	-394.5	Bases/Base_4/TreadmillArtV131/Track surface . Top	Bases/Base_4/TreadmillArtV131/ForwardChevron01_1 . Left	saved+saved	Neon / SmoothPlastic	
494	tight	same	look	strict	+0.0580	0.020	0.77	0.77	Base 4 (pad)	157.7	6.14	-393.6	Bases/Base_4/TreadmillArtV131/Track surface . Top	Bases/Base_4/TreadmillArtV131/ForwardChevron01_1 . Left	saved+saved	Neon / SmoothPlastic	
495	tight	same	look	strict	+0.0580	0.020	0.77	0.77	Base 4 (pad)	162.6	6.14	-394.5	Bases/Base_4/TreadmillArtV131/Track surface . Top	Bases/Base_4/TreadmillArtV131/ForwardChevron02_1 . Left	saved+saved	Neon / SmoothPlastic	
496	tight	same	look	strict	+0.0580	0.020	0.77	0.77	Base 4 (pad)	162.7	6.14	-393.6	Bases/Base_4/TreadmillArtV131/Track surface . Top	Bases/Base_4/TreadmillArtV131/ForwardChevron02_1 . Left	saved+saved	Neon / SmoothPlastic	
497	tight	same	look	strict	+0.0580	0.020	0.77	0.77	Base 6 (pad)	37.5	6.14	-434.9	Bases/Base_6/TreadmillArtV131/Track surface . Top	Bases/Base_6/TreadmillArtV131/ForwardChevron01_1 . Left	saved+saved	SmoothPlastic / SmoothPlastic	
498	tight	same	look	strict	+0.0580	0.020	0.77	0.77	Base 6 (pad)	38.4	6.14	-435.0	Bases/Base_6/TreadmillArtV131/Track surface . Top	Bases/Base_6/TreadmillArtV131/ForwardChevron01_1 . Left	saved+saved	SmoothPlastic / SmoothPlastic	
499	tight	same	look	strict	+0.0580	0.020	0.77	0.77	Base 6 (pad)	37.5	6.14	-439.9	Bases/Base_6/TreadmillArtV131/Track surface . Top	Bases/Base_6/TreadmillArtV131/ForwardChevron02_1 . Left	saved+saved	SmoothPlastic / SmoothPlastic	
500	tight	same	look	strict	+0.0580	0.020	0.77	0.77	Base 6 (pad)	38.4	6.14	-440.0	Bases/Base_6/TreadmillArtV131/Track surface . Top	Bases/Base_6/TreadmillArtV131/ForwardChevron02_1 . Left	saved+saved	SmoothPlastic / SmoothPlastic	
501	tight	same	look	strict	+0.0580	0.020	0.77	0.77	Base 1 (pad)	-157.6	6.14	-144.0	Bases/Base_1/TreadmillArtV131/Track surface . Top	Bases/Base_1/TreadmillArtV131/ForwardChevron01_1 . Left	saved+saved	SmoothPlastic / SmoothPlastic	
502	tight	same	look	strict	+0.0580	0.020	0.77	0.77	Base 1 (pad)	-157.7	6.14	-144.9	Bases/Base_1/TreadmillArtV131/Track surface . Top	Bases/Base_1/TreadmillArtV131/ForwardChevron01_1 . Left	saved+saved	SmoothPlastic / SmoothPlastic	
503	tight	same	look	strict	+0.0580	0.020	0.77	0.77	Base 1 (pad)	-162.6	6.14	-144.0	Bases/Base_1/TreadmillArtV131/Track surface . Top	Bases/Base_1/TreadmillArtV131/ForwardChevron02_1 . Left	saved+saved	SmoothPlastic / SmoothPlastic	
504	tight	same	look	strict	+0.0580	0.020	0.77	0.77	Base 1 (pad)	-162.7	6.14	-144.9	Bases/Base_1/TreadmillArtV131/Track surface . Top	Bases/Base_1/TreadmillArtV131/ForwardChevron02_1 . Left	saved+saved	SmoothPlastic / SmoothPlastic	
505	tight	same	look	strict	+0.0580	0.020	0.71	0.71	Base 3 (pad)	-157.2	6.14	-325.6	Bases/Base_3/TreadmillArtV131/Track surface . Top	Bases/Base_3/TreadmillArtV131/ForwardChevron01_1 . Right	saved+saved	SmoothPlastic / SmoothPlastic	
506	tight	same	look	strict	+0.0580	0.020	0.71	0.71	Base 3 (pad)	-158.1	6.14	-326.6	Bases/Base_3/TreadmillArtV131/Track surface . Top	Bases/Base_3/TreadmillArtV131/ForwardChevron01_1 . Right	saved+saved	SmoothPlastic / SmoothPlastic	
507	tight	same	look	strict	+0.0580	0.020	0.71	0.71	Base 3 (pad)	-162.2	6.14	-325.6	Bases/Base_3/TreadmillArtV131/Track surface . Top	Bases/Base_3/TreadmillArtV131/ForwardChevron02_1 . Right	saved+saved	SmoothPlastic / SmoothPlastic	
508	tight	same	look	strict	+0.0580	0.020	0.71	0.71	Base 3 (pad)	-163.1	6.14	-326.6	Bases/Base_3/TreadmillArtV131/Track surface . Top	Bases/Base_3/TreadmillArtV131/ForwardChevron02_1 . Right	saved+saved	SmoothPlastic / SmoothPlastic	
509	tight	same	look	strict	+0.0580	0.020	0.71	0.71	Base 2 (pad)	157.2	6.14	-213.0	Bases/Base_2/TreadmillArtV131/Track surface . Top	Bases/Base_2/TreadmillArtV131/ForwardChevron01_1 . Right	saved+saved	Sand / SmoothPlastic	
510	tight	same	look	strict	+0.0580	0.020	0.71	0.71	Base 2 (pad)	158.1	6.14	-212.0	Bases/Base_2/TreadmillArtV131/Track surface . Top	Bases/Base_2/TreadmillArtV131/ForwardChevron01_1 . Right	saved+saved	Sand / SmoothPlastic	
511	tight	same	look	strict	+0.0580	0.020	0.71	0.71	Base 2 (pad)	162.2	6.14	-213.0	Bases/Base_2/TreadmillArtV131/Track surface . Top	Bases/Base_2/TreadmillArtV131/ForwardChevron02_1 . Right	saved+saved	Sand / SmoothPlastic	
512	tight	same	look	strict	+0.0580	0.020	0.71	0.71	Base 2 (pad)	163.1	6.14	-212.0	Bases/Base_2/TreadmillArtV131/Track surface . Top	Bases/Base_2/TreadmillArtV131/ForwardChevron02_1 . Right	saved+saved	Sand / SmoothPlastic	
513	tight	same	look	strict	+0.0580	0.020	0.71	0.71	Base 5 (pad)	-106.5	6.14	-434.5	Bases/Base_5/TreadmillArtV131/Track surface . Top	Bases/Base_5/TreadmillArtV131/ForwardChevron01_1 . Right	saved+saved	SmoothPlastic / SmoothPlastic	
514	tight	same	look	strict	+0.0580	0.020	0.71	0.71	Base 5 (pad)	-105.5	6.14	-435.4	Bases/Base_5/TreadmillArtV131/Track surface . Top	Bases/Base_5/TreadmillArtV131/ForwardChevron01_1 . Right	saved+saved	SmoothPlastic / SmoothPlastic	
515	tight	same	look	strict	+0.0580	0.020	0.71	0.71	Base 5 (pad)	-106.5	6.14	-439.5	Bases/Base_5/TreadmillArtV131/Track surface . Top	Bases/Base_5/TreadmillArtV131/ForwardChevron02_1 . Right	saved+saved	SmoothPlastic / SmoothPlastic	
516	tight	same	look	strict	+0.0580	0.020	0.71	0.71	Base 5 (pad)	-105.5	6.14	-440.4	Bases/Base_5/TreadmillArtV131/Track surface . Top	Bases/Base_5/TreadmillArtV131/ForwardChevron02_1 . Right	saved+saved	SmoothPlastic / SmoothPlastic	
517	tight	same	look	strict	+0.0580	0.020	0.71	0.71	Base 4 (pad)	157.2	6.14	-390.5	Bases/Base_4/TreadmillArtV131/Track surface . Top	Bases/Base_4/TreadmillArtV131/ForwardChevron01_1 . Right	saved+saved	Neon / SmoothPlastic	
518	tight	same	look	strict	+0.0580	0.020	0.71	0.71	Base 4 (pad)	158.1	6.14	-389.5	Bases/Base_4/TreadmillArtV131/Track surface . Top	Bases/Base_4/TreadmillArtV131/ForwardChevron01_1 . Right	saved+saved	Neon / SmoothPlastic	
519	tight	same	look	strict	+0.0580	0.020	0.71	0.71	Base 4 (pad)	162.2	6.14	-390.5	Bases/Base_4/TreadmillArtV131/Track surface . Top	Bases/Base_4/TreadmillArtV131/ForwardChevron02_1 . Right	saved+saved	Neon / SmoothPlastic	
520	tight	same	look	strict	+0.0580	0.020	0.71	0.71	Base 4 (pad)	163.1	6.14	-389.5	Bases/Base_4/TreadmillArtV131/Track surface . Top	Bases/Base_4/TreadmillArtV131/ForwardChevron02_1 . Right	saved+saved	Neon / SmoothPlastic	
521	tight	same	look	strict	+0.0580	0.020	0.71	0.71	Base 6 (pad)	41.5	6.14	-434.5	Bases/Base_6/TreadmillArtV131/Track surface . Top	Bases/Base_6/TreadmillArtV131/ForwardChevron01_1 . Right	saved+saved	SmoothPlastic / SmoothPlastic	
522	tight	same	look	strict	+0.0580	0.020	0.71	0.71	Base 6 (pad)	42.5	6.14	-435.4	Bases/Base_6/TreadmillArtV131/Track surface . Top	Bases/Base_6/TreadmillArtV131/ForwardChevron01_1 . Right	saved+saved	SmoothPlastic / SmoothPlastic	
523	tight	same	look	strict	+0.0580	0.020	0.71	0.71	Base 6 (pad)	41.5	6.14	-439.5	Bases/Base_6/TreadmillArtV131/Track surface . Top	Bases/Base_6/TreadmillArtV131/ForwardChevron02_1 . Right	saved+saved	SmoothPlastic / SmoothPlastic	
524	tight	same	look	strict	+0.0580	0.020	0.71	0.71	Base 6 (pad)	42.5	6.14	-440.4	Bases/Base_6/TreadmillArtV131/Track surface . Top	Bases/Base_6/TreadmillArtV131/ForwardChevron02_1 . Right	saved+saved	SmoothPlastic / SmoothPlastic	
525	tight	same	look	strict	+0.0580	0.020	0.71	0.71	Base 1 (pad)	-157.2	6.14	-148.1	Bases/Base_1/TreadmillArtV131/Track surface . Top	Bases/Base_1/TreadmillArtV131/ForwardChevron01_1 . Right	saved+saved	SmoothPlastic / SmoothPlastic	
526	tight	same	look	strict	+0.0580	0.020	0.71	0.71	Base 1 (pad)	-158.1	6.14	-149.1	Bases/Base_1/TreadmillArtV131/Track surface . Top	Bases/Base_1/TreadmillArtV131/ForwardChevron01_1 . Right	saved+saved	SmoothPlastic / SmoothPlastic	
527	tight	same	look	strict	+0.0580	0.020	0.71	0.71	Base 1 (pad)	-162.2	6.14	-148.1	Bases/Base_1/TreadmillArtV131/Track surface . Top	Bases/Base_1/TreadmillArtV131/ForwardChevron02_1 . Right	saved+saved	SmoothPlastic / SmoothPlastic	
528	tight	same	look	strict	+0.0580	0.020	0.71	0.71	Base 1 (pad)	-163.1	6.14	-149.1	Bases/Base_1/TreadmillArtV131/Track surface . Top	Bases/Base_1/TreadmillArtV131/ForwardChevron02_1 . Right	saved+saved	SmoothPlastic / SmoothPlastic	
529	tight	same	look	strict	+0.0600	0.020	3.90	0.58	Market square	-20.0	6.25	-297.4	EconomyHub/MerchantStands/FruitOfTheHour/Pedestal column . Back	EconomyHub/MerchantStands/FruitOfTheHour/Column inlay . Front	built+built	SmoothPlastic / SmoothPlastic	
530	tight	same	look	strict	+0.0500	0.020	1.82	0.27	Base 4 (pad)	153.1	8.70	-392.0	Bases/Base_4/TreadmillArtV131/Forge shield underbite . Back	Bases/Base_4/TreadmillArtV131/Forge console shield . Back	built+built	Basalt / Basalt	
531	tight	same	look	strict	+0.0600	0.020	0.78	0.23	Base 5 (pad)	-101.9	5.96	-430.2	Bases/Base_5/TreadmillArtV131/Temple pillar foot . Bottom	Bases/Base_5/TreadmillArtV131/Temple pillar . Bottom	built+built	Sandstone / Slate	
532	tight	same	look	strict	+0.0600	0.020	0.78	0.23	Base 5 (pad)	-101.9	5.96	-441.7	Bases/Base_5/TreadmillArtV131/Temple pillar foot . Bottom	Bases/Base_5/TreadmillArtV131/Temple pillar . Bottom	built+built	Sandstone / Slate	
533	tight	same	look	strict	+0.0600	0.020	0.78	0.23	Base 5 (pad)	-114.1	5.96	-430.2	Bases/Base_5/TreadmillArtV131/Temple pillar foot . Bottom	Bases/Base_5/TreadmillArtV131/Temple pillar . Bottom	built+built	Sandstone / Slate	
534	tight	same	look	strict	+0.0600	0.020	0.78	0.23	Base 5 (pad)	-114.1	5.96	-441.7	Bases/Base_5/TreadmillArtV131/Temple pillar foot . Bottom	Bases/Base_5/TreadmillArtV131/Temple pillar . Bottom	built+built	Sandstone / Slate	
535	tight	same	look	strict	+0.0600	0.020	1.50	0.22	Market square	-20.0	6.25	-301.2	EconomyHub/MerchantStands/FruitOfTheHour/Pedestal column . Front	EconomyHub/MerchantStands/FruitOfTheHour/Column inlay . Front	built+built	SmoothPlastic / SmoothPlastic	
536	tight	same	texture	strict	+0.0662	0.020	0.59	0.18	lawn / floor 8 studs from Curb	170.4	7.54	-252.6	HubLife151/Cell 1:-3/core/Palm trunk . Right	HubLife151/Cell 1:-3/core/Palm trunk . Right	built+built	Plastic / Plastic	
537	tight	same	texture	strict	+0.0662	0.020	0.59	0.18	lawn / floor 9 studs from Curb	169.4	7.54	-252.4	HubLife151/Cell 1:-3/core/Palm trunk . Left	HubLife151/Cell 1:-3/core/Palm trunk . Left	built+built	Plastic / Plastic	
538	tight	same	texture	strict	+0.0657	0.020	0.58	0.17	lawn / floor 4 studs from Garden nook	300.3	7.47	-286.5	HubLife151/Cell 3:-3/core/Palm trunk . Right	HubLife151/Cell 3:-3/core/Palm trunk . Right	built+built	Plastic / Plastic	
539	tight	same	texture	strict	+0.0658	0.020	0.58	0.17	lawn / floor 4 studs from Garden nook	299.4	7.47	-286.2	HubLife151/Cell 3:-3/core/Palm trunk . Left	HubLife151/Cell 3:-3/core/Palm trunk . Left	built+built	Plastic / Plastic	
540	tight	same	look	strict	+0.0425	0.020	0.23	0.09	market	-19.0	10.29	-283.4	EconomyHub/MerchantStands/Window horizontal frame . Right	EconomyHub/MerchantStands/Corner timber . Right	built+built	SmoothPlastic / SmoothPlastic	
541	tight	same	look	strict	+0.0425	0.020	0.23	0.09	market	19.0	10.29	-283.4	EconomyHub/MerchantStands/Window horizontal frame . Left	EconomyHub/MerchantStands/Corner timber . Left	built+built	SmoothPlastic / SmoothPlastic	
542	tight	same	texture	strict	+0.0379	0.020	0.24	0.07	lawn / floor 2 studs from Curb	-8.3	10.14	-560.1	HubLife151/Cell -1:-6/detail/Pine snow . Right	HubLife151/Cell -1:-6/detail/Snow rim . Left	built+built	Plastic / Plastic	
543	tight	same	texture	strict	+0.0379	0.020	0.24	0.07	lawn / floor 3 studs from Curb	-9.1	10.14	-559.9	HubLife151/Cell -1:-6/detail/Pine snow . Left	HubLife151/Cell -1:-6/detail/Snow rim . Right	built+built	Plastic / Plastic	
544	tight	same	texture	strict	+0.0379	0.020	0.24	0.07	lawn / floor 2 studs from Curb	-8.6	10.14	-559.6	HubLife151/Cell -1:-6/detail/Pine snow . Back	HubLife151/Cell -1:-6/detail/Snow rim . Front	built+built	Plastic / Plastic	
545	tight	same	texture	strict	+0.0379	0.020	0.24	0.07	lawn / floor 2 studs from Curb	-8.8	10.14	-560.4	HubLife151/Cell -1:-6/detail/Pine snow . Front	HubLife151/Cell -1:-6/detail/Snow rim . Back	built+built	Plastic / Plastic	
546	tight	same	texture	strict	+0.0371	0.020	0.23	0.07	lawn / floor 1 studs from Lane nook	9.1	10.01	-585.2	HubLife151/Cell 0:-6/detail/Pine snow . Right	HubLife151/Cell 0:-6/detail/Snow rim . Left	built+built	Plastic / Plastic	
547	tight	same	texture	strict	+0.0371	0.020	0.23	0.07	lawn / floor 1 studs from Lane nook	8.3	10.01	-584.8	HubLife151/Cell 0:-6/detail/Pine snow . Left	HubLife151/Cell 0:-6/detail/Snow rim . Right	built+built	Plastic / Plastic	
548	tight	same	texture	strict	+0.0371	0.020	0.23	0.07	lawn / floor 1 studs from Lane nook	8.9	10.01	-584.6	HubLife151/Cell 0:-6/detail/Pine snow . Back	HubLife151/Cell 0:-6/detail/Snow rim . Front	built+built	Plastic / Plastic	
549	tight	same	texture	strict	+0.0371	0.020	0.23	0.07	lawn / floor 1 studs from Lane nook	8.5	10.01	-585.4	HubLife151/Cell 0:-6/detail/Pine snow . Front	HubLife151/Cell 0:-6/detail/Snow rim . Back	built+built	Plastic / Plastic	
550	tight	same	look	strict	+0.0425	0.020	0.18	0.07	market	20.6	10.29	-254.2	EconomyHub/MerchantStands/Window horizontal frame . Right	EconomyHub/MerchantStands/Corner timber . Right	built+built	SmoothPlastic / SmoothPlastic	
551	tight	same	look	strict	+0.0425	0.020	0.18	0.07	market	-20.6	10.29	-254.2	EconomyHub/MerchantStands/Window horizontal frame . Left	EconomyHub/MerchantStands/Corner timber . Left	built+built	SmoothPlastic / SmoothPlastic	
552	tight	same	look	strict	+0.0425	0.020	0.23	0.06	market	20.6	20.32	-283.4	EconomyHub/MerchantStands/Window horizontal frame . Right	EconomyHub/MerchantStands/Corner timber . Right	built+built	SmoothPlastic / SmoothPlastic	
553	tight	same	look	strict	+0.0425	0.020	0.23	0.06	market	20.6	20.32	-254.2	EconomyHub/MerchantStands/Window horizontal frame . Right	EconomyHub/MerchantStands/Corner timber . Right	built+built	SmoothPlastic / SmoothPlastic	
554	tight	same	look	strict	+0.0425	0.020	0.23	0.06	market	-20.6	20.32	-283.4	EconomyHub/MerchantStands/Window horizontal frame . Left	EconomyHub/MerchantStands/Corner timber . Left	built+built	SmoothPlastic / SmoothPlastic	
555	tight	same	look	strict	+0.0425	0.020	0.23	0.06	market	-20.6	20.32	-254.2	EconomyHub/MerchantStands/Window horizontal frame . Left	EconomyHub/MerchantStands/Corner timber . Left	built+built	SmoothPlastic / SmoothPlastic	
556	tight	same	look	strict	+0.0425	0.020	0.16	0.06	market	20.6	10.29	-283.4	EconomyHub/MerchantStands/Window horizontal frame . Right	EconomyHub/MerchantStands/Corner timber . Right	built+built	SmoothPlastic / SmoothPlastic	
557	tight	same	look	strict	+0.0425	0.020	0.16	0.06	market	-20.6	10.29	-283.4	EconomyHub/MerchantStands/Window horizontal frame . Left	EconomyHub/MerchantStands/Corner timber . Left	built+built	SmoothPlastic / SmoothPlastic	
558	tight	same	look	strict	+0.0425	0.020	0.09	0.04	market	-19.0	10.29	-254.2	EconomyHub/MerchantStands/Window horizontal frame . Right	EconomyHub/MerchantStands/Corner timber . Right	built+built	SmoothPlastic / SmoothPlastic	
559	tight	same	look	strict	+0.0425	0.020	0.09	0.04	market	19.0	10.29	-254.2	EconomyHub/MerchantStands/Window horizontal frame . Left	EconomyHub/MerchantStands/Corner timber . Left	built+built	SmoothPlastic / SmoothPlastic	
560	tight	same	look	strict	+0.0425	0.020	0.14	0.03	market	-19.0	20.32	-283.4	EconomyHub/MerchantStands/Window horizontal frame . Right	EconomyHub/MerchantStands/Corner timber . Right	built+built	SmoothPlastic / SmoothPlastic	
561	tight	same	look	strict	+0.0425	0.020	0.14	0.03	market	19.0	20.32	-283.4	EconomyHub/MerchantStands/Window horizontal frame . Left	EconomyHub/MerchantStands/Corner timber . Left	built+built	SmoothPlastic / SmoothPlastic	
562	tight	same	look	strict	+0.0425	0.020	0.09	0.02	market	-19.0	20.32	-254.2	EconomyHub/MerchantStands/Window horizontal frame . Right	EconomyHub/MerchantStands/Corner timber . Right	built+built	SmoothPlastic / SmoothPlastic	
563	tight	same	look	strict	+0.0425	0.020	0.09	0.02	market	19.0	20.32	-254.2	EconomyHub/MerchantStands/Window horizontal frame . Left	EconomyHub/MerchantStands/Corner timber . Left	built+built	SmoothPlastic / SmoothPlastic	
564	tight	same	look	strict	+0.0240	0.020	0.06	0.02	market	-21.7	7.10	-290.6	EconomyHub/MerchantStands/MarketShowcase/Market fruit/Harvest_1/Squared ash tomato . Top	EconomyHub/MerchantStands/MarketShowcase/Market fruit/Harvest_1/Flat ash patch . Top	built+built	SmoothPlastic / SmoothPlastic	the market showcase's approved plant art (PlantArt*: same-size crystals, colours 8 - 9 / 255 apart, 0.11 stud2 each)
565	tight	same	look	strict	+0.0240	0.020	0.06	0.02	market	-24.8	7.10	-291.1	EconomyHub/MerchantStands/MarketShowcase/Market fruit/Harvest_1/Squared ash tomato . Top	EconomyHub/MerchantStands/MarketShowcase/Market fruit/Harvest_1/Flat ash patch . Top	built+built	SmoothPlastic / SmoothPlastic	the market showcase's approved plant art (PlantArt*: same-size crystals, colours 8 - 9 / 255 apart, 0.11 stud2 each)
566	tight	same	look	strict	+0.0240	0.020	0.06	0.02	market	-23.5	7.10	-290.9	EconomyHub/MerchantStands/MarketShowcase/Market fruit/Harvest_1/Squared ash tomato . Top	EconomyHub/MerchantStands/MarketShowcase/Market fruit/Harvest_1/Flat ash patch . Top	built+built	SmoothPlastic / SmoothPlastic	the market showcase's approved plant art (PlantArt*: same-size crystals, colours 8 - 9 / 255 apart, 0.11 stud2 each)
567	tight	same	look	strict	+0.0240	0.020	0.05	0.02	market	-24.7	7.10	-290.4	EconomyHub/MerchantStands/MarketShowcase/Market fruit/Harvest_1/Squared ash tomato . Top	EconomyHub/MerchantStands/MarketShowcase/Market fruit/Harvest_1/Flat ash patch . Top	built+built	SmoothPlastic / SmoothPlastic	the market showcase's approved plant art (PlantArt*: same-size crystals, colours 8 - 9 / 255 apart, 0.11 stud2 each)
568	tight	same	look	strict	+0.0240	0.020	0.03	0.01	market	-23.1	7.10	-290.9	EconomyHub/MerchantStands/MarketShowcase/Market fruit/Harvest_1/Squared ash tomato . Top	EconomyHub/MerchantStands/MarketShowcase/Market fruit/Harvest_1/Flat ash patch . Top	built+built	SmoothPlastic / SmoothPlastic	the market showcase's approved plant art (PlantArt*: same-size crystals, colours 8 - 9 / 255 apart, 0.11 stud2 each)
569	tight	same	look	strict	+0.0240	0.020	0.03	0.01	market	-24.7	7.10	-290.8	EconomyHub/MerchantStands/MarketShowcase/Market fruit/Harvest_1/Squared ash tomato . Top	EconomyHub/MerchantStands/MarketShowcase/Market fruit/Harvest_1/Flat ash patch . Top	built+built	SmoothPlastic / SmoothPlastic	the market showcase's approved plant art (PlantArt*: same-size crystals, colours 8 - 9 / 255 apart, 0.11 stud2 each)
570	tight	same	look	strict	+0.0496	0.020	0.03	0.00	market	-8.8	6.99	-253.0	EconomyHub/MerchantStands/MarketShowcase/Market plant/PlantBase/Leaf canopy . Bottom	EconomyHub/MerchantStands/MarketShowcase/Market plant/PlantBase/Leaf canopy . Bottom	built+built	SmoothPlastic / SmoothPlastic	the market showcase's approved plant art (PlantArt*: same-size crystals, colours 8 - 9 / 255 apart, 0.11 stud2 each)
571	depth-safe	same	look	strict	+0.2000	0.049	5120.00	5120.00	market	0.0	4.00	-272.0	Lobby/LobbyFloor . Top	HubDecor151/Paths/Market square . Top	saved+built	Plastic / Brick	
572	depth-safe	same	look	strict	+0.2000	0.049	4284.00	4284.00	Side street	-118.0	4.00	-285.0	Lobby/LobbyFloor . Top	HubDecor151/Paths/Side street . Top	saved+built	Plastic / Cobblestone	
573	depth-safe	same	look	strict	+0.2000	0.049	4284.00	4284.00	Side street	118.0	4.00	-285.0	Lobby/LobbyFloor . Top	HubDecor151/Paths/Side street . Top	saved+built	Plastic / Cobblestone	
574	depth-safe	same	look	strict	+0.2000	0.049	3556.00	3556.00	Front street	0.0	4.00	-159.0	Lobby/LobbyFloor . Top	HubDecor151/Paths/Front street . Top	saved+built	Plastic / Cobblestone	
575	depth-safe	same	look	strict	+0.2000	0.049	3008.92	3008.92	South plaza	0.0	4.00	-411.0	Lobby/LobbyFloor . Top	HubDecor151/Paths/South street . Top	saved+built	Plastic / Cobblestone	
576	depth-safe	same	look	strict	+0.1400	0.049	2618.18	2618.18	Verity's dais	-0.0	4.00	-340.0	Lobby/LobbyFloor . Top	HubDecor151/Paths/Stage circle . Right	saved+built	Plastic / Cobblestone	
577	depth-safe	same	look	strict	+0.2000	0.049	2157.40	2157.40	Garden walk	-221.9	4.00	-269.0	Lobby/LobbyFloor . Top	HubDecor151/Paths/Garden walk . Top	saved+built	Plastic / Cobblestone	
578	depth-safe	same	look	strict	+0.2000	0.049	2157.40	2157.40	Garden walk	221.9	4.00	-269.0	Lobby/LobbyFloor . Top	HubDecor151/Paths/Garden walk . Top	saved+built	Plastic / Cobblestone	
579	depth-safe	same	look	strict	+0.2000	0.049	2112.00	2112.00	Back lane	-0.0	4.00	-506.0	Lobby/LobbyFloor . Top	HubDecor151/Paths/Back lane . Top	saved+built	Plastic / Cobblestone	
580	depth-safe	same	look	strict	+0.2600	0.049	1603.64	1603.64	giveaway pedestal	0.0	4.00	-392.0	Lobby/LobbyFloor . Top	HubDecor151/Paths/South plaza . Right	saved+built	Plastic / Brick	
581	depth-safe	same	look	strict	+0.2000	0.049	1584.00	1584.00	Avenue	-0.0	4.00	-199.0	Lobby/LobbyFloor . Top	HubDecor151/Paths/Avenue . Top	saved+built	Plastic / Cobblestone	
582	depth-safe	same	look	strict	+0.2000	0.049	1400.00	1400.00	Run-up lane SNOW	0.0	4.00	-111.3	Lobby/LobbyFloor . Top	Lobby/SafeZonePresentation/SafeZoneGroundTitle . Front	saved+saved	Plastic / SmoothPlastic	
583	depth-safe	same	look	strict	+0.1820	0.049	1000.58	1000.58	lawn / floor 31 studs from Base 5 (pad)	-164.0	4.00	-542.4	Lobby/LobbyFloor . Top	_WeatherWorldR149/Snow patches/Snow patch . Right	saved+built	Plastic / SmoothPlastic	
584	depth-safe	same	look	strict	+0.5060	0.049	842.79	842.79	lawn / floor 11 studs from hub wall	-319.9	4.00	-605.1	Lobby/LobbyFloor . Top	_WeatherWorldR149/Snow patches/Snow patch . Right	saved+built	Plastic / SmoothPlastic	
585	depth-safe	same	look	strict	+0.1820	0.049	796.61	796.61	lawn / floor 28 studs from hub wall	209.5	4.00	-588.1	Lobby/LobbyFloor . Top	_WeatherWorldR149/Snow patches/Snow patch . Right	saved+built	Plastic / SmoothPlastic	
586	depth-safe	same	look	strict	+0.1860	0.049	783.78	783.78	lawn / floor 41 studs from hub display (best pull)	279.8	4.00	-546.5	Lobby/LobbyFloor . Top	_WeatherWorldR149/Snow patches/Snow patch . Right	saved+built	Plastic / SmoothPlastic	
587	depth-safe	same	look	strict	+0.5060	0.049	743.97	743.97	lawn / floor 9 studs from hub wall	320.2	4.00	-607.0	Lobby/LobbyFloor . Top	_WeatherWorldR149/Snow patches/Snow patch . Right	saved+built	Plastic / SmoothPlastic	
588	depth-safe	same	look	strict	+0.1820	0.049	701.93	701.93	lawn / floor 36 studs from hub wall	173.0	4.00	-579.3	Lobby/LobbyFloor . Top	_WeatherWorldR149/Snow patches/Snow patch . Right	saved+built	Plastic / SmoothPlastic	
589	depth-safe	same	look	strict	+0.1860	0.049	700.72	700.72	lawn / floor 46 studs from hub display (best pull)	201.5	4.00	-467.6	Lobby/LobbyFloor . Top	_WeatherWorldR149/Snow patches/Snow patch . Right	saved+built	Plastic / SmoothPlastic	
590	depth-safe	same	look	strict	+0.1860	0.049	692.21	692.21	lawn / floor 37 studs from Base 5 (pad)	-170.4	4.00	-508.7	Lobby/LobbyFloor . Top	_WeatherWorldR149/Snow patches/Snow patch . Right	saved+built	Plastic / SmoothPlastic	
591	depth-safe	same	look	strict	+0.1860	0.049	691.37	691.37	lawn / floor 24 studs from hub display (biggest fruit)	-285.2	4.00	-520.2	Lobby/LobbyFloor . Top	_WeatherWorldR149/Snow patches/Snow patch . Right	saved+built	Plastic / SmoothPlastic	
592	depth-safe	same	look	strict	+0.1820	0.049	674.65	674.65	lawn / floor 38 studs from hub display (biggest fruit)	-280.8	4.00	-551.6	Lobby/LobbyFloor . Top	_WeatherWorldR149/Snow patches/Snow patch . Right	saved+built	Plastic / SmoothPlastic	
593	depth-safe	same	look	strict	+0.1820	0.049	639.83	639.83	lawn / floor 46 studs from hub wall	286.6	4.00	-472.3	Lobby/LobbyFloor . Top	_WeatherWorldR149/Snow patches/Snow patch . Right	saved+built	Plastic / SmoothPlastic	
594	depth-safe	same	look	strict	+0.1820	0.049	638.88	638.88	lawn / floor 18 studs from hub display (best pull)	250.9	4.00	-554.5	Lobby/LobbyFloor . Top	_WeatherWorldR149/Snow patches/Snow patch . Right	saved+built	Plastic / SmoothPlastic	
595	depth-safe	same	look	strict	+0.1820	0.049	632.44	632.44	lawn / floor 17 studs from hub display (biggest fruit)	-216.4	4.00	-513.0	Lobby/LobbyFloor . Top	_WeatherWorldR149/Snow patches/Snow patch . Right	saved+built	Plastic / SmoothPlastic	
596	depth-safe	same	look	strict	+0.5060	0.049	619.85	619.85	lawn / floor 6 studs from hub wall	325.1	4.00	-610.2	Lobby/LobbyFloor . Top	_WeatherWorldR149/Snow patches/Snow patch . Right	saved+built	Plastic / SmoothPlastic	
597	depth-safe	same	look	strict	+0.2600	0.049	614.54	614.54	trampoline nook	-312.0	4.00	-269.0	Lobby/LobbyFloor . Top	HubDecor151/Paths/Garden nook . Right	saved+built	Plastic / Brick	
598	depth-safe	same	look	strict	+0.2600	0.049	614.54	614.54	trampoline nook	312.0	4.00	-269.0	Lobby/LobbyFloor . Top	HubDecor151/Paths/Garden nook . Right	saved+built	Plastic / Brick	
599	depth-safe	same	look	strict	+0.1820	0.049	601.55	601.55	lawn / floor 42 studs from Base 5 (pad)	-174.7	4.00	-464.9	Lobby/LobbyFloor . Top	_WeatherWorldR149/Snow patches/Snow patch . Right	saved+built	Plastic / SmoothPlastic	
600	depth-safe	same	look	strict	+0.1860	0.049	601.08	601.08	lawn / floor 35 studs from hub display (best pull)	177.0	4.00	-548.2	Lobby/LobbyFloor . Top	_WeatherWorldR149/Snow patches/Snow patch . Right	saved+built	Plastic / SmoothPlastic	
601	depth-safe	same	look	strict	+0.1820	0.049	597.52	597.52	lawn / floor 47 studs from hub display (best pull)	180.8	4.00	-476.4	Lobby/LobbyFloor . Top	_WeatherWorldR149/Snow patches/Snow patch . Right	saved+built	Plastic / SmoothPlastic	
602	depth-safe	same	look	strict	+0.1860	0.049	585.94	585.94	lawn / floor 32 studs from hub wall	236.8	4.00	-583.3	Lobby/LobbyFloor . Top	_WeatherWorldR149/Snow patches/Snow patch . Right	saved+built	Plastic / SmoothPlastic	
603	depth-safe	same	look	strict	+0.1820	0.049	543.39	543.39	lawn / floor 21 studs from Base 3 (pad)	-207.4	4.00	-438.1	Lobby/LobbyFloor . Top	_WeatherWorldR149/Snow patches/Snow patch . Right	saved+built	Plastic / SmoothPlastic	
604	depth-safe	same	look	strict	+0.2000	0.049	537.00	537.00	Base spur 1	-135.9	4.00	-180.5	Lobby/LobbyFloor . Top	HubDecor151/Paths/Base spur 1 . Top	saved+built	Plastic / Cobblestone	
605	depth-safe	same	look	strict	+0.2000	0.049	537.00	537.00	Base spur 2	135.9	4.00	-180.5	Lobby/LobbyFloor . Top	HubDecor151/Paths/Base spur 2 . Top	saved+built	Plastic / Cobblestone	
606	depth-safe	same	look	strict	+0.2000	0.049	537.00	537.00	Base spur 3	-135.9	4.00	-358.0	Lobby/LobbyFloor . Top	HubDecor151/Paths/Base spur 3 . Top	saved+built	Plastic / Cobblestone	
607	depth-safe	same	look	strict	+0.2000	0.049	537.00	537.00	Base spur 4	135.9	4.00	-358.0	Lobby/LobbyFloor . Top	HubDecor151/Paths/Base spur 4 . Top	saved+built	Plastic / Cobblestone	
608	depth-safe	same	look	strict	+0.1820	0.049	529.21	529.21	lawn / floor 20 studs from hub wall	-240.2	4.00	-595.2	Lobby/LobbyFloor . Top	_WeatherWorldR149/Snow patches/Snow patch . Right	saved+built	Plastic / SmoothPlastic	
609	depth-safe	same	look	strict	+0.1860	0.049	524.95	524.95	lawn / floor 32 studs from hub wall	-216.1	4.00	-584.9	Lobby/LobbyFloor . Top	_WeatherWorldR149/Snow patches/Snow patch . Right	saved+built	Plastic / SmoothPlastic	
610	depth-safe	same	look	strict	+0.2600	0.049	523.64	523.64	Corner circle	-118.0	4.00	-159.0	Lobby/LobbyFloor . Top	HubDecor151/Paths/Corner circle . Right	saved+built	Plastic / Cobblestone	
611	depth-safe	same	look	strict	+0.2600	0.049	523.64	523.64	Corner circle	118.0	4.00	-159.0	Lobby/LobbyFloor . Top	HubDecor151/Paths/Corner circle . Right	saved+built	Plastic / Cobblestone	
612	depth-safe	same	look	strict	+0.2600	0.049	523.64	523.64	Corner circle	-118.0	4.00	-411.0	Lobby/LobbyFloor . Top	HubDecor151/Paths/Corner circle . Right	saved+built	Plastic / Cobblestone	
613	depth-safe	same	look	strict	+0.1820	0.049	512.79	512.79	lawn / floor 29 studs from hub wall	-164.8	4.00	-587.8	Lobby/LobbyFloor . Top	_WeatherWorldR149/Snow patches/Snow patch . Right	saved+built	Plastic / SmoothPlastic	
614	depth-safe	same	look	strict	+0.1820	0.049	488.51	488.51	lawn / floor 24 studs from hub wall	-289.3	4.00	-592.4	Lobby/LobbyFloor . Top	_WeatherWorldR149/Snow patches/Snow patch . Right	saved+built	Plastic / SmoothPlastic	
615	depth-safe	same	look	strict	+0.2600	0.049	445.09	445.09	Corner circle	118.0	4.00	-411.0	Lobby/LobbyFloor . Top	HubDecor151/Paths/Corner circle . Right	saved+built	Plastic / Cobblestone	
616	depth-safe	same	look	strict	+0.4060	0.049	432.26	432.26	lawn / floor 4 studs from hub wall	-174.1	4.00	-611.6	Lobby/LobbyFloor . Top	_WeatherWorldR149/Snow patches/Snow patch . Right	saved+built	Plastic / SmoothPlastic	
617	depth-safe	same	look	strict	+0.4100	0.049	429.59	429.59	lawn / floor 4 studs from hub wall	-328.9	4.00	-539.9	Lobby/LobbyFloor . Top	_WeatherWorldR149/Snow patches/Snow patch . Right	saved+built	Plastic / SmoothPlastic	
618	depth-safe	now depth-safe (+0.302)	look	strict	+0.1820	0.049	393.91	393.91	lawn / floor 17 studs from Curb	91.1	4.00	-275.2	Lobby/LobbyFloor . Top	_WeatherWorldR149/Snow patches/Snow patch . Right	saved+built	Plastic / SmoothPlastic	
619	depth-safe	now depth-safe (+0.232)	look	strict	+0.1120	0.049	393.87	393.87	lawn / floor 18 studs from Curb	90.3	4.07	-278.1	HubLife151/Cell 0:-3/core/Grass patch . Right	_WeatherWorldR149/Snow patches/Snow patch . Right	built+built	Grass / SmoothPlastic	
620	depth-safe	same	look	strict	+0.1820	0.049	391.64	391.64	lawn / floor 23 studs from Base 4 (pad)	292.9	4.00	-439.9	Lobby/LobbyFloor . Top	_WeatherWorldR149/Snow patches/Snow patch . Right	saved+built	Plastic / SmoothPlastic	
621	depth-safe	same	look	strict	+0.4060	0.049	388.28	388.28	lawn / floor 4 studs from hub wall	-250.8	4.00	-612.4	Lobby/LobbyFloor . Top	_WeatherWorldR149/Snow patches/Snow patch . Right	saved+built	Plastic / SmoothPlastic	
622	depth-safe	same	look	strict	+0.1820	0.049	380.17	380.17	lawn / floor 24 studs from Base 4 (pad)	201.8	4.00	-441.5	Lobby/LobbyFloor . Top	_WeatherWorldR149/Snow patches/Snow patch . Right	saved+built	Plastic / SmoothPlastic	
623	depth-safe	same	look	strict	+0.1400	0.020	360.00	360.00	Run-up edge	-0.0	4.00	-151.0	Lobby/LobbyFloor . Top	HubDecor151/Paths/Run-up edge . Top	saved+built	Plastic / SmoothPlastic	
624	depth-safe	same	look	strict	+0.1400	0.049	355.80	355.80	Run-up lane DESERT	25.7	4.06	-111.3	HubDecor151/Paths/Run-up lane DESERT . Top	Lobby/SafeZonePresentation/SafeZoneGroundTitle . Front	saved+built	SmoothPlastic / SmoothPlastic	
625	depth-safe	same	look	strict	+0.1400	0.049	355.80	355.80	Run-up lane SNOW	0.0	4.06	-111.3	HubDecor151/Paths/Run-up lane SNOW . Top	Lobby/SafeZonePresentation/SafeZoneGroundTitle . Front	saved+built	SmoothPlastic / SmoothPlastic	
626	depth-safe	same	look	strict	+0.1400	0.049	355.80	355.80	Run-up lane LAVA	-25.7	4.06	-111.3	HubDecor151/Paths/Run-up lane LAVA . Top	Lobby/SafeZonePresentation/SafeZoneGroundTitle . Front	saved+built	SmoothPlastic / SmoothPlastic	
627	depth-safe	now depth-safe (+0.302)	look	strict	+0.1860	0.049	350.21	350.21	lawn / floor 24 studs from Stage circle	53.7	4.00	-354.4	Lobby/LobbyFloor . Top	_WeatherWorldR149/Snow patches/Snow patch . Right	saved+built	Plastic / SmoothPlastic	
628	depth-safe	same	look	strict	+0.2600	0.049	345.45	345.45	Lane nook	-0.0	4.00	-596.0	Lobby/LobbyFloor . Top	HubDecor151/Paths/Lane nook . Right	saved+built	Plastic / Brick	
629	depth-safe	same	look	strict	+0.1820	0.049	336.06	336.06	lawn / floor 22 studs from Curb	-86.5	4.00	-330.0	Lobby/LobbyFloor . Top	_WeatherWorldR149/Snow patches/Snow patch . Right	saved+built	Plastic / SmoothPlastic	
630	depth-safe	same	look	strict	+0.1860	0.049	335.13	335.13	lawn / floor 25 studs from Base 3 (pad)	-173.2	4.00	-442.5	Lobby/LobbyFloor . Top	_WeatherWorldR149/Snow patches/Snow patch . Right	saved+built	Plastic / SmoothPlastic	
631	depth-safe	same	look	strict	+0.1860	0.049	325.77	325.77	lawn / floor 22 studs from hub display (biggest fruit)	-213.3	4.00	-482.7	Lobby/LobbyFloor . Top	_WeatherWorldR149/Snow patches/Snow patch . Right	saved+built	Plastic / SmoothPlastic	
632	depth-safe	same	look	strict	+0.1200	0.049	324.00	324.00	lawn / floor 28 studs from Curb	-78.0	4.00	-195.0	Lobby/LobbyFloor . Top	HubLife151/Cell -1:-2/core/Grass patch . Right	saved+built	Plastic / Grass	
633	depth-safe	now depth-safe (+0.170)	look	strict	+0.1200	0.049	324.00	324.00	lawn / floor 30 studs from Curb	78.0	4.00	-215.0	Lobby/LobbyFloor . Top	HubLife151/Cell 0:-3/core/Grass patch . Right	saved+built	Plastic / Grass	
634	depth-safe	now depth-safe (+0.242)	look	strict	+0.1820	0.049	321.56	321.56	lawn / floor 11 studs from Market square	63.0	4.00	-243.0	Lobby/LobbyFloor . Top	_WeatherWorldR149/Snow patches/Snow patch . Right	saved+built	Plastic / SmoothPlastic	
635	depth-safe	now depth-safe (+0.232)	look	strict	+0.1120	0.049	315.39	315.39	lawn / floor 15 studs from Curb	93.0	4.07	-276.5	HubLife151/Cell 0:-3/core/Grass patch . Right	_WeatherWorldR149/Snow patches/Snow patch . Right	built+built	Grass / SmoothPlastic	
636	depth-safe	same	look	strict	+0.3660	0.049	287.27	287.27	lawn / floor 11 studs from Base 4 (pad)	207.5	4.00	-427.7	Lobby/LobbyFloor . Top	_WeatherWorldR149/Snow patches/Snow patch . Right	saved+built	Plastic / SmoothPlastic	
637	depth-safe	same	look	strict	+0.3060	0.049	270.19	270.19	lawn / floor 11 studs from Base 3 (pad)	-211.0	4.00	-427.5	Lobby/LobbyFloor . Top	_WeatherWorldR149/Snow patches/Snow patch . Right	saved+built	Plastic / SmoothPlastic	
638	depth-safe	same	look	strict	+0.1820	0.049	267.90	267.90	lawn / floor 22 studs from hub wall	281.0	4.00	-594.1	Lobby/LobbyFloor . Top	_WeatherWorldR149/Snow patches/Snow patch . Right	saved+built	Plastic / SmoothPlastic	
639	depth-safe	same	look	strict	+0.4140	0.049	267.38	267.38	lawn / floor 3 studs from hub wall	-329.2	4.00	-584.9	Lobby/LobbyFloor . Top	_WeatherWorldR149/Snow patches/Snow patch . Right	saved+built	Plastic / SmoothPlastic	
640	depth-safe	now depth-safe (+0.242)	look	strict	+0.1820	0.049	264.04	264.04	lawn / floor 15 studs from Curb	-93.0	4.00	-249.6	Lobby/LobbyFloor . Top	_WeatherWorldR149/Snow patches/Snow patch . Right	saved+built	Plastic / SmoothPlastic	
641	depth-safe	same	look	strict	+0.1820	0.049	262.93	262.93	lawn / floor 11 studs from Base 3 (pad)	-283.0	4.00	-288.4	Lobby/LobbyFloor . Top	_WeatherWorldR149/Snow patches/Snow patch . Right	saved+built	Plastic / SmoothPlastic	
642	depth-safe	now depth-safe (+0.302)	look	strict	+0.1820	0.049	261.63	261.63	lawn / floor 12 studs from Curb	-91.8	4.00	-178.9	Lobby/LobbyFloor . Top	_WeatherWorldR149/Snow patches/Snow patch . Right	saved+built	Plastic / SmoothPlastic	
643	depth-safe	same	look	strict	+0.1820	0.049	259.02	259.02	lawn / floor 15 studs from Curb	-27.6	4.00	-202.7	Lobby/LobbyFloor . Top	_WeatherWorldR149/Snow patches/Snow patch . Right	saved+built	Plastic / SmoothPlastic	
644	depth-safe	same	look	strict	+0.1580	0.049	258.61	258.61	lawn / floor 26 studs from hub display (best pull)	185.8	4.00	-545.5	Lobby/LobbyFloor . Top	_WeatherWorldR149/Snow patches/Snow patch . Right	saved+built	Plastic / SmoothPlastic	
645	depth-safe	same	look	strict	+0.1660	0.049	257.55	257.55	lawn / floor 43 studs from Base 6 (pad)	175.8	4.00	-471.3	Lobby/LobbyFloor . Top	_WeatherWorldR149/Snow patches/Snow patch . Right	saved+built	Plastic / SmoothPlastic	
646	depth-safe	same	look	strict	+0.3060	0.049	250.75	250.75	lawn / floor 10 studs from Base 5 (pad)	-143.3	4.00	-493.7	Lobby/LobbyFloor . Top	_WeatherWorldR149/Snow patches/Snow patch . Right	saved+built	Plastic / SmoothPlastic	
647	depth-safe	same	look	strict	+0.1700	0.049	250.68	250.68	lawn / floor 23 studs from Base 3 (pad)	-165.6	4.00	-439.9	Lobby/LobbyFloor . Top	_WeatherWorldR149/Snow patches/Snow patch . Right	saved+built	Plastic / SmoothPlastic	
648	depth-safe	same	look	strict	+0.2000	0.049	250.60	250.60	Garden walk	-135.9	4.00	-269.0	Lobby/LobbyFloor . Top	HubDecor151/Paths/Garden walk . Top	saved+built	Plastic / Cobblestone	
649	depth-safe	same	look	strict	+0.2000	0.049	250.60	250.60	Garden walk	135.9	4.00	-269.0	Lobby/LobbyFloor . Top	HubDecor151/Paths/Garden walk . Top	saved+built	Plastic / Cobblestone	
650	depth-safe	same	look	strict	+0.1820	0.049	248.75	248.75	lawn / floor 12 studs from Curb	96.8	4.00	-368.4	Lobby/LobbyFloor . Top	_WeatherWorldR149/Snow patches/Snow patch . Right	saved+built	Plastic / SmoothPlastic	
651	depth-safe	same	look	strict	+0.3660	0.049	247.32	247.32	lawn / floor 11 studs from Base 5 (pad)	-143.9	4.00	-438.2	Lobby/LobbyFloor . Top	_WeatherWorldR149/Snow patches/Snow patch . Right	saved+built	Plastic / SmoothPlastic	
652	depth-safe	same	look	strict	+0.4060	0.049	245.93	245.93	lawn / floor 2 studs from hub wall	330.3	4.00	-530.5	Lobby/LobbyFloor . Top	_WeatherWorldR149/Snow patches/Snow patch . Right	saved+built	Plastic / SmoothPlastic	
653	depth-safe	same	look	strict	+0.3740	0.049	241.93	241.93	lawn / floor 10 studs from Base 3 (pad)	-299.7	4.00	-427.2	Lobby/LobbyFloor . Top	_WeatherWorldR149/Snow patches/Snow patch . Right	saved+built	Plastic / SmoothPlastic	
654	depth-safe	same	look	strict	+0.1660	0.049	239.30	239.30	lawn / floor 29 studs from hub wall	177.8	4.00	-586.4	Lobby/LobbyFloor . Top	_WeatherWorldR149/Snow patches/Snow patch . Right	saved+built	Plastic / SmoothPlastic	
655	depth-safe	same	look	strict	+0.4100	0.049	239.30	239.30	lawn / floor 3 studs from hub wall	330.4	4.00	-469.2	Lobby/LobbyFloor . Top	_WeatherWorldR149/Snow patches/Snow patch . Right	saved+built	Plastic / SmoothPlastic	
656	depth-safe	same	look	strict	+0.5060	0.049	236.51	236.51	lawn / floor 2 studs from hub wall	-331.3	4.00	-107.8	Lobby/LobbyFloor . Top	_WeatherWorldR149/Snow patches/Snow patch . Right	saved+built	Plastic / SmoothPlastic	
657	depth-safe	now depth-safe (+0.182)	look	strict	+0.1120	0.049	235.14	235.14	lawn / floor 17 studs from Curb	91.6	4.07	-272.9	HubLife151/Cell 0:-3/core/Grass patch . Right	_WeatherWorldR149/Snow patches/Snow patch . Right	built+built	Grass / SmoothPlastic	
658	depth-safe	same	look	strict	+0.1700	0.049	234.76	234.76	lawn / floor 46 studs from hub display (best pull)	282.1	4.00	-555.2	Lobby/LobbyFloor . Top	_WeatherWorldR149/Snow patches/Snow patch . Right	saved+built	Plastic / SmoothPlastic	
659	depth-safe	now depth-safe (+0.172)	look	strict	+0.1120	0.049	233.23	233.23	lawn / floor 15 studs from Curb	-93.2	4.07	-289.3	HubLife151/Cell -1:-3/core/Grass patch . Right	_WeatherWorldR149/Snow patches/Snow patch . Right	built+built	Grass / SmoothPlastic	
660	depth-safe	now depth-safe (+0.182)	look	strict	+0.1120	0.049	231.49	231.49	lawn / floor 17 studs from Curb	91.4	4.07	-271.6	HubLife151/Cell 0:-3/core/Grass patch . Right	_WeatherWorldR149/Snow patches/Snow patch . Right	built+built	Grass / SmoothPlastic	
661	depth-safe	same	look	strict	+0.3660	0.049	230.54	230.54	lawn / floor 10 studs from Base 5 (pad)	-143.1	4.00	-531.8	Lobby/LobbyFloor . Top	_WeatherWorldR149/Snow patches/Snow patch . Right	saved+built	Plastic / SmoothPlastic	
662	depth-safe	now depth-safe (+0.242)	look	strict	+0.1820	0.049	230.51	230.51	lawn / floor 15 studs from Curb	-91.5	4.00	-388.7	Lobby/LobbyFloor . Top	_WeatherWorldR149/Snow patches/Snow patch . Right	saved+built	Plastic / SmoothPlastic	
663	depth-safe	same	look	strict	+0.3020	0.049	225.74	225.74	lawn / floor 5 studs from hub wall	327.1	4.00	-453.8	Lobby/LobbyFloor . Top	_WeatherWorldR149/Snow patches/Snow patch . Right	saved+built	Plastic / SmoothPlastic	
664	depth-safe	same	look	strict	+0.3660	0.049	224.23	224.23	lawn / floor 11 studs from Base 1 (pad)	-170.1	4.00	-250.2	Lobby/LobbyFloor . Top	_WeatherWorldR149/Snow patches/Snow patch . Right	saved+built	Plastic / SmoothPlastic	
665	depth-safe	now depth-safe (+0.286)	look	strict	+0.1660	0.049	218.61	218.61	lawn / floor 10 studs from Curb	98.1	4.00	-279.6	Lobby/LobbyFloor . Top	_WeatherWorldR149/Snow patches/Snow patch . Right	saved+built	Plastic / SmoothPlastic	
666	depth-safe	now depth-safe (+0.242)	look	strict	+0.1820	0.049	218.12	218.12	lawn / floor 17 studs from Curb	-91.7	4.00	-290.7	Lobby/LobbyFloor . Top	_WeatherWorldR149/Snow patches/Snow patch . Right	saved+built	Plastic / SmoothPlastic	
667	depth-safe	same	look	strict	+0.3660	0.049	217.04	217.04	lawn / floor 11 studs from Base 3 (pad)	-205.1	4.00	-288.5	Lobby/LobbyFloor . Top	_WeatherWorldR149/Snow patches/Snow patch . Right	saved+built	Plastic / SmoothPlastic	
668	depth-safe	same	look	strict	+0.2980	0.049	216.40	216.40	lawn / floor 5 studs from hub wall	328.2	4.00	-509.4	Lobby/LobbyFloor . Top	_WeatherWorldR149/Snow patches/Snow patch . Right	saved+built	Plastic / SmoothPlastic	
669	depth-safe	same	look	strict	+0.1820	0.049	213.61	213.61	lawn / floor 12 studs from hub display (biggest fruit)	-236.7	4.00	-479.7	Lobby/LobbyFloor . Top	_WeatherWorldR149/Snow patches/Snow patch . Right	saved+built	Plastic / SmoothPlastic	
670	depth-safe	same	look	strict	+0.2940	0.049	208.06	208.06	lawn / floor 15 studs from Base 4 (pad)	220.1	4.00	-431.9	Lobby/LobbyFloor . Top	_WeatherWorldR149/Snow patches/Snow patch . Right	saved+built	Plastic / SmoothPlastic	
671	depth-safe	same	look	strict	+0.3660	0.049	205.55	205.55	lawn / floor 10 studs from Base 2 (pad)	257.8	4.00	-249.3	Lobby/LobbyFloor . Top	_WeatherWorldR149/Snow patches/Snow patch . Right	saved+built	Plastic / SmoothPlastic	
672	depth-safe	same	look	strict	+0.1540	0.049	204.54	204.54	lawn / floor 28 studs from hub display (best pull)	260.6	4.00	-558.0	Lobby/LobbyFloor . Top	_WeatherWorldR149/Snow patches/Snow patch . Right	saved+built	Plastic / SmoothPlastic	
673	depth-safe	same	look	strict	+0.1700	0.049	203.92	203.92	lawn / floor 28 studs from hub display (best pull)	185.8	4.00	-552.6	Lobby/LobbyFloor . Top	_WeatherWorldR149/Snow patches/Snow patch . Right	saved+built	Plastic / SmoothPlastic	
674	depth-safe	same	look	strict	+0.4060	0.049	202.18	202.18	lawn / floor 1 studs from hub wall	250.2	4.00	-615.8	Lobby/LobbyFloor . Top	_WeatherWorldR149/Snow patches/Snow patch . Right	saved+built	Plastic / SmoothPlastic	
675	depth-safe	same	look	strict	+0.4060	0.049	201.23	201.23	lawn / floor 2 studs from hub wall	330.6	4.00	-530.5	Lobby/LobbyFloor . Top	_WeatherWorldR149/Snow patches/Snow patch . Right	saved+built	Plastic / SmoothPlastic	
676	depth-safe	same	look	strict	+0.2940	0.049	200.25	200.25	lawn / floor 10 studs from Base 3 (pad)	-147.2	4.00	-426.9	Lobby/LobbyFloor . Top	_WeatherWorldR149/Snow patches/Snow patch . Right	saved+built	Plastic / SmoothPlastic	
677	depth-safe	same	look	strict	+0.1200	0.049	196.00	196.00	lawn / floor 9 studs from Curb	276.0	4.00	-252.0	Lobby/LobbyFloor . Top	HubLife151/Cell 2:-3/core/Grass patch . Right	saved+built	Plastic / Grass	
678	depth-safe	same	look	strict	+0.1200	0.049	196.00	196.00	lawn / floor 9 studs from Curb	-276.0	4.00	-252.0	Lobby/LobbyFloor . Top	HubLife151/Cell -3:-3/core/Grass patch . Right	saved+built	Plastic / Grass	
679	depth-safe	same	look	strict	+0.1820	0.049	195.95	195.95	lawn / floor 10 studs from Curb	-34.7	4.00	-393.1	Lobby/LobbyFloor . Top	_WeatherWorldR149/Snow patches/Snow patch . Right	saved+built	Plastic / SmoothPlastic	
680	depth-safe	same	look	strict	+0.4100	0.049	194.99	194.99	lawn / floor 3 studs from hub wall	330.6	4.00	-469.2	Lobby/LobbyFloor . Top	_WeatherWorldR149/Snow patches/Snow patch . Right	saved+built	Plastic / SmoothPlastic	
681	depth-safe	same	look	strict	+0.1700	0.049	194.31	194.31	lawn / floor 26 studs from hub wall	231.5	4.00	-589.8	Lobby/LobbyFloor . Top	_WeatherWorldR149/Snow patches/Snow patch . Right	saved+built	Plastic / SmoothPlastic	
682	depth-safe	same	look	strict	+0.1660	0.049	192.55	192.55	lawn / floor 31 studs from Curb	-77.7	4.00	-330.9	Lobby/LobbyFloor . Top	_WeatherWorldR149/Snow patches/Snow patch . Right	saved+built	Plastic / SmoothPlastic	
683	depth-safe	same	look	strict	+0.3780	0.049	190.60	190.60	lawn / floor 10 studs from Base 6 (pad)	142.6	4.00	-580.2	Lobby/LobbyFloor . Top	_WeatherWorldR149/Snow patches/Snow patch . Right	saved+built	Plastic / SmoothPlastic	
684	depth-safe	same	look	strict	+0.2740	0.049	185.03	185.03	lawn / floor 8 studs from hub wall	325.6	4.00	-546.6	Lobby/LobbyFloor . Top	_WeatherWorldR149/Snow patches/Snow patch . Right	saved+built	Plastic / SmoothPlastic	
685	depth-safe	now depth-safe (+0.370)	look	strict	+0.3060	0.049	181.94	181.94	lawn / floor 10 studs from Base 4 (pad)	253.9	4.00	-289.5	Lobby/LobbyFloor . Top	_WeatherWorldR149/Snow patches/Snow patch . Right	saved+built	Plastic / SmoothPlastic	
686	depth-safe	same	look	strict	+0.2740	0.049	179.79	179.79	lawn / floor 8 studs from Curb	-220.6	4.00	-285.0	Lobby/LobbyFloor . Top	_WeatherWorldR149/Snow patches/Snow patch . Right	saved+built	Plastic / SmoothPlastic	
687	depth-safe	same	look	strict	+0.1820	0.049	179.42	179.42	lawn / floor 10 studs from Base 3 (pad)	-170.6	4.00	-289.1	Lobby/LobbyFloor . Top	_WeatherWorldR149/Snow patches/Snow patch . Right	saved+built	Plastic / SmoothPlastic	
688	depth-safe	now depth-safe (+0.172)	look	strict	+0.1120	0.049	173.02	173.02	lawn / floor 17 studs from Curb	-91.5	4.07	-289.2	HubLife151/Cell -1:-3/core/Grass patch . Right	_WeatherWorldR149/Snow patches/Snow patch . Right	built+built	Grass / SmoothPlastic	
689	depth-safe	now depth-safe (+0.182)	look	strict	+0.1860	0.049	172.00	172.00	lawn / floor 10 studs from Run-up lane STORM PEAKS	-99.5	4.00	-135.9	Lobby/LobbyFloor . Top	_WeatherWorldR149/Snow patches/Snow patch . Right	saved+built	Plastic / SmoothPlastic	
690	depth-safe	now depth-safe (+0.182)	look	strict	+0.1860	0.049	171.75	171.75	lawn / floor 10 studs from Base 1 (pad)	-242.4	4.00	-250.0	Lobby/LobbyFloor . Top	_WeatherWorldR149/Snow patches/Snow patch . Right	saved+built	Plastic / SmoothPlastic	
691	depth-safe	same	look	strict	+0.1580	0.049	170.95	170.95	lawn / floor 35 studs from hub display (best pull)	273.7	4.00	-538.4	Lobby/LobbyFloor . Top	_WeatherWorldR149/Snow patches/Snow patch . Right	saved+built	Plastic / SmoothPlastic	
692	depth-safe	same	look	strict	+0.1820	0.049	170.55	170.55	lawn / floor 9 studs from Curb	52.3	4.00	-175.6	Lobby/LobbyFloor . Top	_WeatherWorldR149/Snow patches/Snow patch . Right	saved+built	Plastic / SmoothPlastic	
693	depth-safe	now depth-safe (+0.246)	look	strict	+0.1820	0.049	170.06	170.06	lawn / floor 12 studs from leaderboard	102.1	4.00	-130.0	Lobby/LobbyFloor . Top	_WeatherWorldR149/Snow patches/Snow patch . Right	saved+built	Plastic / SmoothPlastic	
694	depth-safe	same	look	strict	+0.1600	0.049	170.00	170.00	Base 3 (pad)	-154.0	5.00	-358.0	Bases/Base_3/Pad . Top	Bases/Base_3/GardenDesign36/Aisle paver . Top	saved+built	Plastic / Cobblestone	
695	depth-safe	same	look	strict	+0.1600	0.049	170.00	170.00	Base 3 (pad)	-166.0	5.00	-358.0	Bases/Base_3/Pad . Top	Bases/Base_3/GardenDesign36/Aisle paver . Top	saved+built	Plastic / Cobblestone	
696	depth-safe	same	look	strict	+0.1600	0.049	170.00	170.00	Base 3 (pad)	-180.0	5.00	-358.0	Bases/Base_3/Pad . Top	Bases/Base_3/GardenDesign36/Aisle paver . Top	saved+built	Plastic / Cobblestone	
697	depth-safe	same	look	strict	+0.1600	0.049	170.00	170.00	Base 3 (pad)	-195.0	5.00	-358.0	Bases/Base_3/Pad . Top	Bases/Base_3/GardenDesign36/Aisle paver . Top	saved+built	Plastic / Cobblestone	
698	depth-safe	same	look	strict	+0.1600	0.049	170.00	170.00	Base 3 (pad)	-210.0	5.00	-358.0	Bases/Base_3/Pad . Top	Bases/Base_3/GardenDesign36/Aisle paver . Top	saved+built	Plastic / Cobblestone	
699	depth-safe	same	look	strict	+0.1600	0.049	170.00	170.00	Base 3 (pad)	-225.0	5.00	-358.0	Bases/Base_3/Pad . Top	Bases/Base_3/GardenDesign36/Aisle paver . Top	saved+built	Plastic / Cobblestone	
700	depth-safe	same	look	strict	+0.1600	0.049	170.00	170.00	Base 3 (pad)	-240.0	5.00	-358.0	Bases/Base_3/Pad . Top	Bases/Base_3/GardenDesign36/Aisle paver . Top	saved+built	Plastic / Cobblestone	
701	depth-safe	same	look	strict	+0.1600	0.049	170.00	170.00	Base 3 (pad)	-255.0	5.00	-358.0	Bases/Base_3/Pad . Top	Bases/Base_3/GardenDesign36/Aisle paver . Top	saved+built	Plastic / Cobblestone	
702	depth-safe	same	look	strict	+0.1600	0.049	170.00	170.00	Base 3 (pad)	-270.0	5.00	-358.0	Bases/Base_3/Pad . Top	Bases/Base_3/GardenDesign36/Aisle paver . Top	saved+built	Plastic / Cobblestone	
703	depth-safe	same	look	strict	+0.1600	0.049	170.00	170.00	Base 3 (pad)	-284.0	5.00	-358.0	Bases/Base_3/Pad . Top	Bases/Base_3/GardenDesign36/Aisle paver . Top	saved+built	Plastic / Cobblestone	
704	depth-safe	same	look	strict	+0.1600	0.049	170.00	170.00	Base 2 (pad)	154.0	5.00	-180.5	Bases/Base_2/Pad . Top	Bases/Base_2/GardenDesign36/Aisle paver . Top	saved+built	Plastic / Cobblestone	
705	depth-safe	same	look	strict	+0.1600	0.049	170.00	170.00	Base 2 (pad)	166.0	5.00	-180.5	Bases/Base_2/Pad . Top	Bases/Base_2/GardenDesign36/Aisle paver . Top	saved+built	Plastic / Cobblestone	
706	depth-safe	same	look	strict	+0.1600	0.049	170.00	170.00	Base 2 (pad)	180.0	5.00	-180.5	Bases/Base_2/Pad . Top	Bases/Base_2/GardenDesign36/Aisle paver . Top	saved+built	Plastic / Cobblestone	
707	depth-safe	same	look	strict	+0.1600	0.049	170.00	170.00	Base 2 (pad)	195.0	5.00	-180.5	Bases/Base_2/Pad . Top	Bases/Base_2/GardenDesign36/Aisle paver . Top	saved+built	Plastic / Cobblestone	
708	depth-safe	same	look	strict	+0.1600	0.049	170.00	170.00	Base 2 (pad)	210.0	5.00	-180.5	Bases/Base_2/Pad . Top	Bases/Base_2/GardenDesign36/Aisle paver . Top	saved+built	Plastic / Cobblestone	
709	depth-safe	same	look	strict	+0.1600	0.049	170.00	170.00	Base 2 (pad)	225.0	5.00	-180.5	Bases/Base_2/Pad . Top	Bases/Base_2/GardenDesign36/Aisle paver . Top	saved+built	Plastic / Cobblestone	
710	depth-safe	same	look	strict	+0.1600	0.049	170.00	170.00	Base 2 (pad)	240.0	5.00	-180.5	Bases/Base_2/Pad . Top	Bases/Base_2/GardenDesign36/Aisle paver . Top	saved+built	Plastic / Cobblestone	
711	depth-safe	same	look	strict	+0.1600	0.049	170.00	170.00	Base 2 (pad)	255.0	5.00	-180.5	Bases/Base_2/Pad . Top	Bases/Base_2/GardenDesign36/Aisle paver . Top	saved+built	Plastic / Cobblestone	
712	depth-safe	same	look	strict	+0.1600	0.049	170.00	170.00	Base 2 (pad)	270.0	5.00	-180.5	Bases/Base_2/Pad . Top	Bases/Base_2/GardenDesign36/Aisle paver . Top	saved+built	Plastic / Cobblestone	
713	depth-safe	same	look	strict	+0.1600	0.049	170.00	170.00	Base 2 (pad)	284.0	5.00	-180.5	Bases/Base_2/Pad . Top	Bases/Base_2/GardenDesign36/Aisle paver . Top	saved+built	Plastic / Cobblestone	
714	depth-safe	same	look	strict	+0.1600	0.049	170.00	170.00	Base 5 (pad)	-74.0	5.00	-431.3	Bases/Base_5/Pad . Top	Bases/Base_5/GardenDesign36/Aisle paver . Top	saved+built	Plastic / Cobblestone	
715	depth-safe	same	look	strict	+0.1600	0.049	170.00	170.00	Base 5 (pad)	-74.0	5.00	-443.3	Bases/Base_5/Pad . Top	Bases/Base_5/GardenDesign36/Aisle paver . Top	saved+built	Plastic / Cobblestone	
716	depth-safe	same	look	strict	+0.1600	0.049	170.00	170.00	Base 5 (pad)	-74.0	5.00	-457.3	Bases/Base_5/Pad . Top	Bases/Base_5/GardenDesign36/Aisle paver . Top	saved+built	Plastic / Cobblestone	
717	depth-safe	same	look	strict	+0.1600	0.049	170.00	170.00	Base 5 (pad)	-74.0	5.00	-472.3	Bases/Base_5/Pad . Top	Bases/Base_5/GardenDesign36/Aisle paver . Top	saved+built	Plastic / Cobblestone	
718	depth-safe	same	look	strict	+0.1600	0.049	170.00	170.00	Base 5 (pad)	-74.0	5.00	-487.3	Bases/Base_5/Pad . Top	Bases/Base_5/GardenDesign36/Aisle paver . Top	saved+built	Plastic / Cobblestone	
719	depth-safe	same	look	strict	+0.1600	0.049	170.00	170.00	Base 5 (pad)	-74.0	5.00	-502.3	Bases/Base_5/Pad . Top	Bases/Base_5/GardenDesign36/Aisle paver . Top	saved+built	Plastic / Cobblestone	
720	depth-safe	same	look	strict	+0.1600	0.049	170.00	170.00	Base 5 (pad)	-74.0	5.00	-517.3	Bases/Base_5/Pad . Top	Bases/Base_5/GardenDesign36/Aisle paver . Top	saved+built	Plastic / Cobblestone	
721	depth-safe	same	look	strict	+0.1600	0.049	170.00	170.00	Base 5 (pad)	-74.0	5.00	-532.3	Bases/Base_5/Pad . Top	Bases/Base_5/GardenDesign36/Aisle paver . Top	saved+built	Plastic / Cobblestone	
722	depth-safe	same	look	strict	+0.1600	0.049	170.00	170.00	Base 5 (pad)	-74.0	5.00	-547.3	Bases/Base_5/Pad . Top	Bases/Base_5/GardenDesign36/Aisle paver . Top	saved+built	Plastic / Cobblestone	
723	depth-safe	same	look	strict	+0.1600	0.049	170.00	170.00	Base 5 (pad)	-74.0	5.00	-561.3	Bases/Base_5/Pad . Top	Bases/Base_5/GardenDesign36/Aisle paver . Top	saved+built	Plastic / Cobblestone	
724	depth-safe	same	look	strict	+0.1600	0.049	170.00	170.00	Base 4 (pad)	154.0	5.00	-358.0	Bases/Base_4/Pad . Top	Bases/Base_4/GardenDesign36/Aisle paver . Top	saved+built	Plastic / Cobblestone	
725	depth-safe	same	look	strict	+0.1600	0.049	170.00	170.00	Base 4 (pad)	166.0	5.00	-358.0	Bases/Base_4/Pad . Top	Bases/Base_4/GardenDesign36/Aisle paver . Top	saved+built	Plastic / Cobblestone	
726	depth-safe	same	look	strict	+0.1600	0.049	170.00	170.00	Base 4 (pad)	180.0	5.00	-358.0	Bases/Base_4/Pad . Top	Bases/Base_4/GardenDesign36/Aisle paver . Top	saved+built	Plastic / Cobblestone	
727	depth-safe	same	look	strict	+0.1600	0.049	170.00	170.00	Base 4 (pad)	195.0	5.00	-358.0	Bases/Base_4/Pad . Top	Bases/Base_4/GardenDesign36/Aisle paver . Top	saved+built	Plastic / Cobblestone	
728	depth-safe	same	look	strict	+0.1600	0.049	170.00	170.00	Base 4 (pad)	210.0	5.00	-358.0	Bases/Base_4/Pad . Top	Bases/Base_4/GardenDesign36/Aisle paver . Top	saved+built	Plastic / Cobblestone	
729	depth-safe	same	look	strict	+0.1600	0.049	170.00	170.00	Base 4 (pad)	225.0	5.00	-358.0	Bases/Base_4/Pad . Top	Bases/Base_4/GardenDesign36/Aisle paver . Top	saved+built	Plastic / Cobblestone	
730	depth-safe	same	look	strict	+0.1600	0.049	170.00	170.00	Base 4 (pad)	240.0	5.00	-358.0	Bases/Base_4/Pad . Top	Bases/Base_4/GardenDesign36/Aisle paver . Top	saved+built	Plastic / Cobblestone	
731	depth-safe	same	look	strict	+0.1600	0.049	170.00	170.00	Base 4 (pad)	255.0	5.00	-358.0	Bases/Base_4/Pad . Top	Bases/Base_4/GardenDesign36/Aisle paver . Top	saved+built	Plastic / Cobblestone	
732	depth-safe	same	look	strict	+0.1600	0.049	170.00	170.00	Base 4 (pad)	270.0	5.00	-358.0	Bases/Base_4/Pad . Top	Bases/Base_4/GardenDesign36/Aisle paver . Top	saved+built	Plastic / Cobblestone	
733	depth-safe	same	look	strict	+0.1600	0.049	170.00	170.00	Base 4 (pad)	284.0	5.00	-358.0	Bases/Base_4/Pad . Top	Bases/Base_4/GardenDesign36/Aisle paver . Top	saved+built	Plastic / Cobblestone	
734	depth-safe	same	look	strict	+0.1600	0.049	170.00	170.00	Base 6 (pad)	74.0	5.00	-431.3	Bases/Base_6/Pad . Top	Bases/Base_6/GardenDesign36/Aisle paver . Top	saved+built	Plastic / Cobblestone	
735	depth-safe	same	look	strict	+0.1600	0.049	170.00	170.00	Base 6 (pad)	74.0	5.00	-443.3	Bases/Base_6/Pad . Top	Bases/Base_6/GardenDesign36/Aisle paver . Top	saved+built	Plastic / Cobblestone	
736	depth-safe	same	look	strict	+0.1600	0.049	170.00	170.00	Base 6 (pad)	74.0	5.00	-457.3	Bases/Base_6/Pad . Top	Bases/Base_6/GardenDesign36/Aisle paver . Top	saved+built	Plastic / Cobblestone	
737	depth-safe	same	look	strict	+0.1600	0.049	170.00	170.00	Base 6 (pad)	74.0	5.00	-472.3	Bases/Base_6/Pad . Top	Bases/Base_6/GardenDesign36/Aisle paver . Top	saved+built	Plastic / Cobblestone	
738	depth-safe	same	look	strict	+0.1600	0.049	170.00	170.00	Base 6 (pad)	74.0	5.00	-487.3	Bases/Base_6/Pad . Top	Bases/Base_6/GardenDesign36/Aisle paver . Top	saved+built	Plastic / Cobblestone	
739	depth-safe	same	look	strict	+0.1600	0.049	170.00	170.00	Base 6 (pad)	74.0	5.00	-502.3	Bases/Base_6/Pad . Top	Bases/Base_6/GardenDesign36/Aisle paver . Top	saved+built	Plastic / Cobblestone	
740	depth-safe	same	look	strict	+0.1600	0.049	170.00	170.00	Base 6 (pad)	74.0	5.00	-517.3	Bases/Base_6/Pad . Top	Bases/Base_6/GardenDesign36/Aisle paver . Top	saved+built	Plastic / Cobblestone	
741	depth-safe	same	look	strict	+0.1600	0.049	170.00	170.00	Base 6 (pad)	74.0	5.00	-532.3	Bases/Base_6/Pad . Top	Bases/Base_6/GardenDesign36/Aisle paver . Top	saved+built	Plastic / Cobblestone	
742	depth-safe	same	look	strict	+0.1600	0.049	170.00	170.00	Base 6 (pad)	74.0	5.00	-547.3	Bases/Base_6/Pad . Top	Bases/Base_6/GardenDesign36/Aisle paver . Top	saved+built	Plastic / Cobblestone	
743	depth-safe	same	look	strict	+0.1600	0.049	170.00	170.00	Base 6 (pad)	74.0	5.00	-561.3	Bases/Base_6/Pad . Top	Bases/Base_6/GardenDesign36/Aisle paver . Top	saved+built	Plastic / Cobblestone	
744	depth-safe	same	look	strict	+0.1600	0.049	170.00	170.00	Base 1 (pad)	-154.0	5.00	-180.5	Bases/Base_1/Pad . Top	Bases/Base_1/GardenDesign36/Aisle paver . Top	saved+built	Plastic / Cobblestone	
745	depth-safe	same	look	strict	+0.1600	0.049	170.00	170.00	Base 1 (pad)	-166.0	5.00	-180.5	Bases/Base_1/Pad . Top	Bases/Base_1/GardenDesign36/Aisle paver . Top	saved+built	Plastic / Cobblestone	
746	depth-safe	same	look	strict	+0.1600	0.049	170.00	170.00	Base 1 (pad)	-180.0	5.00	-180.5	Bases/Base_1/Pad . Top	Bases/Base_1/GardenDesign36/Aisle paver . Top	saved+built	Plastic / Cobblestone	
747	depth-safe	same	look	strict	+0.1600	0.049	170.00	170.00	Base 1 (pad)	-195.0	5.00	-180.5	Bases/Base_1/Pad . Top	Bases/Base_1/GardenDesign36/Aisle paver . Top	saved+built	Plastic / Cobblestone	
748	depth-safe	same	look	strict	+0.1600	0.049	170.00	170.00	Base 1 (pad)	-210.0	5.00	-180.5	Bases/Base_1/Pad . Top	Bases/Base_1/GardenDesign36/Aisle paver . Top	saved+built	Plastic / Cobblestone	
749	depth-safe	same	look	strict	+0.1600	0.049	170.00	170.00	Base 1 (pad)	-225.0	5.00	-180.5	Bases/Base_1/Pad . Top	Bases/Base_1/GardenDesign36/Aisle paver . Top	saved+built	Plastic / Cobblestone	
750	depth-safe	same	look	strict	+0.1600	0.049	170.00	170.00	Base 1 (pad)	-240.0	5.00	-180.5	Bases/Base_1/Pad . Top	Bases/Base_1/GardenDesign36/Aisle paver . Top	saved+built	Plastic / Cobblestone	
751	depth-safe	same	look	strict	+0.1600	0.049	170.00	170.00	Base 1 (pad)	-255.0	5.00	-180.5	Bases/Base_1/Pad . Top	Bases/Base_1/GardenDesign36/Aisle paver . Top	saved+built	Plastic / Cobblestone	
752	depth-safe	same	look	strict	+0.1600	0.049	170.00	170.00	Base 1 (pad)	-270.0	5.00	-180.5	Bases/Base_1/Pad . Top	Bases/Base_1/GardenDesign36/Aisle paver . Top	saved+built	Plastic / Cobblestone	
753	depth-safe	same	look	strict	+0.1600	0.049	170.00	170.00	Base 1 (pad)	-284.0	5.00	-180.5	Bases/Base_1/Pad . Top	Bases/Base_1/GardenDesign36/Aisle paver . Top	saved+built	Plastic / Cobblestone	
754	depth-safe	same	look	strict	+0.1660	0.049	168.03	168.03	lawn / floor 39 studs from Base 3 (pad)	-176.0	4.00	-455.5	Lobby/LobbyFloor . Top	_WeatherWorldR149/Snow patches/Snow patch . Right	saved+built	Plastic / SmoothPlastic	
755	depth-safe	same	look	strict	+0.3060	0.049	166.79	166.79	lawn / floor 11 studs from Base 6 (pad)	144.1	4.00	-568.3	Lobby/LobbyFloor . Top	_WeatherWorldR149/Snow patches/Snow patch . Right	saved+built	Plastic / SmoothPlastic	
756	depth-safe	same	look	strict	+0.3060	0.049	165.26	165.26	lawn / floor 10 studs from Base 3 (pad)	-160.3	4.00	-289.2	Lobby/LobbyFloor . Top	_WeatherWorldR149/Snow patches/Snow patch . Right	saved+built	Plastic / SmoothPlastic	
757	depth-safe	now depth-safe (+0.274)	look	strict	+0.1540	0.049	164.20	164.20	lawn / floor 25 studs from Curb	83.4	4.00	-278.5	Lobby/LobbyFloor . Top	_WeatherWorldR149/Snow patches/Snow patch . Right	saved+built	Plastic / SmoothPlastic	
758	depth-safe	same	look	strict	+0.3060	0.049	163.06	163.06	lawn / floor 10 studs from Base 6 (pad)	142.8	4.00	-486.1	Lobby/LobbyFloor . Top	_WeatherWorldR149/Snow patches/Snow patch . Right	saved+built	Plastic / SmoothPlastic	
759	depth-safe	same	look	strict	+0.4060	0.049	161.48	161.48	lawn / floor 2 studs from hub wall	250.6	4.00	-614.0	Lobby/LobbyFloor . Top	_WeatherWorldR149/Snow patches/Snow patch . Right	saved+built	Plastic / SmoothPlastic	
760	depth-safe	same	look	strict	+0.3780	0.049	161.37	161.37	lawn / floor 9 studs from Base 4 (pad)	308.4	4.00	-426.3	Lobby/LobbyFloor . Top	_WeatherWorldR149/Snow patches/Snow patch . Right	saved+built	Plastic / SmoothPlastic	
761	depth-safe	same	look	strict	+0.1540	0.049	161.00	161.00	lawn / floor 31 studs from hub wall	165.6	4.00	-585.1	Lobby/LobbyFloor . Top	_WeatherWorldR149/Snow patches/Snow patch . Right	saved+built	Plastic / SmoothPlastic	
762	depth-safe	same	look	strict	+0.3060	0.049	159.48	159.48	lawn / floor 9 studs from Base 4 (pad)	251.8	4.00	-426.2	Lobby/LobbyFloor . Top	_WeatherWorldR149/Snow patches/Snow patch . Right	saved+built	Plastic / SmoothPlastic	
763	depth-safe	same	look	strict	+0.1400	0.049	157.90	157.90	Run-up lane JUNGLE	44.4	4.06	-111.3	HubDecor151/Paths/Run-up lane JUNGLE . Top	Lobby/SafeZonePresentation/SafeZoneGroundTitle . Front	saved+built	SmoothPlastic / SmoothPlastic	
764	depth-safe	same	look	strict	+0.1400	0.049	157.90	157.90	Run-up lane CRYSTAL	-44.4	4.06	-111.3	HubDecor151/Paths/Run-up lane CRYSTAL . Top	Lobby/SafeZonePresentation/SafeZoneGroundTitle . Front	saved+built	SmoothPlastic / SmoothPlastic	
765	depth-safe	same	look	strict	+0.1820	0.049	156.82	156.82	lawn / floor 12 studs from hub display (best pull)	199.8	4.00	-509.4	Lobby/LobbyFloor . Top	_WeatherWorldR149/Snow patches/Snow patch . Right	saved+built	Plastic / SmoothPlastic	
766	depth-safe	same	look	strict	+0.3060	0.049	152.16	152.16	lawn / floor 8 studs from Curb	135.4	4.00	-219.0	Lobby/LobbyFloor . Top	_WeatherWorldR149/Snow patches/Snow patch . Right	saved+built	Plastic / SmoothPlastic	
767	depth-safe	now depth-safe (+0.274)	look	strict	+0.1580	0.049	151.71	151.71	lawn / floor 20 studs from Stage circle	50.5	4.00	-348.4	Lobby/LobbyFloor . Top	_WeatherWorldR149/Snow patches/Snow patch . Right	saved+built	Plastic / SmoothPlastic	
768	depth-safe	same	look	strict	+0.3060	0.049	150.60	150.60	lawn / floor 10 studs from Base 4 (pad)	168.6	4.00	-289.4	Lobby/LobbyFloor . Top	_WeatherWorldR149/Snow patches/Snow patch . Right	saved+built	Plastic / SmoothPlastic	
769	depth-safe	same	look	strict	+0.3660	0.049	150.00	150.00	lawn / floor 9 studs from Base 1 (pad)	-257.7	4.00	-248.6	Lobby/LobbyFloor . Top	_WeatherWorldR149/Snow patches/Snow patch . Right	saved+built	Plastic / SmoothPlastic	
770	depth-safe	same	look	strict	+0.4100	0.049	149.16	149.16	lawn / floor 1 studs from hub wall	301.7	4.00	-613.9	Lobby/LobbyFloor . Top	_WeatherWorldR149/Snow patches/Snow patch . Right	saved+built	Plastic / SmoothPlastic	
771	depth-safe	same	look	strict	+0.3060	0.049	147.72	147.72	lawn / floor 9 studs from Base 3 (pad)	-259.4	4.00	-426.1	Lobby/LobbyFloor . Top	_WeatherWorldR149/Snow patches/Snow patch . Right	saved+built	Plastic / SmoothPlastic	
772	depth-safe	same	look	strict	+0.3780	0.049	147.01	147.01	lawn / floor 9 studs from Base 5 (pad)	-142.1	4.00	-582.0	Lobby/LobbyFloor . Top	_WeatherWorldR149/Snow patches/Snow patch . Right	saved+built	Plastic / SmoothPlastic	
773	depth-safe	now depth-safe (+0.122)	look	strict	+0.1120	0.049	145.80	145.80	lawn / floor 13 studs from Curb	-94.9	4.07	-289.0	HubLife151/Cell -1:-3/core/Grass patch . Right	_WeatherWorldR149/Snow patches/Snow patch . Right	built+built	Grass / SmoothPlastic	
774	depth-safe	same	look	strict	+0.2940	0.049	145.49	145.49	lawn / floor 9 studs from Curb	-194.5	4.00	-285.5	Lobby/LobbyFloor . Top	_WeatherWorldR149/Snow patches/Snow patch . Right	saved+built	Plastic / SmoothPlastic	
775	depth-safe	same	look	strict	+0.2980	0.049	144.97	144.97	lawn / floor 6 studs from hub wall	264.9	4.00	-610.8	Lobby/LobbyFloor . Top	_WeatherWorldR149/Snow patches/Snow patch . Right	saved+built	Plastic / SmoothPlastic	
776	depth-safe	same	look	strict	+0.3000	0.049	577.31	144.33	Verity's dais	-0.0	5.20	-340.0	EconomyHub/VerityNPC/Dais . Right	EconomyHub/VerityNPC/Inlay . Right	built+built	Slate / Slate	
777	depth-safe	same	look	strict	+0.3900	0.049	144.12	144.12	lawn / floor 3 studs from hub wall	304.1	4.00	-612.6	Lobby/LobbyFloor . Top	_WeatherWorldR149/Snow patches/Snow patch . Right	saved+built	Plastic / SmoothPlastic	
778	depth-safe	same	look	strict	+0.3060	0.049	143.19	143.19	lawn / floor 9 studs from Base 3 (pad)	-262.3	4.00	-290.0	Lobby/LobbyFloor . Top	_WeatherWorldR149/Snow patches/Snow patch . Right	saved+built	Plastic / SmoothPlastic	
779	depth-safe	same	look	strict	+0.4260	0.049	143.04	143.04	lawn / floor 8 studs from Garden nook	-310.2	4.00	-289.5	Lobby/LobbyFloor . Top	_WeatherWorldR149/Snow patches/Snow patch . Right	saved+built	Plastic / SmoothPlastic	
780	depth-safe	same	look	strict	+0.2780	0.049	142.71	142.71	lawn / floor 7 studs from hub wall	288.6	4.00	-609.7	Lobby/LobbyFloor . Top	_WeatherWorldR149/Snow patches/Snow patch . Right	saved+built	Plastic / SmoothPlastic	
781	depth-safe	same	look	strict	+0.1580	0.049	142.66	142.66	lawn / floor 26 studs from hub wall	242.0	4.00	-589.5	Lobby/LobbyFloor . Top	_WeatherWorldR149/Snow patches/Snow patch . Right	saved+built	Plastic / SmoothPlastic	
782	depth-safe	same	look	strict	+0.2740	0.049	142.41	142.41	lawn / floor 6 studs from hub wall	234.0	4.00	-609.6	Lobby/LobbyFloor . Top	_WeatherWorldR149/Snow patches/Snow patch . Right	saved+built	Plastic / SmoothPlastic	
783	depth-safe	same	look	strict	+0.1660	0.049	141.06	141.06	lawn / floor 20 studs from hub wall	209.8	4.00	-596.5	Lobby/LobbyFloor . Top	_WeatherWorldR149/Snow patches/Snow patch . Right	saved+built	Plastic / SmoothPlastic	
784	depth-safe	now depth-safe (+0.302)	look	strict	+0.1820	0.049	140.07	140.07	lawn / floor 8 studs from Curb	218.0	4.00	-284.8	Lobby/LobbyFloor . Top	_WeatherWorldR149/Snow patches/Snow patch . Right	saved+built	Plastic / SmoothPlastic	
785	depth-safe	same	look	strict	+0.3060	0.049	139.99	139.99	lawn / floor 9 studs from Base 4 (pad)	164.5	4.00	-426.4	Lobby/LobbyFloor . Top	_WeatherWorldR149/Snow patches/Snow patch . Right	saved+built	Plastic / SmoothPlastic	
786	depth-safe	now depth-safe (+0.220)	look	strict	+0.1200	0.049	139.14	139.14	lawn / floor 24 studs from Curb	-84.2	4.00	-197.6	Lobby/LobbyFloor . Top	HubLife151/Cell -1:-2/core/Grass patch . Right	saved+built	Plastic / Grass	
787	depth-safe	now depth-safe (+0.220)	look	strict	+0.1200	0.049	137.44	137.44	lawn / floor 27 studs from Market square	77.0	4.00	-221.7	Lobby/LobbyFloor . Top	HubLife151/Cell 0:-3/core/Grass patch . Right	saved+built	Plastic / Grass	
788	depth-safe	now depth-safe (+0.122)	look	strict	+0.1120	0.049	136.55	136.55	lawn / floor 15 studs from Curb	-93.6	4.07	-289.6	HubLife151/Cell -1:-3/core/Grass patch . Right	_WeatherWorldR149/Snow patches/Snow patch . Right	built+built	Grass / SmoothPlastic	
789	depth-safe	same	look	strict	+0.1540	0.049	136.20	136.20	lawn / floor 28 studs from hub wall	216.1	4.00	-588.2	Lobby/LobbyFloor . Top	_WeatherWorldR149/Snow patches/Snow patch . Right	saved+built	Plastic / SmoothPlastic	
790	depth-safe	same	look	strict	+0.3060	0.049	133.11	133.11	lawn / floor 9 studs from Base 1 (pad)	-207.7	4.00	-248.9	Lobby/LobbyFloor . Top	_WeatherWorldR149/Snow patches/Snow patch . Right	saved+built	Plastic / SmoothPlastic	
791	depth-safe	same	look	strict	+0.3540	0.049	132.11	132.11	lawn / floor 3 studs from hub wall	329.6	4.00	-587.1	Lobby/LobbyFloor . Top	_WeatherWorldR149/Snow patches/Snow patch . Right	saved+built	Plastic / SmoothPlastic	
792	depth-safe	same	look	strict	+0.1700	0.049	131.39	131.39	lawn / floor 44 studs from Base 4 (pad)	202.4	4.00	-461.2	Lobby/LobbyFloor . Top	_WeatherWorldR149/Snow patches/Snow patch . Right	saved+built	Plastic / SmoothPlastic	
793	depth-safe	now depth-safe (+0.278)	look	strict	+0.2140	0.049	130.23	130.23	lawn / floor 10 studs from Base 4 (pad)	241.5	4.00	-288.6	Lobby/LobbyFloor . Top	_WeatherWorldR149/Snow patches/Snow patch . Right	saved+built	Plastic / SmoothPlastic	
794	depth-safe	now depth-safe (+0.226)	look	strict	+0.1660	0.049	129.55	129.55	lawn / floor 16 studs from Curb	-92.9	4.00	-381.9	Lobby/LobbyFloor . Top	_WeatherWorldR149/Snow patches/Snow patch . Right	saved+built	Plastic / SmoothPlastic	
795	depth-safe	same	look	strict	+0.1120	0.049	129.21	129.21	lawn / floor 15 studs from Curb	93.2	4.07	-370.2	HubLife151/Cell 0:-4/core/Grass patch . Right	_WeatherWorldR149/Snow patches/Snow patch . Right	built+built	Grass / SmoothPlastic	
796	depth-safe	same	look	strict	+0.1660	0.049	128.95	128.95	lawn / floor 24 studs from Base 4 (pad)	207.9	4.00	-441.0	Lobby/LobbyFloor . Top	_WeatherWorldR149/Snow patches/Snow patch . Right	saved+built	Plastic / SmoothPlastic	
797	depth-safe	same	look	strict	+0.3060	0.049	127.29	127.29	lawn / floor 7 studs from Garden nook	-303.4	4.00	-248.8	Lobby/LobbyFloor . Top	_WeatherWorldR149/Snow patches/Snow patch . Right	saved+built	Plastic / SmoothPlastic	
798	depth-safe	same	look	strict	+0.2000	0.035	126.72	126.72	Base spur 5	-74.0	4.00	-420.1	Lobby/LobbyFloor . Top	HubDecor151/Paths/Base spur 5 . Top	saved+built	Plastic / Cobblestone	
799	depth-safe	same	look	strict	+0.2000	0.035	126.72	126.72	Base spur 6	74.0	4.00	-420.1	Lobby/LobbyFloor . Top	HubDecor151/Paths/Base spur 6 . Top	saved+built	Plastic / Cobblestone	
800	depth-safe	same	look	strict	+0.3020	0.049	125.98	125.98	lawn / floor 3 studs from hub wall	-170.9	4.00	-109.0	Lobby/LobbyFloor . Top	_WeatherWorldR149/Snow patches/Snow patch . Right	saved+built	Plastic / SmoothPlastic	
801	depth-safe	same	look	strict	+0.1540	0.049	125.22	125.22	lawn / floor 41 studs from hub wall	292.8	4.00	-474.7	Lobby/LobbyFloor . Top	_WeatherWorldR149/Snow patches/Snow patch . Right	saved+built	Plastic / SmoothPlastic	
802	depth-safe	now depth-safe (+0.132)	look	strict	+0.1120	0.049	123.91	123.91	lawn / floor 25 studs from Curb	83.5	4.07	-275.1	HubLife151/Cell 0:-3/core/Grass patch . Right	_WeatherWorldR149/Snow patches/Snow patch . Right	built+built	Grass / SmoothPlastic	
803	depth-safe	same	look	strict	+0.4100	0.049	123.83	123.83	hub wall	302.8	4.00	-615.6	Lobby/LobbyFloor . Top	_WeatherWorldR149/Snow patches/Snow patch . Right	saved+built	Plastic / SmoothPlastic	
804	depth-safe	same	look	strict	+0.2340	0.049	122.42	122.42	lawn / floor 8 studs from Curb	-148.8	4.00	-285.4	Lobby/LobbyFloor . Top	_WeatherWorldR149/Snow patches/Snow patch . Right	saved+built	Plastic / SmoothPlastic	
805	depth-safe	same	look	strict	+0.2000	0.049	121.00	121.00	lawn / floor 29 studs from Curb	60.0	5.10	-196.0	HubLife151/Cell 0:-2/core/Bed rim . Right	HubLife151/Cell 0:-2/core/Bed soil . Right	built+built	SmoothPlastic / Ground	
806	depth-safe	same	look	strict	+0.1540	0.049	120.95	120.95	lawn / floor 18 studs from Curb	-30.4	4.00	-195.7	Lobby/LobbyFloor . Top	_WeatherWorldR149/Snow patches/Snow patch . Right	saved+built	Plastic / SmoothPlastic	
807	depth-safe	same	look	strict	+0.1540	0.049	120.23	120.23	lawn / floor 19 studs from Curb	-89.2	4.00	-336.0	Lobby/LobbyFloor . Top	_WeatherWorldR149/Snow patches/Snow patch . Right	saved+built	Plastic / SmoothPlastic	
808	depth-safe	now depth-safe (+0.286)	look	strict	+0.1700	0.049	120.14	120.14	lawn / floor 26 studs from Stage circle	55.7	4.00	-347.4	Lobby/LobbyFloor . Top	_WeatherWorldR149/Snow patches/Snow patch . Right	saved+built	Plastic / SmoothPlastic	
809	depth-safe	same	look	strict	+0.2340	0.049	119.88	119.88	lawn / floor 10 studs from Base 3 (pad)	-251.5	4.00	-289.1	Lobby/LobbyFloor . Top	_WeatherWorldR149/Snow patches/Snow patch . Right	saved+built	Plastic / SmoothPlastic	
810	depth-safe	same	look	strict	+0.2340	0.049	116.98	116.98	lawn / floor 11 studs from Base 6 (pad)	144.1	4.00	-474.2	Lobby/LobbyFloor . Top	_WeatherWorldR149/Snow patches/Snow patch . Right	saved+built	Plastic / SmoothPlastic	
811	depth-safe	same	look	strict	+0.3600	0.049	115.80	115.80	giveaway pedestal	0.0	5.82	-392.0	VoidGiveaway152/Stone/Void footing . Top	VoidGiveaway152/Stone/Footing trim . Top	built+built	Slate / SmoothPlastic	
812	depth-safe	same	look	strict	+0.1800	0.049	115.08	115.08	Base 3 (pad)	-160.0	5.00	-324.0	Bases/Base_3/Pad . Top	Bases/Base_3/GardenDesign36/Treadmill apron . Top	saved+built	Plastic / Slate	
813	depth-safe	same	look	strict	+0.1800	0.049	115.08	115.08	Base 2 (pad)	160.0	5.00	-214.5	Bases/Base_2/Pad . Top	Bases/Base_2/GardenDesign36/Treadmill apron . Top	saved+built	Plastic / Slate	
814	depth-safe	same	look	strict	+0.1800	0.049	115.08	115.08	Base 5 (pad)	-108.0	5.00	-437.3	Bases/Base_5/Pad . Top	Bases/Base_5/GardenDesign36/Treadmill apron . Top	saved+built	Plastic / Slate	
815	depth-safe	same	look	strict	+0.1800	0.049	115.08	115.08	Base 4 (pad)	160.0	5.00	-392.0	Bases/Base_4/Pad . Top	Bases/Base_4/GardenDesign36/Treadmill apron . Top	saved+built	Plastic / Slate	
816	depth-safe	same	look	strict	+0.1800	0.049	115.08	115.08	Base 6 (pad)	40.0	5.00	-437.3	Bases/Base_6/Pad . Top	Bases/Base_6/GardenDesign36/Treadmill apron . Top	saved+built	Plastic / Slate	
817	depth-safe	same	look	strict	+0.1800	0.049	115.08	115.08	Base 1 (pad)	-160.0	5.00	-146.5	Bases/Base_1/Pad . Top	Bases/Base_1/GardenDesign36/Treadmill apron . Top	saved+built	Plastic / Slate	
818	depth-safe	now depth-safe (+0.226)	look	strict	+0.1660	0.049	113.95	113.95	lawn / floor 15 studs from Curb	-93.5	4.00	-284.3	Lobby/LobbyFloor . Top	_WeatherWorldR149/Snow patches/Snow patch . Right	saved+built	Plastic / SmoothPlastic	
819	depth-safe	same	look	strict	+0.3780	0.049	112.94	112.94	lawn / floor 8 studs from Garden nook	309.4	4.00	-290.0	Lobby/LobbyFloor . Top	_WeatherWorldR149/Snow patches/Snow patch . Right	saved+built	Plastic / SmoothPlastic	
820	depth-safe	same	look	strict	+0.3060	0.049	111.01	111.01	lawn / floor 9 studs from Base 2 (pad)	215.4	4.00	-248.5	Lobby/LobbyFloor . Top	_WeatherWorldR149/Snow patches/Snow patch . Right	saved+built	Plastic / SmoothPlastic	
821	depth-safe	same	look	strict	+0.3020	0.049	109.37	109.37	lawn / floor 3 studs from hub wall	316.9	4.00	-108.4	Lobby/LobbyFloor . Top	_WeatherWorldR149/Snow patches/Snow patch . Right	saved+built	Plastic / SmoothPlastic	
822	depth-safe	now depth-safe (+0.214)	look	strict	+0.1540	0.049	107.72	107.72	lawn / floor 22 studs from Curb	-86.2	4.00	-292.2	Lobby/LobbyFloor . Top	_WeatherWorldR149/Snow patches/Snow patch . Right	saved+built	Plastic / SmoothPlastic	
823	depth-safe	same	look	strict	+0.4060	0.049	107.63	107.63	lawn / floor 1 studs from hub wall	-240.6	4.00	-106.9	Lobby/LobbyFloor . Top	_WeatherWorldR149/Snow patches/Snow patch . Right	saved+built	Plastic / SmoothPlastic	
824	depth-safe	same	look	strict	+0.4060	0.049	107.63	107.63	hub wall	187.4	4.00	-106.9	Lobby/LobbyFloor . Top	_WeatherWorldR149/Snow patches/Snow patch . Right	saved+built	Plastic / SmoothPlastic	
825	depth-safe	same	look	strict	+0.4100	0.049	107.63	107.63	hub wall	-187.1	4.00	-106.9	Lobby/LobbyFloor . Top	_WeatherWorldR149/Snow patches/Snow patch . Right	saved+built	Plastic / SmoothPlastic	
826	depth-safe	same	look	strict	+0.4100	0.049	107.63	107.63	hub wall	235.9	4.00	-106.9	Lobby/LobbyFloor . Top	_WeatherWorldR149/Snow patches/Snow patch . Right	saved+built	Plastic / SmoothPlastic	
827	depth-safe	same	look	strict	+0.4100	0.049	107.63	107.63	lawn / floor 1 studs from hub wall	304.3	4.00	-106.9	Lobby/LobbyFloor . Top	_WeatherWorldR149/Snow patches/Snow patch . Right	saved+built	Plastic / SmoothPlastic	
828	depth-safe	same	look	strict	+0.4140	0.049	107.63	107.63	lawn / floor 1 studs from hub wall	-309.4	4.00	-106.9	Lobby/LobbyFloor . Top	_WeatherWorldR149/Snow patches/Snow patch . Right	saved+built	Plastic / SmoothPlastic	
829	depth-safe	same	look	strict	+0.2940	0.049	106.44	106.44	lawn / floor 11 studs from Curb	270.9	4.00	-250.6	Lobby/LobbyFloor . Top	_WeatherWorldR149/Snow patches/Snow patch . Right	saved+built	Plastic / SmoothPlastic	
830	depth-safe	same	look	strict	+0.2000	0.049	104.50	104.50	lawn / floor 29 studs from Curb	-60.0	5.10	-196.0	HubLife151/Cell -1:-2/core/Bed rim . Right	HubLife151/Cell -1:-2/core/Bed soil . Right	built+built	SmoothPlastic / Ground	
831	depth-safe	same	look	strict	+0.2300	0.049	103.27	103.27	Base 3 (pad)	-160.0	5.91	-324.0	Bases/Base_3/TreadmillArtV131/Rounded chassis . Top	Bases/Base_3/TreadmillArtV131/Track surface . Top	saved+saved	SmoothPlastic / SmoothPlastic	
832	depth-safe	same	look	strict	+0.2300	0.049	103.27	103.27	Base 2 (pad)	160.0	5.91	-214.5	Bases/Base_2/TreadmillArtV131/Rounded chassis . Top	Bases/Base_2/TreadmillArtV131/Track surface . Top	saved+saved	SmoothPlastic / Sand	
833	depth-safe	same	look	strict	+0.2300	0.049	103.27	103.27	Base 5 (pad)	-108.0	5.91	-437.3	Bases/Base_5/TreadmillArtV131/Rounded chassis . Top	Bases/Base_5/TreadmillArtV131/Track surface . Top	saved+saved	SmoothPlastic / SmoothPlastic	
834	depth-safe	same	look	strict	+0.2300	0.049	103.27	103.27	Base 4 (pad)	160.0	5.91	-392.0	Bases/Base_4/TreadmillArtV131/Rounded chassis . Top	Bases/Base_4/TreadmillArtV131/Track surface . Top	saved+saved	SmoothPlastic / Neon	
835	depth-safe	same	look	strict	+0.2300	0.049	103.27	103.27	Base 6 (pad)	40.0	5.91	-437.3	Bases/Base_6/TreadmillArtV131/Rounded chassis . Top	Bases/Base_6/TreadmillArtV131/Track surface . Top	saved+saved	SmoothPlastic / SmoothPlastic	
836	depth-safe	same	look	strict	+0.2300	0.049	103.27	103.27	Base 1 (pad)	-160.0	5.91	-146.5	Bases/Base_1/TreadmillArtV131/Rounded chassis . Top	Bases/Base_1/TreadmillArtV131/Track surface . Top	saved+saved	SmoothPlastic / SmoothPlastic	
837	depth-safe	same	look	strict	+0.1200	0.049	103.27	103.27	Base 3 (pad)	-160.0	6.02	-324.0	Bases/Base_3/TreadmillArtV131/Track underlay . Top	Bases/Base_3/TreadmillArtV131/Track surface . Top	saved+saved	SmoothPlastic / SmoothPlastic	
838	depth-safe	same	look	strict	+0.1200	0.049	103.27	103.27	Base 2 (pad)	160.0	6.02	-214.5	Bases/Base_2/TreadmillArtV131/Track underlay . Top	Bases/Base_2/TreadmillArtV131/Track surface . Top	saved+saved	SmoothPlastic / Sand	
839	depth-safe	same	look	strict	+0.1200	0.049	103.27	103.27	Base 5 (pad)	-108.0	6.02	-437.3	Bases/Base_5/TreadmillArtV131/Track underlay . Top	Bases/Base_5/TreadmillArtV131/Track surface . Top	saved+saved	SmoothPlastic / SmoothPlastic	
840	depth-safe	same	look	strict	+0.1200	0.049	103.27	103.27	Base 4 (pad)	160.0	6.02	-392.0	Bases/Base_4/TreadmillArtV131/Track underlay . Top	Bases/Base_4/TreadmillArtV131/Track surface . Top	saved+saved	SmoothPlastic / Neon	
841	depth-safe	same	look	strict	+0.1200	0.049	103.27	103.27	Base 6 (pad)	40.0	6.02	-437.3	Bases/Base_6/TreadmillArtV131/Track underlay . Top	Bases/Base_6/TreadmillArtV131/Track surface . Top	saved+saved	SmoothPlastic / SmoothPlastic	
842	depth-safe	same	look	strict	+0.1200	0.049	103.27	103.27	Base 1 (pad)	-160.0	6.02	-146.5	Bases/Base_1/TreadmillArtV131/Track underlay . Top	Bases/Base_1/TreadmillArtV131/Track surface . Top	saved+saved	SmoothPlastic / SmoothPlastic	
843	depth-safe	same	look	strict	+0.2340	0.049	101.93	101.93	lawn / floor 14 studs from Base 3 (pad)	-200.2	4.00	-431.3	Lobby/LobbyFloor . Top	_WeatherWorldR149/Snow patches/Snow patch . Right	saved+built	Plastic / SmoothPlastic	
844	depth-safe	same	look	strict	+0.2140	0.049	101.91	101.91	lawn / floor 10 studs from Base 1 (pad)	-217.9	4.00	-249.8	Lobby/LobbyFloor . Top	_WeatherWorldR149/Snow patches/Snow patch . Right	saved+built	Plastic / SmoothPlastic	
845	depth-safe	same	look	strict	+0.2980	0.049	101.04	101.04	lawn / floor 4 studs from hub wall	-223.1	4.00	-109.5	Lobby/LobbyFloor . Top	_WeatherWorldR149/Snow patches/Snow patch . Right	saved+built	Plastic / SmoothPlastic	
846	depth-safe	same	look	strict	+0.1540	0.049	100.07	100.07	lawn / floor 40 studs from hub display (best pull)	185.7	4.00	-481.4	Lobby/LobbyFloor . Top	_WeatherWorldR149/Snow patches/Snow patch . Right	saved+built	Plastic / SmoothPlastic	
847	depth-safe	now depth-safe (+0.170)	look	strict	+0.1200	0.049	97.87	97.87	lawn / floor 31 studs from Curb	-77.8	4.00	-201.8	Lobby/LobbyFloor . Top	HubLife151/Cell -1:-2/core/Grass patch . Right	saved+built	Plastic / Grass	
848	depth-safe	same	look	strict	+0.3740	0.049	97.10	97.10	lawn / floor 8 studs from Base 2 (pad)	307.6	4.00	-247.4	Lobby/LobbyFloor . Top	_WeatherWorldR149/Snow patches/Snow patch . Right	saved+built	Plastic / SmoothPlastic	
849	depth-safe	now depth-safe (+0.132)	look	strict	+0.1120	0.049	96.23	96.23	lawn / floor 24 studs from Curb	84.5	4.07	-275.1	HubLife151/Cell 0:-3/core/Grass patch . Right	_WeatherWorldR149/Snow patches/Snow patch . Right	built+built	Grass / SmoothPlastic	
850	depth-safe	same	look	strict	+0.3020	0.049	95.96	95.96	lawn / floor 13 studs from Base 3 (pad)	-288.5	4.00	-430.5	Lobby/LobbyFloor . Top	_WeatherWorldR149/Snow patches/Snow patch . Right	saved+built	Plastic / SmoothPlastic	
851	depth-safe	same	look	strict	+0.1820	0.049	95.30	95.30	lawn / floor 7 studs from Curb	101.7	4.00	-177.0	Lobby/LobbyFloor . Top	_WeatherWorldR149/Snow patches/Snow patch . Right	saved+built	Plastic / SmoothPlastic	
852	depth-safe	same	look	strict	+0.2340	0.049	94.70	94.70	lawn / floor 13 studs from Base 4 (pad)	178.1	4.00	-429.9	Lobby/LobbyFloor . Top	_WeatherWorldR149/Snow patches/Snow patch . Right	saved+built	Plastic / SmoothPlastic	
853	depth-safe	same	look	strict	+0.3020	0.049	94.53	94.53	lawn / floor 2 studs from hub wall	133.4	4.00	-614.3	Lobby/LobbyFloor . Top	_WeatherWorldR149/Snow patches/Snow patch . Right	saved+built	Plastic / SmoothPlastic	
854	depth-safe	same	look	strict	+0.2140	0.049	94.03	94.03	lawn / floor 12 studs from Base 6 (pad)	144.8	4.00	-500.8	Lobby/LobbyFloor . Top	_WeatherWorldR149/Snow patches/Snow patch . Right	saved+built	Plastic / SmoothPlastic	
855	depth-safe	same	look	strict	+0.1820	0.049	93.58	93.58	lawn / floor 8 studs from Market square	-59.9	4.00	-244.8	Lobby/LobbyFloor . Top	_WeatherWorldR149/Snow patches/Snow patch . Right	saved+built	Plastic / SmoothPlastic	
856	depth-safe	same	look	strict	+0.2140	0.049	93.41	93.41	lawn / floor 9 studs from Curb	-175.8	4.00	-286.4	Lobby/LobbyFloor . Top	_WeatherWorldR149/Snow patches/Snow patch . Right	saved+built	Plastic / SmoothPlastic	
857	depth-safe	same	look	strict	+0.1200	0.049	93.32	93.32	lawn / floor 24 studs from Curb	84.5	4.00	-216.7	Lobby/LobbyFloor . Top	HubLife151/Cell 0:-3/core/Grass patch . Right	saved+built	Plastic / Grass	
858	depth-safe	same	look	strict	+0.2740	0.049	93.03	93.03	lawn / floor 8 studs from Curb	-178.9	4.00	-252.8	Lobby/LobbyFloor . Top	_WeatherWorldR149/Snow patches/Snow patch . Right	saved+built	Plastic / SmoothPlastic	
859	depth-safe	same	look	strict	+0.3020	0.049	92.94	92.94	lawn / floor 3 studs from hub wall	254.4	4.00	-108.5	Lobby/LobbyFloor . Top	_WeatherWorldR149/Snow patches/Snow patch . Right	saved+built	Plastic / SmoothPlastic	
860	depth-safe	same	look	strict	+0.2140	0.049	92.06	92.06	lawn / floor 10 studs from Base 3 (pad)	-274.2	4.00	-289.1	Lobby/LobbyFloor . Top	_WeatherWorldR149/Snow patches/Snow patch . Right	saved+built	Plastic / SmoothPlastic	
861	depth-safe	now depth-safe (+0.226)	look	strict	+0.1660	0.049	90.63	90.63	lawn / floor 13 studs from Market square	65.0	4.00	-237.1	Lobby/LobbyFloor . Top	_WeatherWorldR149/Snow patches/Snow patch . Right	saved+built	Plastic / SmoothPlastic	
862	depth-safe	same	look	strict	+0.2340	0.049	90.21	90.21	lawn / floor 11 studs from Curb	-195.5	4.00	-250.5	Lobby/LobbyFloor . Top	_WeatherWorldR149/Snow patches/Snow patch . Right	saved+built	Plastic / SmoothPlastic	
863	depth-safe	same	look	strict	+0.2140	0.049	87.79	87.79	lawn / floor 9 studs from Curb	160.8	4.00	-286.3	Lobby/LobbyFloor . Top	_WeatherWorldR149/Snow patches/Snow patch . Right	saved+built	Plastic / SmoothPlastic	
864	depth-safe	same	look	strict	+0.1700	0.049	86.67	86.67	lawn / floor 17 studs from hub display (biggest fruit)	-216.2	4.00	-488.9	Lobby/LobbyFloor . Top	_WeatherWorldR149/Snow patches/Snow patch . Right	saved+built	Plastic / SmoothPlastic	
865	depth-safe	same	look	strict	+0.1540	0.049	86.62	86.62	lawn / floor 26 studs from hub wall	287.8	4.00	-590.7	Lobby/LobbyFloor . Top	_WeatherWorldR149/Snow patches/Snow patch . Right	saved+built	Plastic / SmoothPlastic	
866	depth-safe	same	look	strict	+0.2340	0.049	86.52	86.52	lawn / floor 10 studs from Base 3 (pad)	-248.7	4.00	-427.5	Lobby/LobbyFloor . Top	_WeatherWorldR149/Snow patches/Snow patch . Right	saved+built	Plastic / SmoothPlastic	
867	depth-safe	same	look	strict	+0.1580	0.049	85.82	85.82	lawn / floor 37 studs from hub display (best pull)	200.0	4.00	-476.6	Lobby/LobbyFloor . Top	_WeatherWorldR149/Snow patches/Snow patch . Right	saved+built	Plastic / SmoothPlastic	
868	depth-safe	same	look	strict	+0.1660	0.049	85.75	85.75	lawn / floor 21 studs from Base 3 (pad)	-200.0	4.00	-438.1	Lobby/LobbyFloor . Top	_WeatherWorldR149/Snow patches/Snow patch . Right	saved+built	Plastic / SmoothPlastic	
869	depth-safe	now depth-safe (+0.298)	look	strict	+0.2340	0.049	85.17	85.17	lawn / floor 10 studs from Base 4 (pad)	264.3	4.00	-288.6	Lobby/LobbyFloor . Top	_WeatherWorldR149/Snow patches/Snow patch . Right	saved+built	Plastic / SmoothPlastic	
870	depth-safe	same	look	strict	+0.3060	0.049	84.90	84.90	lawn / floor 11 studs from Base 4 (pad)	319.1	4.00	-427.7	Lobby/LobbyFloor . Top	_WeatherWorldR149/Snow patches/Snow patch . Right	saved+built	Plastic / SmoothPlastic	
871	depth-safe	same	look	strict	+0.1820	0.049	84.64	84.64	lawn / floor 9 studs from Curb	-57.2	4.00	-175.9	Lobby/LobbyFloor . Top	_WeatherWorldR149/Snow patches/Snow patch . Right	saved+built	Plastic / SmoothPlastic	
872	depth-safe	same	look	strict	+0.2980	0.049	84.03	84.03	lawn / floor 4 studs from hub wall	85.2	4.00	-612.9	Lobby/LobbyFloor . Top	_WeatherWorldR149/Snow patches/Snow patch . Right	saved+built	Plastic / SmoothPlastic	
873	depth-safe	same	look	strict	+0.4100	0.049	83.95	83.95	lawn / floor 2 studs from hub wall	-303.1	4.00	-613.5	Lobby/LobbyFloor . Top	_WeatherWorldR149/Snow patches/Snow patch . Right	saved+built	Plastic / SmoothPlastic	
874	depth-safe	now depth-safe (+0.226)	look	strict	+0.1660	0.049	81.32	81.32	lawn / floor 18 studs from Curb	-90.5	4.00	-241.5	Lobby/LobbyFloor . Top	_WeatherWorldR149/Snow patches/Snow patch . Right	saved+built	Plastic / SmoothPlastic	
875	depth-safe	same	look	strict	+0.4060	0.049	80.84	80.84	lawn / floor 1 studs from hub wall	-56.8	4.00	-615.5	Lobby/LobbyFloor . Top	_WeatherWorldR149/Snow patches/Snow patch . Right	saved+built	Plastic / SmoothPlastic	
876	depth-safe	same	look	strict	+0.4060	0.049	80.84	80.84	lawn / floor 1 studs from hub wall	4.8	4.00	-615.5	Lobby/LobbyFloor . Top	_WeatherWorldR149/Snow patches/Snow patch . Right	saved+built	Plastic / SmoothPlastic	
877	depth-safe	same	look	strict	+0.4060	0.049	80.84	80.84	lawn / floor 1 studs from hub wall	67.5	4.00	-615.5	Lobby/LobbyFloor . Top	_WeatherWorldR149/Snow patches/Snow patch . Right	saved+built	Plastic / SmoothPlastic	
878	depth-safe	same	look	strict	+0.2940	0.049	79.69	79.69	lawn / floor 9 studs from Curb	-162.5	4.00	-252.0	Lobby/LobbyFloor . Top	_WeatherWorldR149/Snow patches/Snow patch . Right	saved+built	Plastic / SmoothPlastic	
879	depth-safe	same	look	strict	+0.4000	0.049	1052.31	78.92	track gate	0.0	44.00	-100.0	HubDecor151/Gate/Gatehouse wall . Bottom	HubDecor151/Gate/Gatehouse trim . Bottom	built+built	Plaster / SmoothPlastic	
880	depth-safe	same	look	strict	+0.1900	0.049	78.55	78.55	Base 3 (pad)	-160.0	5.00	-392.0	Bases/Base_3/Pad . Top	Bases/Base_3/MysteryPedestal/Apron inlay . Right	saved+built	Plastic / Slate	
881	depth-safe	same	look	strict	+0.1900	0.049	78.55	78.55	Base 2 (pad)	160.0	5.00	-146.5	Bases/Base_2/Pad . Top	Bases/Base_2/MysteryPedestal/Apron inlay . Right	saved+built	Plastic / Slate	
882	depth-safe	same	look	strict	+0.1900	0.049	78.55	78.55	Base 5 (pad)	-40.0	5.00	-437.3	Bases/Base_5/Pad . Top	Bases/Base_5/MysteryPedestal/Apron inlay . Right	saved+built	Plastic / Slate	
883	depth-safe	same	look	strict	+0.1900	0.049	78.55	78.55	Base 4 (pad)	160.0	5.00	-324.0	Bases/Base_4/Pad . Top	Bases/Base_4/MysteryPedestal/Apron inlay . Right	saved+built	Plastic / Slate	
884	depth-safe	same	look	strict	+0.1900	0.049	78.55	78.55	Base 6 (pad)	108.0	5.00	-437.3	Bases/Base_6/Pad . Top	Bases/Base_6/MysteryPedestal/Apron inlay . Right	saved+built	Plastic / Slate	
885	depth-safe	same	look	strict	+0.1900	0.049	78.55	78.55	Base 1 (pad)	-160.0	5.00	-214.5	Bases/Base_1/Pad . Top	Bases/Base_1/MysteryPedestal/Apron inlay . Right	saved+built	Plastic / Slate	
886	depth-safe	same	look	strict	+0.1860	0.049	78.01	78.01	lawn / floor 9 studs from Curb	136.8	4.00	-286.5	Lobby/LobbyFloor . Top	_WeatherWorldR149/Snow patches/Snow patch . Right	saved+built	Plastic / SmoothPlastic	
887	depth-safe	now depth-safe (+0.170)	look	strict	+0.1200	0.049	77.02	77.02	lawn / floor 7 studs from Base 1 (pad)	-274.5	4.00	-247.0	Lobby/LobbyFloor . Top	HubLife151/Cell -3:-3/core/Grass patch . Right	saved+built	Plastic / Grass	
888	depth-safe	same	look	strict	+0.2740	0.049	76.60	76.60	lawn / floor 3 studs from hub wall	157.1	4.00	-613.7	Lobby/LobbyFloor . Top	_WeatherWorldR149/Snow patches/Snow patch . Right	saved+built	Plastic / SmoothPlastic	
889	depth-safe	same	look	strict	+0.2740	0.049	76.12	76.12	lawn / floor 9 studs from Curb	244.7	4.00	-252.6	Lobby/LobbyFloor . Top	_WeatherWorldR149/Snow patches/Snow patch . Right	saved+built	Plastic / SmoothPlastic	
890	depth-safe	same	look	strict	+0.2860	0.049	75.58	75.58	lawn / floor 13 studs from Base 6 (pad)	145.9	4.00	-588.9	Lobby/LobbyFloor . Top	_WeatherWorldR149/Snow patches/Snow patch . Right	saved+built	Plastic / SmoothPlastic	
891	depth-safe	same	look	strict	+0.2340	0.049	75.46	75.46	lawn / floor 11 studs from Curb	180.4	4.00	-287.6	Lobby/LobbyFloor . Top	_WeatherWorldR149/Snow patches/Snow patch . Right	saved+built	Plastic / SmoothPlastic	
892	depth-safe	same	look	strict	+0.1400	0.049	75.40	75.40	Base 3 (pad)	-160.0	5.00	-392.0	Bases/Base_3/Pad . Top	Bases/Base_3/MysteryPedestal/Apron . Right	saved+built	Plastic / Slate	
893	depth-safe	same	look	strict	+0.1400	0.049	75.40	75.40	Base 2 (pad)	160.0	5.00	-146.5	Bases/Base_2/Pad . Top	Bases/Base_2/MysteryPedestal/Apron . Right	saved+built	Plastic / Slate	
894	depth-safe	same	look	strict	+0.1400	0.049	75.40	75.40	Base 5 (pad)	-40.0	5.00	-437.3	Bases/Base_5/Pad . Top	Bases/Base_5/MysteryPedestal/Apron . Right	saved+built	Plastic / Slate	
895	depth-safe	same	look	strict	+0.1400	0.049	75.40	75.40	Base 4 (pad)	160.0	5.00	-324.0	Bases/Base_4/Pad . Top	Bases/Base_4/MysteryPedestal/Apron . Right	saved+built	Plastic / Slate	
896	depth-safe	same	look	strict	+0.1400	0.049	75.40	75.40	Base 6 (pad)	108.0	5.00	-437.3	Bases/Base_6/Pad . Top	Bases/Base_6/MysteryPedestal/Apron . Right	saved+built	Plastic / Slate	
897	depth-safe	same	look	strict	+0.1400	0.049	75.40	75.40	Base 1 (pad)	-160.0	5.00	-214.5	Bases/Base_1/Pad . Top	Bases/Base_1/MysteryPedestal/Apron . Right	saved+built	Plastic / Slate	
898	depth-safe	same	look	strict	+0.4100	0.049	75.06	75.06	lawn / floor 1 studs from hub wall	-127.8	4.00	-615.5	Lobby/LobbyFloor . Top	_WeatherWorldR149/Snow patches/Snow patch . Right	saved+built	Plastic / SmoothPlastic	
899	depth-safe	same	look	strict	+0.1820	0.049	73.95	73.95	lawn / floor 8 studs from Base 4 (pad)	137.3	4.00	-322.3	Lobby/LobbyFloor . Top	_WeatherWorldR149/Snow patches/Snow patch . Right	saved+built	Plastic / SmoothPlastic	
900	depth-safe	same	look	strict	+0.2740	0.049	73.37	73.37	lawn / floor 10 studs from Base 1 (pad)	-268.4	4.00	-249.7	Lobby/LobbyFloor . Top	_WeatherWorldR149/Snow patches/Snow patch . Right	saved+built	Plastic / SmoothPlastic	
901	depth-safe	same	look	strict	+0.2140	0.049	73.13	73.13	lawn / floor 11 studs from Curb	202.1	4.00	-250.5	Lobby/LobbyFloor . Top	_WeatherWorldR149/Snow patches/Snow patch . Right	saved+built	Plastic / SmoothPlastic	
902	depth-safe	now depth-safe (+0.170)	look	strict	+0.1200	0.049	73.08	73.08	lawn / floor 9 studs from Base 2 (pad)	272.4	4.00	-248.2	Lobby/LobbyFloor . Top	HubLife151/Cell 2:-3/core/Grass patch . Right	saved+built	Plastic / Grass	
903	depth-safe	same	look	strict	+0.2340	0.049	72.48	72.48	lawn / floor 10 studs from Curb	228.5	4.00	-250.9	Lobby/LobbyFloor . Top	_WeatherWorldR149/Snow patches/Snow patch . Right	saved+built	Plastic / SmoothPlastic	
904	depth-safe	same	look	strict	+0.2340	0.049	72.44	72.44	lawn / floor 13 studs from Base 4 (pad)	264.0	4.00	-429.6	Lobby/LobbyFloor . Top	_WeatherWorldR149/Snow patches/Snow patch . Right	saved+built	Plastic / SmoothPlastic	
905	depth-safe	same	look	strict	+0.3060	0.049	72.13	72.13	lawn / floor 8 studs from Base 1 (pad)	-137.2	4.00	-216.1	Lobby/LobbyFloor . Top	_WeatherWorldR149/Snow patches/Snow patch . Right	saved+built	Plastic / SmoothPlastic	
906	depth-safe	same	look	strict	+0.1740	0.049	72.12	72.12	lawn / floor 10 studs from Base 2 (pad)	272.5	4.12	-249.3	HubLife151/Cell 2:-3/core/Grass patch . Right	_WeatherWorldR149/Snow patches/Snow patch . Right	built+built	Grass / SmoothPlastic	
907	depth-safe	now depth-safe (+0.220)	look	strict	+0.1200	0.049	71.44	71.44	lawn / floor 7 studs from Base 2 (pad)	274.6	4.00	-246.9	Lobby/LobbyFloor . Top	HubLife151/Cell 2:-3/core/Grass patch . Right	saved+built	Plastic / Grass	
908	depth-safe	same	look	strict	+0.2740	0.049	70.70	70.70	lawn / floor 19 studs from hub wall	313.1	4.00	-596.1	Lobby/LobbyFloor . Top	_WeatherWorldR149/Snow patches/Snow patch . Right	saved+built	Plastic / SmoothPlastic	
909	depth-safe	now depth-safe (+0.154)	look	strict	+0.1580	0.049	70.26	70.26	lawn / floor 8 studs from Base 1 (pad)	-238.2	4.00	-247.1	Lobby/LobbyFloor . Top	_WeatherWorldR149/Snow patches/Snow patch . Right	saved+built	Plastic / SmoothPlastic	
910	depth-safe	now depth-safe (+0.214)	look	strict	+0.1540	0.049	69.65	69.65	lawn / floor 9 studs from Curb	-99.5	4.00	-247.6	Lobby/LobbyFloor . Top	_WeatherWorldR149/Snow patches/Snow patch . Right	saved+built	Plastic / SmoothPlastic	
911	depth-safe	same	look	strict	+0.4060	0.049	69.29	69.29	lawn / floor 1 studs from hub wall	173.8	4.00	-615.5	Lobby/LobbyFloor . Top	_WeatherWorldR149/Snow patches/Snow patch . Right	saved+built	Plastic / SmoothPlastic	
912	depth-safe	same	look	strict	+0.3060	0.049	69.16	69.16	lawn / floor 2 studs from hub wall	-296.0	4.00	-108.0	Lobby/LobbyFloor . Top	_WeatherWorldR149/Snow patches/Snow patch . Right	saved+built	Plastic / SmoothPlastic	
913	depth-safe	same	look	strict	+0.1660	0.049	68.63	68.63	lawn / floor 25 studs from Base 4 (pad)	286.7	4.00	-441.8	Lobby/LobbyFloor . Top	_WeatherWorldR149/Snow patches/Snow patch . Right	saved+built	Plastic / SmoothPlastic	
914	depth-safe	same	look	strict	+0.1860	0.049	67.98	67.98	lawn / floor 7 studs from Curb	19.9	4.00	-214.6	Lobby/LobbyFloor . Top	_WeatherWorldR149/Snow patches/Snow patch . Right	saved+built	Plastic / SmoothPlastic	
915	depth-safe	same	look	strict	+0.1660	0.049	67.14	67.14	lawn / floor 49 studs from hub wall	283.2	4.00	-467.1	Lobby/LobbyFloor . Top	_WeatherWorldR149/Snow patches/Snow patch . Right	saved+built	Plastic / SmoothPlastic	
916	depth-safe	now depth-safe (+0.246)	look	strict	+0.1820	0.049	66.96	66.96	lawn / floor 7 studs from Curb	-247.5	4.00	-284.0	Lobby/LobbyFloor . Top	_WeatherWorldR149/Snow patches/Snow patch . Right	saved+built	Plastic / SmoothPlastic	
917	depth-safe	now depth-safe (+0.286)	look	strict	+0.1660	0.049	65.59	65.59	lawn / floor 9 studs from Base 4 (pad)	220.1	4.00	-289.5	Lobby/LobbyFloor . Top	_WeatherWorldR149/Snow patches/Snow patch . Right	saved+built	Plastic / SmoothPlastic	
918	depth-safe	same	look	strict	+0.1650	0.049	109.00	65.40	Base 2 (pad)	148.6	10.65	-145.5	Bases/Base_2/GardenFence34/Garden bonus frame . Back	Bases/Base_2/GardenFence34/Garden bonus board . Back	built+built	Sandstone / Wood	
919	depth-safe	same	look	strict	+0.1650	0.049	109.00	65.40	Base 4 (pad)	148.6	10.65	-323.0	Bases/Base_4/GardenFence34/Garden bonus frame . Back	Bases/Base_4/GardenFence34/Garden bonus board . Back	built+built	Slate / Wood	
920	depth-safe	same	look	strict	+0.1650	0.049	109.00	65.40	Base 5 (pad)	-39.0	10.65	-425.9	Bases/Base_5/GardenFence34/Garden bonus frame . Back	Bases/Base_5/GardenFence34/Garden bonus board . Back	built+built	Cobblestone / Wood	
921	depth-safe	same	look	strict	+0.1540	0.049	65.40	65.40	lawn / floor 7 studs from Curb	101.8	4.00	-367.0	Lobby/LobbyFloor . Top	_WeatherWorldR149/Snow patches/Snow patch . Right	saved+built	Plastic / SmoothPlastic	
922	depth-safe	same	look	strict	+0.2340	0.049	65.22	65.22	lawn / floor 8 studs from Garden nook	-293.7	4.00	-250.3	Lobby/LobbyFloor . Top	_WeatherWorldR149/Snow patches/Snow patch . Right	saved+built	Plastic / SmoothPlastic	
923	depth-safe	same	look	strict	+0.2980	0.049	64.73	64.73	lawn / floor 3 studs from hub wall	201.5	4.00	-108.4	Lobby/LobbyFloor . Top	_WeatherWorldR149/Snow patches/Snow patch . Right	saved+built	Plastic / SmoothPlastic	
924	depth-safe	same	look	strict	+0.2000	0.049	64.00	64.00	Corner circle	118.0	5.36	-159.0	HubLife151/Cell 1:-2/core/Bed rim . Right	HubLife151/Cell 1:-2/core/Bed soil . Right	built+built	SmoothPlastic / Ground	
925	depth-safe	same	look	strict	+0.2000	0.049	64.00	64.00	Corner circle	-118.0	5.36	-411.0	HubLife151/Cell -2:-5/core/Bed rim . Right	HubLife151/Cell -2:-5/core/Bed soil . Right	built+built	SmoothPlastic / Ground	
926	depth-safe	same	look	strict	+0.2340	0.049	63.45	63.45	lawn / floor 7 studs from Curb	-134.7	4.00	-207.8	Lobby/LobbyFloor . Top	_WeatherWorldR149/Snow patches/Snow patch . Right	saved+built	Plastic / SmoothPlastic	
927	depth-safe	same	look	strict	+0.5150	0.049	104.81	62.88	Base 2 (pad)	148.5	10.64	-145.5	Bases/Base_2/GardenFence34/Garden bonus board . Front	Bases/Base_2/GardenFence34/Garden bonus frame . Front	built+built	Wood / Sandstone	
928	depth-safe	same	look	strict	+0.5150	0.049	104.81	62.88	Base 4 (pad)	148.5	10.64	-323.0	Bases/Base_4/GardenFence34/Garden bonus board . Front	Bases/Base_4/GardenFence34/Garden bonus frame . Front	built+built	Wood / Slate	
929	depth-safe	same	look	strict	+0.5150	0.049	104.81	62.88	Base 5 (pad)	-39.0	10.64	-425.8	Bases/Base_5/GardenFence34/Garden bonus board . Front	Bases/Base_5/GardenFence34/Garden bonus frame . Front	built+built	Wood / Cobblestone	
930	depth-safe	same	look	strict	+0.3660	0.049	62.12	62.12	lawn / floor 8 studs from Base 3 (pad)	-137.4	4.00	-324.2	Lobby/LobbyFloor . Top	_WeatherWorldR149/Snow patches/Snow patch . Right	saved+built	Plastic / SmoothPlastic	
931	depth-safe	now depth-safe (+0.214)	look	strict	+0.1540	0.049	61.73	61.73	lawn / floor 10 studs from Market square	62.2	4.00	-236.1	Lobby/LobbyFloor . Top	_WeatherWorldR149/Snow patches/Snow patch . Right	saved+built	Plastic / SmoothPlastic	
932	depth-safe	same	look	strict	+0.2000	0.049	61.09	61.09	Corner circle	-118.0	5.36	-159.0	HubLife151/Cell -2:-2/core/Bed rim . Right	HubLife151/Cell -2:-2/core/Bed soil . Right	built+built	SmoothPlastic / Ground	
933	depth-safe	same	look	strict	+0.2000	0.049	61.09	61.09	Corner circle	118.0	5.36	-411.0	HubLife151/Cell 1:-5/core/Bed rim . Right	HubLife151/Cell 1:-5/core/Bed soil . Right	built+built	SmoothPlastic / Ground	
934	depth-safe	same	look	strict	+0.3020	0.049	60.74	60.74	lawn / floor 7 studs from Garden nook	316.6	4.00	-248.6	Lobby/LobbyFloor . Top	_WeatherWorldR149/Snow patches/Snow patch . Right	saved+built	Plastic / SmoothPlastic	
935	depth-safe	same	look	strict	+0.1820	0.049	59.53	59.53	lawn / floor 7 studs from hub display (biggest fruit)	-268.3	4.00	-518.0	Lobby/LobbyFloor . Top	_WeatherWorldR149/Snow patches/Snow patch . Right	saved+built	Plastic / SmoothPlastic	
936	depth-safe	same	look	strict	+0.1660	0.049	59.16	59.16	lawn / floor 22 studs from hub wall	286.5	4.00	-593.9	Lobby/LobbyFloor . Top	_WeatherWorldR149/Snow patches/Snow patch . Right	saved+built	Plastic / SmoothPlastic	
937	depth-safe	now depth-safe (+0.274)	look	strict	+0.1540	0.049	59.12	59.12	lawn / floor 19 studs from Curb	-89.8	4.00	-186.7	Lobby/LobbyFloor . Top	_WeatherWorldR149/Snow patches/Snow patch . Right	saved+built	Plastic / SmoothPlastic	
938	depth-safe	same	look	strict	+0.1660	0.049	58.91	58.91	lawn / floor 11 studs from Curb	-39.6	4.00	-392.5	Lobby/LobbyFloor . Top	_WeatherWorldR149/Snow patches/Snow patch . Right	saved+built	Plastic / SmoothPlastic	
939	depth-safe	now depth-safe (+0.366)	look	strict	+0.3060	0.049	58.88	58.88	lawn / floor 7 studs from Base 1 (pad)	-137.8	4.00	-149.3	Lobby/LobbyFloor . Top	_WeatherWorldR149/Snow patches/Snow patch . Right	saved+built	Plastic / SmoothPlastic	
940	depth-safe	same	look	strict	+0.2980	0.049	58.72	58.72	lawn / floor 4 studs from hub wall	190.5	4.00	-612.8	Lobby/LobbyFloor . Top	_WeatherWorldR149/Snow patches/Snow patch . Right	saved+built	Plastic / SmoothPlastic	
941	depth-safe	same	look	strict	+0.1860	0.049	57.12	57.12	lawn / floor 6 studs from Stage circle	-30.9	4.00	-375.7	Lobby/LobbyFloor . Top	_WeatherWorldR149/Snow patches/Snow patch . Right	saved+built	Plastic / SmoothPlastic	
942	depth-safe	same	look	strict	+0.3060	0.049	56.98	56.98	lawn / floor 7 studs from Base 3 (pad)	-137.9	4.00	-396.9	Lobby/LobbyFloor . Top	_WeatherWorldR149/Snow patches/Snow patch . Right	saved+built	Plastic / SmoothPlastic	
943	depth-safe	same	look	strict	+0.3400	0.020	56.91	56.91	Market square	0.0	4.00	-289.3	Lobby/LobbyFloor . Top	EconomyHub/MerchantStands/Front doorstep . Top	saved+built	Plastic / SmoothPlastic	
944	depth-safe	same	look	strict	+0.1400	0.020	56.91	56.91	Market square	0.0	4.20	-289.3	HubDecor151/Paths/Market square . Top	EconomyHub/MerchantStands/Front doorstep . Top	built+built	Brick / SmoothPlastic	
945	depth-safe	now depth-safe (+0.124)	look	strict	+0.1740	0.049	55.78	55.78	lawn / floor 9 studs from Base 2 (pad)	271.9	4.12	-248.8	HubLife151/Cell 2:-3/core/Grass patch . Right	_WeatherWorldR149/Snow patches/Snow patch . Right	built+built	Grass / SmoothPlastic	
946	depth-safe	same	look	strict	+0.1660	0.049	55.58	55.58	lawn / floor 21 studs from Curb	-33.9	4.00	-207.7	Lobby/LobbyFloor . Top	_WeatherWorldR149/Snow patches/Snow patch . Right	saved+built	Plastic / SmoothPlastic	
947	depth-safe	same	look	strict	+0.2140	0.049	55.28	55.28	lawn / floor 9 studs from Curb	-136.1	4.00	-226.2	Lobby/LobbyFloor . Top	_WeatherWorldR149/Snow patches/Snow patch . Right	saved+built	Plastic / SmoothPlastic	
948	depth-safe	same	look	strict	+0.2940	0.049	54.94	54.94	lawn / floor 10 studs from Curb	-248.0	4.00	-250.7	Lobby/LobbyFloor . Top	_WeatherWorldR149/Snow patches/Snow patch . Right	saved+built	Plastic / SmoothPlastic	
949	depth-safe	now depth-safe (+0.220)	look	strict	+0.1200	0.049	53.75	53.75	lawn / floor 8 studs from Base 1 (pad)	-273.5	4.00	-247.4	Lobby/LobbyFloor . Top	HubLife151/Cell -3:-3/core/Grass patch . Right	saved+built	Plastic / Grass	
950	depth-safe	same	look	strict	+0.1820	0.049	53.15	53.15	lawn / floor 8 studs from Curb	22.6	4.00	-174.6	Lobby/LobbyFloor . Top	_WeatherWorldR149/Snow patches/Snow patch . Right	saved+built	Plastic / SmoothPlastic	
951	depth-safe	same	look	strict	+0.4100	0.049	51.97	51.97	hub wall	118.4	4.00	-615.5	Lobby/LobbyFloor . Top	_WeatherWorldR149/Snow patches/Snow patch . Right	saved+built	Plastic / SmoothPlastic	
952	depth-safe	same	look	strict	+0.1660	0.049	51.79	51.79	lawn / floor 10 studs from hub display (biggest fruit)	-240.4	4.00	-481.9	Lobby/LobbyFloor . Top	_WeatherWorldR149/Snow patches/Snow patch . Right	saved+built	Plastic / SmoothPlastic	
953	depth-safe	same	look	strict	+0.1660	0.049	51.75	51.75	lawn / floor 14 studs from Curb	94.7	4.00	-363.6	Lobby/LobbyFloor . Top	_WeatherWorldR149/Snow patches/Snow patch . Right	saved+built	Plastic / SmoothPlastic	
954	depth-safe	same	look	strict	+0.1860	0.049	51.64	51.64	lawn / floor 7 studs from Curb	-134.6	4.00	-329.2	Lobby/LobbyFloor . Top	_WeatherWorldR149/Snow patches/Snow patch . Right	saved+built	Plastic / SmoothPlastic	
955	depth-safe	same	look	strict	+0.1820	0.049	51.60	51.60	lawn / floor 9 studs from Curb	88.5	4.00	-394.7	Lobby/LobbyFloor . Top	_WeatherWorldR149/Snow patches/Snow patch . Right	saved+built	Plastic / SmoothPlastic	
956	depth-safe	same	look	strict	+0.1820	0.049	50.79	50.79	lawn / floor 8 studs from Stage circle	37.7	4.00	-369.0	Lobby/LobbyFloor . Top	_WeatherWorldR149/Snow patches/Snow patch . Right	saved+built	Plastic / SmoothPlastic	
957	depth-safe	same	look	strict	+0.2980	0.049	49.93	49.93	lawn / floor 3 studs from hub wall	20.6	4.00	-613.4	Lobby/LobbyFloor . Top	_WeatherWorldR149/Snow patches/Snow patch . Right	saved+built	Plastic / SmoothPlastic	
958	depth-safe	same	look	strict	+0.2140	0.049	49.73	49.73	lawn / floor 7 studs from hub wall	324.8	4.00	-525.6	Lobby/LobbyFloor . Top	_WeatherWorldR149/Snow patches/Snow patch . Right	saved+built	Plastic / SmoothPlastic	
959	depth-safe	now depth-safe (+0.172)	look	strict	+0.1120	0.020	49.22	49.22	lawn / floor 20 studs from Curb	-88.8	4.07	-381.5	HubLife151/Cell -1:-4/core/Grass patch . Right	_WeatherWorldR149/Snow patches/Snow patch . Right	built+built	Grass / SmoothPlastic	
960	depth-safe	same	look	strict	+0.2000	0.049	49.00	49.00	Market square	36.0	5.30	-250.0	HubLife151/Cell 0:-3/core/Bed rim . Right	HubLife151/Cell 0:-3/core/Bed soil . Right	built+built	SmoothPlastic / Ground	
961	depth-safe	same	look	strict	+0.2000	0.049	49.00	49.00	Market square	36.0	5.30	-300.0	HubLife151/Cell 0:-3/core/Bed rim . Right	HubLife151/Cell 0:-3/core/Bed soil . Right	built+built	SmoothPlastic / Ground	
962	depth-safe	same	look	strict	+0.2000	0.049	49.00	49.00	Market square	-36.0	5.30	-250.0	HubLife151/Cell -1:-3/core/Bed rim . Right	HubLife151/Cell -1:-3/core/Bed soil . Right	built+built	SmoothPlastic / Ground	
963	depth-safe	same	look	strict	+0.2000	0.049	49.00	49.00	Lane nook	0.0	5.36	-596.0	HubLife151/Cell 0:-6/core/Bed rim . Right	HubLife151/Cell 0:-6/core/Bed soil . Right	built+built	SmoothPlastic / Ground	
964	depth-safe	same	look	strict	+0.1540	0.049	48.62	48.62	lawn / floor 10 studs from hub display (best pull)	201.0	4.00	-513.7	Lobby/LobbyFloor . Top	_WeatherWorldR149/Snow patches/Snow patch . Right	saved+built	Plastic / SmoothPlastic	
965	depth-safe	same	look	strict	+0.1540	0.049	48.35	48.35	lawn / floor 11 studs from Base 3 (pad)	-287.7	4.00	-288.2	Lobby/LobbyFloor . Top	_WeatherWorldR149/Snow patches/Snow patch . Right	saved+built	Plastic / SmoothPlastic	
966	depth-safe	same	look	strict	+0.1650	0.049	109.00	47.19	Base 3 (pad)	-148.6	10.65	-393.0	Bases/Base_3/GardenFence34/Garden bonus frame . Back	Bases/Base_3/GardenFence34/Garden bonus board . Back	built+built	Wood / Wood	
967	depth-safe	same	look	strict	+0.1650	0.049	109.00	47.19	Base 1 (pad)	-148.6	10.65	-215.5	Bases/Base_1/GardenFence34/Garden bonus frame . Back	Bases/Base_1/GardenFence34/Garden bonus board . Back	built+built	Wood / Wood	
968	depth-safe	same	look	strict	+0.5150	0.049	109.00	47.19	Base 3 (pad)	-148.5	10.64	-393.0	Bases/Base_3/GardenFence34/Garden bonus board . Front	Bases/Base_3/GardenFence34/Garden bonus frame . Front	built+built	Wood / Wood	
969	depth-safe	same	look	strict	+0.5150	0.049	109.00	47.19	Base 1 (pad)	-148.5	10.64	-215.5	Bases/Base_1/GardenFence34/Garden bonus board . Front	Bases/Base_1/GardenFence34/Garden bonus frame . Front	built+built	Wood / Wood	
970	depth-safe	same	look	strict	+0.1650	0.049	109.00	47.19	Base 6 (pad)	109.0	10.65	-425.9	Bases/Base_6/GardenFence34/Garden bonus frame . Back	Bases/Base_6/GardenFence34/Garden bonus board . Back	built+built	Wood / Wood	
971	depth-safe	same	look	strict	+0.5150	0.049	109.00	47.19	Base 6 (pad)	109.0	10.64	-425.8	Bases/Base_6/GardenFence34/Garden bonus board . Front	Bases/Base_6/GardenFence34/Garden bonus frame . Front	built+built	Wood / Wood	
972	depth-safe	same	look	strict	+0.2000	0.049	46.77	46.77	Market square	-36.0	5.30	-300.0	HubLife151/Cell -1:-3/core/Bed rim . Right	HubLife151/Cell -1:-3/core/Bed soil . Right	built+built	SmoothPlastic / Ground	
973	depth-safe	now look-alike (untextured) (+0.124)	look	strict	+0.1240	0.049	184.82	46.20	lawn / floor 13 studs from Base 3 (pad)	-212.0	4.18	-430.4	_WeatherWorldR149/Snow patches/Snow patch . Right	_WeatherWorldR149/Snow patches/Snow patch . Right	built+built	SmoothPlastic / SmoothPlastic	
974	depth-safe	now depth-safe (+0.230)	look	strict	+0.1660	0.049	45.22	45.22	lawn / floor 11 studs from Run-up lane FOREST	100.8	4.00	-135.8	Lobby/LobbyFloor . Top	_WeatherWorldR149/Snow patches/Snow patch . Right	saved+built	Plastic / SmoothPlastic	
975	depth-safe	now depth-safe (+0.208)	look	strict	+0.1440	0.033	44.87	44.87	lawn / floor 10 studs from Base 4 (pad)	237.9	4.07	-288.8	HubLife151/Cell 2:-3/core/Grass patch . Right	_WeatherWorldR149/Snow patches/Snow patch . Right	built+built	Grass / SmoothPlastic	
976	depth-safe	same	look	strict	+0.2820	0.049	42.91	42.91	lawn / floor 6 studs from Garden nook	299.6	4.00	-250.0	Lobby/LobbyFloor . Top	_WeatherWorldR149/Snow patches/Snow patch . Right	saved+built	Plastic / SmoothPlastic	
977	depth-safe	same	look	strict	+0.3400	0.023	42.68	42.68	market	0.0	4.00	-249.4	Lobby/LobbyFloor . Top	EconomyHub/MerchantStands/Back doorstep . Top	saved+built	Plastic / SmoothPlastic	
978	depth-safe	same	look	strict	+0.1400	0.023	42.68	42.68	market	0.0	4.20	-249.4	HubDecor151/Paths/Market square . Top	EconomyHub/MerchantStands/Back doorstep . Top	built+built	Brick / SmoothPlastic	
979	depth-safe	same	look	strict	+0.2040	0.020	41.92	41.92	lawn / floor 8 studs from Curb	-225.6	4.07	-284.4	HubLife151/Cell -3:-3/core/Grass patch . Right	_WeatherWorldR149/Snow patches/Snow patch . Right	built+built	Grass / SmoothPlastic	
980	depth-safe	same	look	strict	+0.2140	0.049	41.81	41.81	lawn / floor 8 studs from hub wall	255.7	4.00	-608.3	Lobby/LobbyFloor . Top	_WeatherWorldR149/Snow patches/Snow patch . Right	saved+built	Plastic / SmoothPlastic	
981	depth-safe	now depth-safe (+0.166)	look	strict	+0.1700	0.049	41.39	41.39	lawn / floor 5 studs from Curb	-241.7	4.00	-255.7	Lobby/LobbyFloor . Top	_WeatherWorldR149/Snow patches/Snow patch . Right	saved+built	Plastic / SmoothPlastic	
982	depth-safe	same	look	strict	+0.1660	0.049	40.44	40.44	lawn / floor 7 studs from hub display (best pull)	204.3	4.00	-511.0	Lobby/LobbyFloor . Top	_WeatherWorldR149/Snow patches/Snow patch . Right	saved+built	Plastic / SmoothPlastic	
983	depth-safe	now look-alike (untextured) (+0.204)	look	strict	+0.2040	0.049	152.81	38.20	lawn / floor 6 studs from hub wall	319.6	4.30	-610.8	_WeatherWorldR149/Snow patches/Snow patch . Right	_WeatherWorldR149/Snow patches/Snow patch . Right	built+built	SmoothPlastic / SmoothPlastic	
984	depth-safe	same	look	strict	+0.3600	0.049	37.09	37.09	trampoline nook	-312.0	4.26	-269.0	HubDecor151/Paths/Garden nook . Right	HubTrampolines153/Trampoline Lava/Trampoline gap . Right	built+built	Brick / SmoothPlastic	
985	depth-safe	same	look	strict	+0.3600	0.049	37.09	37.09	trampoline nook	312.0	4.26	-269.0	HubDecor151/Paths/Garden nook . Right	HubTrampolines153/Trampoline Desert/Trampoline gap . Right	built+built	Brick / SmoothPlastic	
986	depth-safe	same	look	strict	+0.1600	0.049	36.68	36.68	Base 3 (pad)	-160.0	6.20	-392.0	Bases/Base_3/MysteryPedestal/Step . Right	Bases/Base_3/MysteryPedestal/Step trim . Right	built+built	Marble / SmoothPlastic	
987	depth-safe	same	look	strict	+0.1600	0.049	36.68	36.68	Base 2 (pad)	160.0	6.20	-146.5	Bases/Base_2/MysteryPedestal/Step . Right	Bases/Base_2/MysteryPedestal/Step trim . Right	built+built	Marble / SmoothPlastic	
988	depth-safe	same	look	strict	+0.1600	0.049	36.68	36.68	Base 5 (pad)	-40.0	6.20	-437.3	Bases/Base_5/MysteryPedestal/Step . Right	Bases/Base_5/MysteryPedestal/Step trim . Right	built+built	Marble / SmoothPlastic	
989	depth-safe	same	look	strict	+0.1600	0.049	36.68	36.68	Base 4 (pad)	160.0	6.20	-324.0	Bases/Base_4/MysteryPedestal/Step . Right	Bases/Base_4/MysteryPedestal/Step trim . Right	built+built	Marble / SmoothPlastic	
990	depth-safe	same	look	strict	+0.1600	0.049	36.68	36.68	Base 6 (pad)	108.0	6.20	-437.3	Bases/Base_6/MysteryPedestal/Step . Right	Bases/Base_6/MysteryPedestal/Step trim . Right	built+built	Marble / SmoothPlastic	
991	depth-safe	same	look	strict	+0.1600	0.049	36.68	36.68	Base 1 (pad)	-160.0	6.20	-214.5	Bases/Base_1/MysteryPedestal/Step . Right	Bases/Base_1/MysteryPedestal/Step trim . Right	built+built	Marble / SmoothPlastic	
992	depth-safe	same	look	strict	+0.4320	0.049	36.30	36.30	giveaway pedestal	0.0	13.14	-392.0	VoidGiveaway152/Stone/Void capital . Top	VoidGiveaway152/Stone/Capital top . Top	built+built	Slate / SmoothPlastic	
993	depth-safe	same	look	strict	+0.1000	0.049	36.00	36.00	Base 3 (pad)	-160.0	11.31	-392.0	Bases/Base_3/MysteryPedestal/Top . Right	Bases/Base_3/MysteryPedestal/Glow ring . Right	built+built	Slate / SmoothPlastic	
994	depth-safe	same	look	strict	+0.1000	0.049	36.00	36.00	Base 2 (pad)	160.0	11.31	-146.5	Bases/Base_2/MysteryPedestal/Top . Right	Bases/Base_2/MysteryPedestal/Glow ring . Right	built+built	Slate / SmoothPlastic	
995	depth-safe	same	look	strict	+0.1000	0.049	36.00	36.00	Base 5 (pad)	-40.0	11.31	-437.3	Bases/Base_5/MysteryPedestal/Top . Right	Bases/Base_5/MysteryPedestal/Glow ring . Right	built+built	Slate / SmoothPlastic	
996	depth-safe	same	look	strict	+0.1000	0.049	36.00	36.00	Base 4 (pad)	160.0	11.31	-324.0	Bases/Base_4/MysteryPedestal/Top . Right	Bases/Base_4/MysteryPedestal/Glow ring . Right	built+built	Slate / SmoothPlastic	
997	depth-safe	same	look	strict	+0.1000	0.049	36.00	36.00	Base 6 (pad)	108.0	11.31	-437.3	Bases/Base_6/MysteryPedestal/Top . Right	Bases/Base_6/MysteryPedestal/Glow ring . Right	built+built	Slate / SmoothPlastic	
998	depth-safe	same	look	strict	+0.1000	0.049	36.00	36.00	Base 1 (pad)	-160.0	11.31	-214.5	Bases/Base_1/MysteryPedestal/Top . Right	Bases/Base_1/MysteryPedestal/Glow ring . Right	built+built	Slate / SmoothPlastic	
999	depth-safe	now depth-safe (+0.294)	look	strict	+0.2340	0.049	34.13	34.13	lawn / floor 7 studs from Corner circle	-136.2	4.00	-143.4	Lobby/LobbyFloor . Top	_WeatherWorldR149/Snow patches/Snow patch . Right	saved+built	Plastic / SmoothPlastic	
1000	depth-safe	same	look	strict	+0.1580	0.039	34.03	34.03	lawn / floor 4 studs from Curb	17.1	4.00	-217.4	Lobby/LobbyFloor . Top	_WeatherWorldR149/Snow patches/Snow patch . Right	saved+built	Plastic / SmoothPlastic	
1001	depth-safe	same	look	strict	+0.2940	0.049	33.92	33.92	lawn / floor 9 studs from Base 3 (pad)	-136.5	4.00	-316.3	Lobby/LobbyFloor . Top	_WeatherWorldR149/Snow patches/Snow patch . Right	saved+built	Plastic / SmoothPlastic	
1002	depth-safe	now depth-safe (+0.230)	look	strict	+0.1660	0.036	33.14	33.14	lawn / floor 8 studs from Curb	-243.7	4.00	-284.7	Lobby/LobbyFloor . Top	_WeatherWorldR149/Snow patches/Snow patch . Right	saved+built	Plastic / SmoothPlastic	
1003	depth-safe	now depth-safe (+0.274)	look	strict	+0.2140	0.049	32.91	32.91	lawn / floor 6 studs from Corner circle	-136.0	4.00	-155.6	Lobby/LobbyFloor . Top	_WeatherWorldR149/Snow patches/Snow patch . Right	saved+built	Plastic / SmoothPlastic	
1004	depth-safe	now tight (+0.074)	look	strict	+0.1740	0.049	32.26	32.26	lawn / floor 9 studs from Base 2 (pad)	273.0	4.12	-248.1	HubLife151/Cell 2:-3/core/Grass patch . Right	_WeatherWorldR149/Snow patches/Snow patch . Right	built+built	Grass / SmoothPlastic	
1005	depth-safe	same	look	strict	+0.1540	0.038	32.12	32.12	lawn / floor 11 studs from Market square	-63.0	4.00	-247.2	Lobby/LobbyFloor . Top	_WeatherWorldR149/Snow patches/Snow patch . Right	saved+built	Plastic / SmoothPlastic	
1006	depth-safe	same	look	strict	+0.2400	0.049	62.63	31.93	trampoline nook	312.0	4.62	-269.0	HubTrampolines153/Trampoline Desert/Trampoline gap . Right	HubTrampolines153/Trampoline Desert/Trampoline mat . Right	built+built	SmoothPlastic / SmoothPlastic	
1007	depth-safe	same	look	strict	+0.2400	0.049	62.63	31.93	trampoline nook	-312.0	4.62	-269.0	HubTrampolines153/Trampoline Lava/Trampoline gap . Right	HubTrampolines153/Trampoline Lava/Trampoline mat . Right	built+built	SmoothPlastic / SmoothPlastic	
1008	depth-safe	same	look	strict	+0.3900	0.049	31.09	31.09	lawn / floor 1 studs from hub wall	-319.3	4.00	-106.8	Lobby/LobbyFloor . Top	_WeatherWorldR149/Snow patches/Snow patch . Right	saved+built	Plastic / SmoothPlastic	
1009	depth-safe	same	look	strict	+0.1540	0.023	30.70	30.70	lawn / floor 9 studs from Base 1 (pad)	-270.6	4.12	-248.4	HubLife151/Cell -3:-3/core/Grass patch . Right	_WeatherWorldR149/Snow patches/Snow patch . Right	built+built	Grass / SmoothPlastic	
1010	depth-safe	same	look	strict	+0.2340	0.049	30.41	30.41	lawn / floor 9 studs from Base 3 (pad)	-136.4	4.00	-390.9	Lobby/LobbyFloor . Top	_WeatherWorldR149/Snow patches/Snow patch . Right	saved+built	Plastic / SmoothPlastic	
1011	depth-safe	same	look	strict	+0.3060	0.049	30.11	30.11	lawn / floor 6 studs from Base 2 (pad)	138.6	4.00	-149.6	Lobby/LobbyFloor . Top	_WeatherWorldR149/Snow patches/Snow patch . Right	saved+built	Plastic / SmoothPlastic	
1012	depth-safe	same	look	strict	+0.1540	0.049	29.51	29.51	lawn / floor 10 studs from Curb	56.0	4.00	-176.8	Lobby/LobbyFloor . Top	_WeatherWorldR149/Snow patches/Snow patch . Right	saved+built	Plastic / SmoothPlastic	
1013	depth-safe	same	look	strict	+0.1820	0.032	29.50	29.50	lawn / floor 4 studs from South plaza	25.1	4.00	-397.5	Lobby/LobbyFloor . Top	_WeatherWorldR149/Snow patches/Snow patch . Right	saved+built	Plastic / SmoothPlastic	
1014	depth-safe	same	look	strict	+0.1540	0.029	29.39	29.39	lawn / floor 13 studs from South plaza	-34.0	4.00	-387.9	Lobby/LobbyFloor . Top	_WeatherWorldR149/Snow patches/Snow patch . Right	saved+built	Plastic / SmoothPlastic	
1015	depth-safe	same	look	strict	+0.1660	0.049	28.47	28.47	lawn / floor 10 studs from Curb	-167.0	4.00	-286.5	Lobby/LobbyFloor . Top	_WeatherWorldR149/Snow patches/Snow patch . Right	saved+built	Plastic / SmoothPlastic	
1016	depth-safe	now look-alike (untextured) (+0.124)	look	strict	+0.1240	0.049	110.05	27.51	lawn / floor 13 studs from Base 3 (pad)	-209.8	4.18	-430.4	_WeatherWorldR149/Snow patches/Snow patch . Right	_WeatherWorldR149/Snow patches/Snow patch . Right	built+built	SmoothPlastic / SmoothPlastic	
1017	depth-safe	same	look	strict	+0.3660	0.049	26.52	26.52	lawn / floor 6 studs from Base 4 (pad)	139.0	4.00	-334.1	Lobby/LobbyFloor . Top	_WeatherWorldR149/Snow patches/Snow patch . Right	saved+built	Plastic / SmoothPlastic	
1018	depth-safe	same	look	strict	+0.5000	0.049	26.04	26.04	Base 3 (pad)	-160.0	5.00	-392.0	Bases/Base_3/Pad . Top	Bases/Base_3/MysteryPedestal/Plinth . Top	saved+built	Plastic / Slate	
1019	depth-safe	same	look	strict	+0.5000	0.049	26.04	26.04	Base 2 (pad)	160.0	5.00	-146.5	Bases/Base_2/Pad . Top	Bases/Base_2/MysteryPedestal/Plinth . Top	saved+built	Plastic / Slate	
1020	depth-safe	same	look	strict	+0.5000	0.049	26.04	26.04	Base 5 (pad)	-40.0	5.00	-437.3	Bases/Base_5/Pad . Top	Bases/Base_5/MysteryPedestal/Plinth . Top	saved+built	Plastic / Slate	
1021	depth-safe	same	look	strict	+0.5000	0.049	26.04	26.04	Base 4 (pad)	160.0	5.00	-324.0	Bases/Base_4/Pad . Top	Bases/Base_4/MysteryPedestal/Plinth . Top	saved+built	Plastic / Slate	
1022	depth-safe	same	look	strict	+0.5000	0.049	26.04	26.04	Base 6 (pad)	108.0	5.00	-437.3	Bases/Base_6/Pad . Top	Bases/Base_6/MysteryPedestal/Plinth . Top	saved+built	Plastic / Slate	
1023	depth-safe	same	look	strict	+0.5000	0.049	26.04	26.04	Base 1 (pad)	-160.0	5.00	-214.5	Bases/Base_1/Pad . Top	Bases/Base_1/MysteryPedestal/Plinth . Top	saved+built	Plastic / Slate	
1024	depth-safe	same	look	strict	+0.1820	0.049	25.76	25.76	lawn / floor 9 studs from Curb	-136.4	4.00	-291.4	Lobby/LobbyFloor . Top	_WeatherWorldR149/Snow patches/Snow patch . Right	saved+built	Plastic / SmoothPlastic	
1025	depth-safe	same	look	strict	+0.4200	0.049	36.00	25.55	Base 3 (pad)	-160.0	10.99	-392.0	Bases/Base_3/MysteryPedestal/Top rim . Right	Bases/Base_3/MysteryPedestal/Glow ring . Right	built+built	SmoothPlastic / SmoothPlastic	
1026	depth-safe	same	look	strict	+0.4200	0.049	36.00	25.55	Base 2 (pad)	160.0	10.99	-146.5	Bases/Base_2/MysteryPedestal/Top rim . Right	Bases/Base_2/MysteryPedestal/Glow ring . Right	built+built	SmoothPlastic / SmoothPlastic	
1027	depth-safe	same	look	strict	+0.4200	0.049	36.00	25.55	Base 5 (pad)	-40.0	10.99	-437.3	Bases/Base_5/MysteryPedestal/Top rim . Right	Bases/Base_5/MysteryPedestal/Glow ring . Right	built+built	SmoothPlastic / SmoothPlastic	
1028	depth-safe	same	look	strict	+0.4200	0.049	36.00	25.55	Base 4 (pad)	160.0	10.99	-324.0	Bases/Base_4/MysteryPedestal/Top rim . Right	Bases/Base_4/MysteryPedestal/Glow ring . Right	built+built	SmoothPlastic / SmoothPlastic	
1029	depth-safe	same	look	strict	+0.4200	0.049	36.00	25.55	Base 6 (pad)	108.0	10.99	-437.3	Bases/Base_6/MysteryPedestal/Top rim . Right	Bases/Base_6/MysteryPedestal/Glow ring . Right	built+built	SmoothPlastic / SmoothPlastic	
1030	depth-safe	same	look	strict	+0.4200	0.049	36.00	25.55	Base 1 (pad)	-160.0	10.99	-214.5	Bases/Base_1/MysteryPedestal/Top rim . Right	Bases/Base_1/MysteryPedestal/Glow ring . Right	built+built	SmoothPlastic / SmoothPlastic	
1031	depth-safe	same	look	strict	+0.1580	0.029	25.19	25.19	lawn / floor 9 studs from Stage circle	-30.2	4.00	-378.6	Lobby/LobbyFloor . Top	_WeatherWorldR149/Snow patches/Snow patch . Right	saved+built	Plastic / SmoothPlastic	
1032	depth-safe	same	look	strict	+0.1540	0.049	25.15	25.15	lawn / floor 9 studs from Curb	-169.7	4.00	-285.4	Lobby/LobbyFloor . Top	_WeatherWorldR149/Snow patches/Snow patch . Right	saved+built	Plastic / SmoothPlastic	
1033	depth-safe	same	look	strict	+0.2980	0.049	23.51	23.51	lawn / floor 1 studs from hub wall	332.1	4.00	-401.1	Lobby/LobbyFloor . Top	_WeatherWorldR149/Snow patches/Snow patch . Right	saved+built	Plastic / SmoothPlastic	
1034	depth-safe	same	look	strict	+0.4060	0.049	22.71	22.71	hub wall	-333.7	4.00	-416.2	Lobby/LobbyFloor . Top	_WeatherWorldR149/Snow patches/Snow patch . Right	saved+built	Plastic / SmoothPlastic	
1035	depth-safe	same	look	strict	+0.4060	0.049	22.71	22.71	hub wall	-333.7	4.00	-309.7	Lobby/LobbyFloor . Top	_WeatherWorldR149/Snow patches/Snow patch . Right	saved+built	Plastic / SmoothPlastic	
1036	depth-safe	same	look	strict	+0.4060	0.049	22.71	22.71	hub wall	-333.7	4.00	-194.8	Lobby/LobbyFloor . Top	_WeatherWorldR149/Snow patches/Snow patch . Right	saved+built	Plastic / SmoothPlastic	
1037	depth-safe	same	look	strict	+0.4060	0.049	22.71	22.71	hub wall	333.7	4.00	-414.8	Lobby/LobbyFloor . Top	_WeatherWorldR149/Snow patches/Snow patch . Right	saved+built	Plastic / SmoothPlastic	
1038	depth-safe	same	look	strict	+0.4100	0.049	22.71	22.71	hub wall	-333.7	4.00	-369.1	Lobby/LobbyFloor . Top	_WeatherWorldR149/Snow patches/Snow patch . Right	saved+built	Plastic / SmoothPlastic	
1039	depth-safe	same	look	strict	+0.4100	0.049	22.71	22.71	hub wall	-333.7	4.00	-254.4	Lobby/LobbyFloor . Top	_WeatherWorldR149/Snow patches/Snow patch . Right	saved+built	Plastic / SmoothPlastic	
1040	depth-safe	same	look	strict	+0.4100	0.049	22.71	22.71	hub wall	333.7	4.00	-367.0	Lobby/LobbyFloor . Top	_WeatherWorldR149/Snow patches/Snow patch . Right	saved+built	Plastic / SmoothPlastic	
1041	depth-safe	same	look	strict	+0.4100	0.049	22.71	22.71	hub wall	333.7	4.00	-181.2	Lobby/LobbyFloor . Top	_WeatherWorldR149/Snow patches/Snow patch . Right	saved+built	Plastic / SmoothPlastic	
1042	depth-safe	same	look	strict	+0.4140	0.049	22.71	22.71	hub wall	333.7	4.00	-129.8	Lobby/LobbyFloor . Top	_WeatherWorldR149/Snow patches/Snow patch . Right	saved+built	Plastic / SmoothPlastic	
1043	depth-safe	same	look	strict	+0.2980	0.049	22.57	22.57	lawn / floor 1 studs from hub wall	-332.7	4.00	-291.7	Lobby/LobbyFloor . Top	_WeatherWorldR149/Snow patches/Snow patch . Right	saved+built	Plastic / SmoothPlastic	
1044	depth-safe	same	look	strict	+0.1660	0.033	22.52	22.52	lawn / floor 5 studs from Base 3 (pad)	-283.9	4.00	-294.0	Lobby/LobbyFloor . Top	_WeatherWorldR149/Snow patches/Snow patch . Right	saved+built	Plastic / SmoothPlastic	
1045	depth-safe	now depth-safe (+0.274)	look	strict	+0.1540	0.036	22.42	22.42	lawn / floor 9 studs from Curb	213.3	4.00	-286.1	Lobby/LobbyFloor . Top	_WeatherWorldR149/Snow patches/Snow patch . Right	saved+built	Plastic / SmoothPlastic	
1046	depth-safe	same	look	strict	+0.1660	0.022	21.41	21.41	lawn / floor 7 studs from Base 4 (pad)	138.3	4.00	-318.9	Lobby/LobbyFloor . Top	_WeatherWorldR149/Snow patches/Snow patch . Right	saved+built	Plastic / SmoothPlastic	
1047	depth-safe	same	look	strict	+0.2780	0.049	21.31	21.31	lawn / floor 1 studs from hub wall	-332.6	4.00	-266.0	Lobby/LobbyFloor . Top	_WeatherWorldR149/Snow patches/Snow patch . Right	saved+built	Plastic / SmoothPlastic	
1048	depth-safe	same	look	strict	+0.4140	0.049	21.18	21.18	lawn / floor 2 studs from hub wall	331.2	4.00	-596.3	Lobby/LobbyFloor . Top	_WeatherWorldR149/Snow patches/Snow patch . Right	saved+built	Plastic / SmoothPlastic	
1049	depth-safe	now depth-safe (+0.154)	look	strict	+0.2040	0.020	20.85	20.85	lawn / floor 5 studs from Curb	-225.5	4.07	-281.4	HubLife151/Cell -3:-3/core/Grass patch . Right	_WeatherWorldR149/Snow patches/Snow patch . Right	built+built	Grass / SmoothPlastic	
1050	depth-safe	same	look	strict	+0.5100	0.035	65.03	19.89	market	-23.4	4.34	-268.8	EconomyHub/MerchantStands/Side doorstep . Top	EconomyHub/MerchantStands/Market deck . Top	built+built	SmoothPlastic / SmoothPlastic	
1051	depth-safe	same	look	strict	+0.5100	0.035	65.03	19.89	market	23.4	4.34	-268.8	EconomyHub/MerchantStands/Side doorstep . Top	EconomyHub/MerchantStands/Market deck . Top	built+built	SmoothPlastic / SmoothPlastic	
1052	depth-safe	same	look	strict	+0.1540	0.022	19.80	19.80	lawn / floor 8 studs from Stage circle	37.4	4.00	-371.6	Lobby/LobbyFloor . Top	_WeatherWorldR149/Snow patches/Snow patch . Right	saved+built	Plastic / SmoothPlastic	
1053	depth-safe	same	look	strict	+0.1700	0.049	19.66	19.66	lawn / floor 11 studs from Curb	138.7	4.00	-288.5	Lobby/LobbyFloor . Top	_WeatherWorldR149/Snow patches/Snow patch . Right	saved+built	Plastic / SmoothPlastic	
1054	depth-safe	same	look	strict	+0.2340	0.028	19.54	19.54	lawn / floor 7 studs from Base 2 (pad)	137.7	4.00	-141.1	Lobby/LobbyFloor . Top	_WeatherWorldR149/Snow patches/Snow patch . Right	saved+built	Plastic / SmoothPlastic	
1055	depth-safe	same	look	strict	+0.2180	0.049	19.11	19.11	lawn / floor 9 studs from hub wall	306.0	4.00	-606.6	Lobby/LobbyFloor . Top	_WeatherWorldR149/Snow patches/Snow patch . Right	saved+built	Plastic / SmoothPlastic	
1056	depth-safe	now depth-safe (+0.122)	look	strict	+0.1120	0.020	18.64	18.64	lawn / floor 15 studs from Curb	-93.7	4.07	-282.3	HubLife151/Cell -1:-3/core/Grass patch . Right	_WeatherWorldR149/Snow patches/Snow patch . Right	built+built	Grass / SmoothPlastic	
1057	depth-safe	same	look	strict	+0.3060	0.049	18.62	18.62	hub wall	333.0	4.00	-114.2	Lobby/LobbyFloor . Top	_WeatherWorldR149/Snow patches/Snow patch . Right	saved+built	Plastic / SmoothPlastic	
1058	depth-safe	same	look	strict	+0.1700	0.026	18.19	18.19	lawn / floor 8 studs from Curb	20.7	4.00	-218.1	Lobby/LobbyFloor . Top	_WeatherWorldR149/Snow patches/Snow patch . Right	saved+built	Plastic / SmoothPlastic	
1059	depth-safe	same	look	strict	+0.3020	0.049	18.10	18.10	lawn / floor 1 studs from hub wall	-332.8	4.00	-124.5	Lobby/LobbyFloor . Top	_WeatherWorldR149/Snow patches/Snow patch . Right	saved+built	Plastic / SmoothPlastic	
1060	depth-safe	same	look	strict	+0.1660	0.021	18.05	18.05	lawn / floor 9 studs from Curb	90.8	4.00	-394.2	Lobby/LobbyFloor . Top	_WeatherWorldR149/Snow patches/Snow patch . Right	saved+built	Plastic / SmoothPlastic	
1061	depth-safe	same	look	strict	+0.1660	0.021	18.00	18.00	lawn / floor 10 studs from Curb	26.3	4.00	-176.3	Lobby/LobbyFloor . Top	_WeatherWorldR149/Snow patches/Snow patch . Right	saved+built	Plastic / SmoothPlastic	
1062	depth-safe	same	look	strict	+0.3200	0.049	17.82	17.82	Base 3 (pad)	-160.0	10.99	-392.0	Bases/Base_3/MysteryPedestal/Top rim . Right	Bases/Base_3/MysteryPedestal/Top . Right	built+built	SmoothPlastic / Slate	
1063	depth-safe	same	look	strict	+0.3200	0.049	17.82	17.82	Base 2 (pad)	160.0	10.99	-146.5	Bases/Base_2/MysteryPedestal/Top rim . Right	Bases/Base_2/MysteryPedestal/Top . Right	built+built	SmoothPlastic / Slate	
1064	depth-safe	same	look	strict	+0.3200	0.049	17.82	17.82	Base 5 (pad)	-40.0	10.99	-437.3	Bases/Base_5/MysteryPedestal/Top rim . Right	Bases/Base_5/MysteryPedestal/Top . Right	built+built	SmoothPlastic / Slate	
1065	depth-safe	same	look	strict	+0.3200	0.049	17.82	17.82	Base 4 (pad)	160.0	10.99	-324.0	Bases/Base_4/MysteryPedestal/Top rim . Right	Bases/Base_4/MysteryPedestal/Top . Right	built+built	SmoothPlastic / Slate	
1066	depth-safe	same	look	strict	+0.3200	0.049	17.82	17.82	Base 6 (pad)	108.0	10.99	-437.3	Bases/Base_6/MysteryPedestal/Top rim . Right	Bases/Base_6/MysteryPedestal/Top . Right	built+built	SmoothPlastic / Slate	
1067	depth-safe	same	look	strict	+0.3200	0.049	17.82	17.82	Base 1 (pad)	-160.0	10.99	-214.5	Bases/Base_1/MysteryPedestal/Top rim . Right	Bases/Base_1/MysteryPedestal/Top . Right	built+built	SmoothPlastic / Slate	
1068	depth-safe	same	look	strict	+0.2140	0.049	17.70	17.70	lawn / floor 3 studs from hub wall	177.4	4.00	-612.4	Lobby/LobbyFloor . Top	_WeatherWorldR149/Snow patches/Snow patch . Right	saved+built	Plastic / SmoothPlastic	
1069	depth-safe	same	look	strict	+0.1700	0.026	17.45	17.45	lawn / floor 8 studs from Base 3 (pad)	-137.4	4.00	-328.3	Lobby/LobbyFloor . Top	_WeatherWorldR149/Snow patches/Snow patch . Right	saved+built	Plastic / SmoothPlastic	
1070	depth-safe	now look-alike (untextured) (+0.124)	look	strict	+0.1240	0.049	67.91	16.98	lawn / floor 10 studs from Base 3 (pad)	-165.4	4.18	-288.6	_WeatherWorldR149/Snow patches/Snow patch . Right	_WeatherWorldR149/Snow patches/Snow patch . Right	built+built	SmoothPlastic / SmoothPlastic	
1071	depth-safe	same	look	strict	+0.1700	0.020	16.65	16.65	lawn / floor 7 studs from Stage circle	-33.4	4.00	-376.2	Lobby/LobbyFloor . Top	_WeatherWorldR149/Snow patches/Snow patch . Right	saved+built	Plastic / SmoothPlastic	
1072	depth-safe	same	look	strict	+0.2940	0.035	16.43	16.43	lawn / floor 7 studs from Base 4 (pad)	137.7	4.00	-330.6	Lobby/LobbyFloor . Top	_WeatherWorldR149/Snow patches/Snow patch . Right	saved+built	Plastic / SmoothPlastic	
1073	depth-safe	same	look	strict	+0.3020	0.036	16.14	16.14	lawn / floor 1 studs from hub wall	332.2	4.00	-167.6	Lobby/LobbyFloor . Top	_WeatherWorldR149/Snow patches/Snow patch . Right	saved+built	Plastic / SmoothPlastic	
1074	depth-safe	same	look	strict	+0.2980	0.031	16.04	16.04	lawn / floor 1 studs from hub wall	-332.1	4.00	-404.8	Lobby/LobbyFloor . Top	_WeatherWorldR149/Snow patches/Snow patch . Right	saved+built	Plastic / SmoothPlastic	
1075	depth-safe	same	look	strict	+0.3020	0.049	15.85	15.85	hub wall	-333.0	4.00	-352.5	Lobby/LobbyFloor . Top	_WeatherWorldR149/Snow patches/Snow patch . Right	saved+built	Plastic / SmoothPlastic	
1076	depth-safe	same	look	strict	+0.2140	0.027	15.78	15.78	lawn / floor 7 studs from Corner circle	137.2	4.00	-156.2	Lobby/LobbyFloor . Top	_WeatherWorldR149/Snow patches/Snow patch . Right	saved+built	Plastic / SmoothPlastic	
1077	depth-safe	now tight (+0.054)	look	strict	+0.1540	0.020	15.58	15.58	lawn / floor 8 studs from Base 1 (pad)	-271.1	4.12	-247.9	HubLife151/Cell -3:-3/core/Grass patch . Right	_WeatherWorldR149/Snow patches/Snow patch . Right	built+built	Grass / SmoothPlastic	
1078	depth-safe	same	look	strict	+0.3020	0.049	15.11	15.11	hub wall	333.1	4.00	-352.1	Lobby/LobbyFloor . Top	_WeatherWorldR149/Snow patches/Snow patch . Right	saved+built	Plastic / SmoothPlastic	
1079	depth-safe	same	look	strict	+0.3400	0.049	15.01	15.01	market	-23.8	4.00	-268.8	Lobby/LobbyFloor . Top	EconomyHub/MerchantStands/Side doorstep . Top	saved+built	Plastic / SmoothPlastic	
1080	depth-safe	same	look	strict	+0.3400	0.049	15.01	15.01	market	23.8	4.00	-268.8	Lobby/LobbyFloor . Top	EconomyHub/MerchantStands/Side doorstep . Top	saved+built	Plastic / SmoothPlastic	
1081	depth-safe	same	look	strict	+0.1400	0.049	15.01	15.01	market	-23.8	4.20	-268.8	HubDecor151/Paths/Market square . Top	EconomyHub/MerchantStands/Side doorstep . Top	built+built	Brick / SmoothPlastic	
1082	depth-safe	same	look	strict	+0.1400	0.049	15.01	15.01	market	23.8	4.20	-268.8	HubDecor151/Paths/Market square . Top	EconomyHub/MerchantStands/Side doorstep . Top	built+built	Brick / SmoothPlastic	
1083	depth-safe	now depth-safe (+0.104)	look	strict	+0.1540	0.020	14.76	14.76	lawn / floor 9 studs from Base 1 (pad)	-271.3	4.12	-248.1	HubLife151/Cell -3:-3/core/Grass patch . Right	_WeatherWorldR149/Snow patches/Snow patch . Right	built+built	Grass / SmoothPlastic	
1084	depth-safe	same	look	strict	+0.1200	0.029	14.75	14.75	giveaway pedestal	0.0	13.57	-392.0	VoidGiveaway152/Stone/Capital top . Top	VoidGiveaway152/Stone/Cradle glow . Top	built+built	SmoothPlastic / Neon	
1085	depth-safe	same	look	strict	+0.1540	0.020	14.44	14.44	lawn / floor 10 studs from Curb	-54.5	4.00	-176.7	Lobby/LobbyFloor . Top	_WeatherWorldR149/Snow patches/Snow patch . Right	saved+built	Plastic / SmoothPlastic	
1086	depth-safe	now look-alike (untextured) (+0.288)	look	strict	+0.2880	0.049	57.24	14.31	lawn / floor 10 studs from hub wall	308.3	4.22	-606.5	_WeatherWorldR149/Snow patches/Snow patch . Right	_WeatherWorldR149/Snow patches/Snow patch . Right	built+built	SmoothPlastic / SmoothPlastic	
1087	depth-safe	same	look	strict	+0.3700	0.026	14.06	14.06	lawn / floor 3 studs from Curb	9.5	4.00	-490.7	Lobby/LobbyFloor . Top	_WeatherWorldR149/Snow patches/Snow patch . Right	saved+built	Plastic / SmoothPlastic	
1088	depth-safe	same	look	strict	+0.2980	0.031	13.76	13.76	lawn / floor 1 studs from hub wall	-332.2	4.00	-182.1	Lobby/LobbyFloor . Top	_WeatherWorldR149/Snow patches/Snow patch . Right	saved+built	Plastic / SmoothPlastic	
1089	depth-safe	now look-alike (untextured) (+0.172)	look	strict	+0.1720	0.049	55.00	13.75	lawn / floor 7 studs from hub wall	306.0	4.22	-608.1	_WeatherWorldR149/Snow patches/Snow patch . Right	_WeatherWorldR149/Snow patches/Snow patch . Right	built+built	SmoothPlastic / SmoothPlastic	
1090	depth-safe	same	look	strict	+0.4240	0.027	13.69	13.69	market	-22.4	7.37	-283.2	EconomyHub/MerchantStands/Painted corner planter . Top	EconomyHub/MerchantStands/Planter soil . Top	built+built	SmoothPlastic / Ground	
1091	depth-safe	same	look	strict	+0.2030	0.027	13.69	13.69	market	-22.4	7.59	-283.2	EconomyHub/MerchantStands/Planter gold rim . Top	EconomyHub/MerchantStands/Planter soil . Top	built+built	SmoothPlastic / Ground	
1092	depth-safe	same	look	strict	+0.1700	0.020	13.50	13.50	Base 1 (pad)	-171.0	5.00	-192.8	Bases/Base_1/Pad . Top	_WeatherWorldR149/Snow patches/Snow patch . Right	saved+built	Plastic / SmoothPlastic	
1093	depth-safe	same	look	strict	+0.1540	0.021	13.45	13.45	lawn / floor 10 studs from Curb	24.5	4.00	-177.0	Lobby/LobbyFloor . Top	_WeatherWorldR149/Snow patches/Snow patch . Right	saved+built	Plastic / SmoothPlastic	
1094	depth-safe	same	look	strict	+0.1660	0.020	12.94	12.94	lawn / floor 11 studs from Stage circle	40.7	4.00	-367.1	Lobby/LobbyFloor . Top	_WeatherWorldR149/Snow patches/Snow patch . Right	saved+built	Plastic / SmoothPlastic	
1095	depth-safe	same	look	strict	+0.3060	0.049	12.88	12.88	lawn / floor 3 studs from hub wall	330.0	4.00	-583.4	Lobby/LobbyFloor . Top	_WeatherWorldR149/Snow patches/Snow patch . Right	saved+built	Plastic / SmoothPlastic	
1096	depth-safe	same	look	strict	+0.2980	0.029	12.77	12.77	lawn / floor 1 studs from hub wall	332.6	4.00	-229.7	Lobby/LobbyFloor . Top	_WeatherWorldR149/Snow patches/Snow patch . Right	saved+built	Plastic / SmoothPlastic	
1097	depth-safe	same	look	strict	+0.4240	0.027	12.64	12.64	market	22.4	7.37	-283.2	EconomyHub/MerchantStands/Painted corner planter . Top	EconomyHub/MerchantStands/Planter soil . Top	built+built	SmoothPlastic / Ground	
1098	depth-safe	same	look	strict	+0.2030	0.027	12.64	12.64	market	22.4	7.59	-283.2	EconomyHub/MerchantStands/Planter gold rim . Top	EconomyHub/MerchantStands/Planter soil . Top	built+built	SmoothPlastic / Ground	
1099	depth-safe	now look-alike (untextured) (+0.224)	look	strict	+0.2240	0.021	48.76	12.19	lawn / floor 12 studs from hub wall	-247.0	4.18	-603.5	_WeatherWorldR149/Snow patches/Snow patch . Right	_WeatherWorldR149/Snow patches/Snow patch . Right	built+built	SmoothPlastic / SmoothPlastic	
1100	depth-safe	same	look	strict	+0.1540	0.020	12.19	12.19	lawn / floor 7 studs from South plaza	27.9	4.00	-396.4	Lobby/LobbyFloor . Top	_WeatherWorldR149/Snow patches/Snow patch . Right	saved+built	Plastic / SmoothPlastic	
1101	depth-safe	same	look	strict	+0.1660	0.020	11.80	11.80	lawn / floor 8 studs from Curb	-53.6	4.00	-174.5	Lobby/LobbyFloor . Top	_WeatherWorldR149/Snow patches/Snow patch . Right	saved+built	Plastic / SmoothPlastic	
1102	depth-safe	now depth-safe (+0.158)	look	strict	+0.1440	0.020	11.70	11.70	lawn / floor 8 studs from Curb	237.6	4.07	-284.6	HubLife151/Cell 2:-3/core/Grass patch . Right	_WeatherWorldR149/Snow patches/Snow patch . Right	built+built	Grass / SmoothPlastic	
1103	depth-safe	same	look	strict	+0.4200	0.049	11.59	11.59	trampoline nook	-309.5	4.20	-269.0	HubDecor151/Paths/Garden walk . Top	HubTrampolines153/Trampoline Lava/Trampoline gap . Right	built+built	Cobblestone / SmoothPlastic	
1104	depth-safe	same	look	strict	+0.4200	0.049	11.59	11.59	trampoline nook	309.5	4.20	-269.0	HubDecor151/Paths/Garden walk . Top	HubTrampolines153/Trampoline Desert/Trampoline gap . Right	built+built	Cobblestone / SmoothPlastic	
1105	depth-safe	same	look	strict	+0.4060	0.049	11.35	11.35	hub wall	333.7	4.00	-244.5	Lobby/LobbyFloor . Top	_WeatherWorldR149/Snow patches/Snow patch . Right	saved+built	Plastic / SmoothPlastic	
1106	depth-safe	now depth-safe (+0.218)	look	strict	+0.1540	0.049	11.32	11.32	lawn / floor 8 studs from Curb	-250.6	4.00	-284.6	Lobby/LobbyFloor . Top	_WeatherWorldR149/Snow patches/Snow patch . Right	saved+built	Plastic / SmoothPlastic	
1107	depth-safe	same	look	strict	+0.2140	0.021	10.93	10.93	lawn / floor 2 studs from hub wall	-331.7	4.00	-305.2	Lobby/LobbyFloor . Top	_WeatherWorldR149/Snow patches/Snow patch . Right	saved+built	Plastic / SmoothPlastic	
1108	depth-safe	same	look	strict	+0.2140	0.021	10.93	10.93	lawn / floor 2 studs from hub wall	-331.5	4.00	-191.2	Lobby/LobbyFloor . Top	_WeatherWorldR149/Snow patches/Snow patch . Right	saved+built	Plastic / SmoothPlastic	
1109	depth-safe	same	look	strict	+0.1700	0.020	10.85	10.85	Base 4 (pad)	262.6	5.00	-364.6	Bases/Base_4/Pad . Top	_WeatherWorldR149/Snow patches/Snow patch . Right	saved+built	Plastic / SmoothPlastic	
1110	depth-safe	same	look	strict	+0.3020	0.049	10.82	10.82	hub wall	-332.8	4.00	-241.8	Lobby/LobbyFloor . Top	_WeatherWorldR149/Snow patches/Snow patch . Right	saved+built	Plastic / SmoothPlastic	
1111	depth-safe	same	look	strict	+0.2740	0.032	10.45	10.45	hub wall	333.1	4.00	-259.9	Lobby/LobbyFloor . Top	_WeatherWorldR149/Snow patches/Snow patch . Right	saved+built	Plastic / SmoothPlastic	
1112	depth-safe	same	look	strict	+0.2140	0.021	9.44	9.44	lawn / floor 1 studs from hub wall	331.6	4.00	-240.2	Lobby/LobbyFloor . Top	_WeatherWorldR149/Snow patches/Snow patch . Right	saved+built	Plastic / SmoothPlastic	
1113	depth-safe	same	look	strict	+0.2180	0.021	8.95	8.95	lawn / floor 2 studs from hub wall	-331.5	4.00	-251.9	Lobby/LobbyFloor . Top	_WeatherWorldR149/Snow patches/Snow patch . Right	saved+built	Plastic / SmoothPlastic	
1114	depth-safe	same	look	strict	+0.1580	0.033	8.91	8.91	lawn / floor 10 studs from Curb	137.2	4.00	-289.9	Lobby/LobbyFloor . Top	_WeatherWorldR149/Snow patches/Snow patch . Right	saved+built	Plastic / SmoothPlastic	
1115	depth-safe	same	look	strict	+0.1660	0.020	8.39	8.39	lawn / floor 6 studs from Curb	-133.9	4.00	-289.9	Lobby/LobbyFloor . Top	_WeatherWorldR149/Snow patches/Snow patch . Right	saved+built	Plastic / SmoothPlastic	
1116	depth-safe	same	look	strict	+0.4100	0.049	8.11	8.11	hub wall	-333.7	4.00	-137.6	Lobby/LobbyFloor . Top	_WeatherWorldR149/Snow patches/Snow patch . Right	saved+built	Plastic / SmoothPlastic	
1117	depth-safe	same	look	strict	+0.2000	0.020	10.24	8.03	trampoline nook	312.0	4.86	-269.0	HubTrampolines153/Trampoline Desert/Trampoline mat . Right	HubTrampolines153/Trampoline Desert/Trampoline badge . Right	built+built	SmoothPlastic / SmoothPlastic	
1118	depth-safe	same	look	strict	+0.2000	0.020	10.24	8.03	trampoline nook	-312.0	4.86	-269.0	HubTrampolines153/Trampoline Lava/Trampoline mat . Right	HubTrampolines153/Trampoline Lava/Trampoline badge . Right	built+built	SmoothPlastic / SmoothPlastic	
1119	depth-safe	now look-alike (untextured) (+0.124)	look	strict	+0.1240	0.020	31.84	7.96	lawn / floor 9 studs from Base 3 (pad)	-165.4	4.18	-290.4	_WeatherWorldR149/Snow patches/Snow patch . Right	_WeatherWorldR149/Snow patches/Snow patch . Right	built+built	SmoothPlastic / SmoothPlastic	
1120	depth-safe	same	look	strict	+0.1540	0.020	7.88	7.88	lawn / floor 9 studs from Base 3 (pad)	-138.6	4.00	-292.2	Lobby/LobbyFloor . Top	_WeatherWorldR149/Snow patches/Snow patch . Right	saved+built	Plastic / SmoothPlastic	
1121	depth-safe	same	look	strict	+0.1700	0.020	7.86	7.86	Base 1 (pad)	-164.5	5.00	-159.8	Bases/Base_1/Pad . Top	_WeatherWorldR149/Snow patches/Snow patch . Right	saved+built	Plastic / SmoothPlastic	
1122	depth-safe	same	look	strict	+0.1700	0.020	7.80	7.80	Base 2 (pad)	187.3	5.00	-178.3	Bases/Base_2/Pad . Top	_WeatherWorldR149/Snow patches/Snow patch . Right	saved+built	Plastic / SmoothPlastic	
1123	depth-safe	same	look	strict	+0.2740	0.041	7.64	7.64	hub wall	-332.9	4.00	-213.5	Lobby/LobbyFloor . Top	_WeatherWorldR149/Snow patches/Snow patch . Right	saved+built	Plastic / SmoothPlastic	
1124	depth-safe	same	look	strict	+0.2000	0.049	22.15	7.56	Market square	-20.0	4.80	-299.3	EconomyHub/MerchantStands/FruitOfTheHour/Pedestal plinth . Top	EconomyHub/MerchantStands/FruitOfTheHour/Plinth trim . Top	built+built	SmoothPlastic / SmoothPlastic	
1125	depth-safe	same	look	strict	+0.1172	0.020	12.01	7.20	Base 3 (pad)	-153.3	10.07	-324.0	Bases/Base_3/TreadmillArtV131/Console shell . Top	Bases/Base_3/TreadmillArtV131/Console screen . Back	saved+saved	SmoothPlastic / SmoothPlastic	
1126	depth-safe	same	look	strict	+0.1172	0.020	12.01	7.20	Base 1 (pad)	-153.3	10.07	-146.5	Bases/Base_1/TreadmillArtV131/Console shell . Top	Bases/Base_1/TreadmillArtV131/Console screen . Back	saved+saved	SmoothPlastic / SmoothPlastic	
1127	depth-safe	same	look	strict	+0.1172	0.020	12.01	7.20	Base 2 (pad)	153.3	10.07	-214.5	Bases/Base_2/TreadmillArtV131/Console shell . Top	Bases/Base_2/TreadmillArtV131/Console screen . Back	saved+saved	SmoothPlastic / SmoothPlastic	
1128	depth-safe	same	look	strict	+0.1172	0.020	12.01	7.20	Base 4 (pad)	153.3	10.07	-392.0	Bases/Base_4/TreadmillArtV131/Console shell . Top	Bases/Base_4/TreadmillArtV131/Console screen . Back	saved+saved	SmoothPlastic / SmoothPlastic	
1129	depth-safe	same	look	strict	+0.1172	0.020	12.01	7.20	Base 5 (pad)	-108.0	10.07	-430.6	Bases/Base_5/TreadmillArtV131/Console shell . Top	Bases/Base_5/TreadmillArtV131/Console screen . Back	saved+saved	SmoothPlastic / SmoothPlastic	
1130	depth-safe	same	look	strict	+0.1172	0.020	12.01	7.20	Base 6 (pad)	40.0	10.07	-430.6	Bases/Base_6/TreadmillArtV131/Console shell . Top	Bases/Base_6/TreadmillArtV131/Console screen . Back	saved+saved	SmoothPlastic / SmoothPlastic	
1131	depth-safe	same	texture	strict	+0.3226	0.020	16.59	6.94	lawn / floor 5 studs from Garden nook	-298.6	15.96	-287.2	HubLife151/Cell -3:-3/detail/Ember crown . Top	HubLife151/Cell -3:-3/core/Ember crown . Top	built+built	Plastic / Plastic	
1132	depth-safe	same	look	strict	+0.3600	0.049	26.04	6.51	Base 3 (pad)	-160.0	5.14	-392.0	Bases/Base_3/MysteryPedestal/Apron . Right	Bases/Base_3/MysteryPedestal/Plinth . Top	built+built	Slate / Slate	
1133	depth-safe	same	look	strict	+0.3600	0.049	26.04	6.51	Base 2 (pad)	160.0	5.14	-146.5	Bases/Base_2/MysteryPedestal/Apron . Right	Bases/Base_2/MysteryPedestal/Plinth . Top	built+built	Slate / Slate	
1134	depth-safe	same	look	strict	+0.3600	0.049	26.04	6.51	Base 5 (pad)	-40.0	5.14	-437.3	Bases/Base_5/MysteryPedestal/Apron . Right	Bases/Base_5/MysteryPedestal/Plinth . Top	built+built	Slate / Slate	
1135	depth-safe	same	look	strict	+0.3600	0.049	26.04	6.51	Base 4 (pad)	160.0	5.14	-324.0	Bases/Base_4/MysteryPedestal/Apron . Right	Bases/Base_4/MysteryPedestal/Plinth . Top	built+built	Slate / Slate	
1136	depth-safe	same	look	strict	+0.3600	0.049	26.04	6.51	Base 6 (pad)	108.0	5.14	-437.3	Bases/Base_6/MysteryPedestal/Apron . Right	Bases/Base_6/MysteryPedestal/Plinth . Top	built+built	Slate / Slate	
1137	depth-safe	same	look	strict	+0.3600	0.049	26.04	6.51	Base 1 (pad)	-160.0	5.14	-214.5	Bases/Base_1/MysteryPedestal/Apron . Right	Bases/Base_1/MysteryPedestal/Plinth . Top	built+built	Slate / Slate	
1138	depth-safe	same	look	strict	+0.3100	0.049	26.04	6.51	Base 3 (pad)	-160.0	5.19	-392.0	Bases/Base_3/MysteryPedestal/Apron inlay . Right	Bases/Base_3/MysteryPedestal/Plinth . Top	built+built	Slate / Slate	
1139	depth-safe	same	look	strict	+0.3100	0.049	26.04	6.51	Base 2 (pad)	160.0	5.19	-146.5	Bases/Base_2/MysteryPedestal/Apron inlay . Right	Bases/Base_2/MysteryPedestal/Plinth . Top	built+built	Slate / Slate	
1140	depth-safe	same	look	strict	+0.3100	0.049	26.04	6.51	Base 5 (pad)	-40.0	5.19	-437.3	Bases/Base_5/MysteryPedestal/Apron inlay . Right	Bases/Base_5/MysteryPedestal/Plinth . Top	built+built	Slate / Slate	
1141	depth-safe	same	look	strict	+0.3100	0.049	26.04	6.51	Base 4 (pad)	160.0	5.19	-324.0	Bases/Base_4/MysteryPedestal/Apron inlay . Right	Bases/Base_4/MysteryPedestal/Plinth . Top	built+built	Slate / Slate	
1142	depth-safe	same	look	strict	+0.3100	0.049	26.04	6.51	Base 6 (pad)	108.0	5.19	-437.3	Bases/Base_6/MysteryPedestal/Apron inlay . Right	Bases/Base_6/MysteryPedestal/Plinth . Top	built+built	Slate / Slate	
1143	depth-safe	same	look	strict	+0.3100	0.049	26.04	6.51	Base 1 (pad)	-160.0	5.19	-214.5	Bases/Base_1/MysteryPedestal/Apron inlay . Right	Bases/Base_1/MysteryPedestal/Plinth . Top	built+built	Slate / Slate	
1144	depth-safe	same	look	strict	+0.2740	0.034	6.29	6.29	hub wall	-332.5	4.00	-322.9	Lobby/LobbyFloor . Top	_WeatherWorldR149/Snow patches/Snow patch . Right	saved+built	Plastic / SmoothPlastic	
1145	depth-safe	now look-alike (untextured) (+0.180)	look	strict	+0.1800	0.028	24.11	6.03	lawn / floor 8 studs from Curb	-135.5	4.19	-326.4	_WeatherWorldR149/Snow patches/Snow patch . Right	_WeatherWorldR149/Snow patches/Snow patch . Right	built+built	SmoothPlastic / SmoothPlastic	
1146	depth-safe	same	look	strict	+0.1920	0.049	39.94	5.99	hub display (best pull)	229.2	11.20	-530.7	HubDisplays151/BestPullDisplay/Pedestal/Pedestal column . Back	HubDisplays151/BestPullDisplay/Pedestal/Column inlay . Back	built+built	SmoothPlastic / SmoothPlastic	
1147	depth-safe	same	look	strict	+0.1920	0.049	39.94	5.99	hub display (best pull)	220.9	11.20	-521.9	HubDisplays151/BestPullDisplay/Pedestal/Pedestal column . Front	HubDisplays151/BestPullDisplay/Pedestal/Column inlay . Front	built+built	SmoothPlastic / SmoothPlastic	
1148	depth-safe	same	look	strict	+0.1920	0.049	39.94	5.99	hub display (biggest fruit)	-251.1	11.20	-510.1	HubDisplays151/BiggestFruitDisplay/Pedestal/Pedestal column . Back	HubDisplays151/BiggestFruitDisplay/Pedestal/Column inlay . Back	built+built	SmoothPlastic / SmoothPlastic	
1149	depth-safe	same	look	strict	+0.1920	0.049	39.94	5.99	hub display (biggest fruit)	-242.8	11.20	-501.3	HubDisplays151/BiggestFruitDisplay/Pedestal/Pedestal column . Front	HubDisplays151/BiggestFruitDisplay/Pedestal/Column inlay . Front	built+built	SmoothPlastic / SmoothPlastic	
1150	depth-safe	same	look	strict	+0.1080	0.020	9.22	5.53	giveaway pedestal	3.2	9.72	-392.0	VoidGiveaway152/Stone/Void column . Right	VoidGiveaway152/Stone/Column plaque . Front	built+built	Slate / SmoothPlastic	
1151	depth-safe	same	look	strict	+0.1080	0.020	9.22	5.53	giveaway pedestal	-3.2	9.72	-392.0	VoidGiveaway152/Stone/Void column . Left	VoidGiveaway152/Stone/Column plaque . Front	built+built	Slate / SmoothPlastic	
1152	depth-safe	same	look	strict	+0.1080	0.020	9.22	5.53	giveaway pedestal	0.0	9.72	-388.8	VoidGiveaway152/Stone/Void column . Back	VoidGiveaway152/Stone/Column plaque . Front	built+built	Slate / SmoothPlastic	
1153	depth-safe	same	look	strict	+0.1080	0.020	9.22	5.53	giveaway pedestal	-0.0	9.72	-395.2	VoidGiveaway152/Stone/Void column . Front	VoidGiveaway152/Stone/Column plaque . Front	built+built	Slate / SmoothPlastic	
1154	depth-safe	same	look	strict	+0.1540	0.020	5.01	5.01	Base 1 (pad)	-164.2	5.00	-160.9	Bases/Base_1/Pad . Top	_WeatherWorldR149/Snow patches/Snow patch . Right	saved+built	Plastic / SmoothPlastic	
1155	depth-safe	same	look	strict	+0.1400	0.020	4.28	4.28	lawn / floor 3 studs from Base 5 (pad)	-134.9	10.67	-604.3	Bases/Base_5/GardenFence34/Pillar cap . Top	Bases/Base_5/GardenFence34/Moss cap . Top	built+built	Cobblestone / Grass	
1156	depth-safe	same	look	strict	+0.1400	0.020	4.28	4.28	lawn / floor 2 studs from Base 5 (pad)	-134.9	10.67	-572.3	Bases/Base_5/GardenFence34/Pillar cap . Top	Bases/Base_5/GardenFence34/Moss cap . Top	built+built	Cobblestone / Grass	
1157	depth-safe	same	look	strict	+0.1400	0.020	4.28	4.28	lawn / floor 2 studs from Base 5 (pad)	-134.9	10.67	-542.3	Bases/Base_5/GardenFence34/Pillar cap . Top	Bases/Base_5/GardenFence34/Moss cap . Top	built+built	Cobblestone / Grass	
1158	depth-safe	same	look	strict	+0.1400	0.020	4.28	4.28	lawn / floor 2 studs from Base 5 (pad)	-134.9	10.67	-512.3	Bases/Base_5/GardenFence34/Pillar cap . Top	Bases/Base_5/GardenFence34/Moss cap . Top	built+built	Cobblestone / Grass	
1159	depth-safe	same	look	strict	+0.1400	0.020	4.28	4.28	lawn / floor 2 studs from Base 5 (pad)	-134.9	10.67	-482.3	Bases/Base_5/GardenFence34/Pillar cap . Top	Bases/Base_5/GardenFence34/Moss cap . Top	built+built	Cobblestone / Grass	
1160	depth-safe	same	look	strict	+0.1400	0.020	4.28	4.28	lawn / floor 2 studs from Base 5 (pad)	-134.9	10.67	-452.3	Bases/Base_5/GardenFence34/Pillar cap . Top	Bases/Base_5/GardenFence34/Moss cap . Top	built+built	Cobblestone / Grass	
1161	depth-safe	same	look	strict	+0.1400	0.020	4.28	4.28	lawn / floor 2 studs from Base 5 (pad)	-134.9	10.67	-424.3	Bases/Base_5/GardenFence34/Pillar cap . Top	Bases/Base_5/GardenFence34/Moss cap . Top	built+built	Cobblestone / Grass	
1162	depth-safe	same	look	strict	+0.1400	0.020	4.28	4.28	lawn / floor 3 studs from Base 5 (pad)	-12.9	10.67	-604.3	Bases/Base_5/GardenFence34/Pillar cap . Top	Bases/Base_5/GardenFence34/Moss cap . Top	built+built	Cobblestone / Grass	
1163	depth-safe	same	look	strict	+0.1400	0.020	4.28	4.28	lawn / floor 2 studs from Base 5 (pad)	-12.9	10.67	-572.3	Bases/Base_5/GardenFence34/Pillar cap . Top	Bases/Base_5/GardenFence34/Moss cap . Top	built+built	Cobblestone / Grass	
1164	depth-safe	same	look	strict	+0.1400	0.020	4.28	4.28	lawn / floor 2 studs from Base 5 (pad)	-12.9	10.67	-542.3	Bases/Base_5/GardenFence34/Pillar cap . Top	Bases/Base_5/GardenFence34/Moss cap . Top	built+built	Cobblestone / Grass	
1165	depth-safe	same	look	strict	+0.1400	0.020	4.28	4.28	lawn / floor 2 studs from Base 5 (pad)	-12.9	10.67	-512.3	Bases/Base_5/GardenFence34/Pillar cap . Top	Bases/Base_5/GardenFence34/Moss cap . Top	built+built	Cobblestone / Grass	
1166	depth-safe	same	look	strict	+0.1400	0.020	4.28	4.28	lawn / floor 2 studs from Base 5 (pad)	-12.9	10.67	-482.3	Bases/Base_5/GardenFence34/Pillar cap . Top	Bases/Base_5/GardenFence34/Moss cap . Top	built+built	Cobblestone / Grass	
1167	depth-safe	same	look	strict	+0.1400	0.020	4.28	4.28	lawn / floor 2 studs from Base 5 (pad)	-12.9	10.67	-452.3	Bases/Base_5/GardenFence34/Pillar cap . Top	Bases/Base_5/GardenFence34/Moss cap . Top	built+built	Cobblestone / Grass	
1168	depth-safe	same	look	strict	+0.1400	0.020	4.28	4.28	lawn / floor 2 studs from Base 5 (pad)	-12.9	10.67	-424.3	Bases/Base_5/GardenFence34/Pillar cap . Top	Bases/Base_5/GardenFence34/Moss cap . Top	built+built	Cobblestone / Grass	
1169	depth-safe	same	look	strict	+0.1400	0.020	4.28	4.28	lawn / floor 2 studs from Base 5 (pad)	-114.6	10.67	-604.3	Bases/Base_5/GardenFence34/Pillar cap . Top	Bases/Base_5/GardenFence34/Moss cap . Top	built+built	Cobblestone / Grass	
1170	depth-safe	same	look	strict	+0.1400	0.020	4.28	4.28	lawn / floor 2 studs from Base 5 (pad)	-94.2	10.67	-604.3	Bases/Base_5/GardenFence34/Pillar cap . Top	Bases/Base_5/GardenFence34/Moss cap . Top	built+built	Cobblestone / Grass	
1171	depth-safe	same	look	strict	+0.1400	0.020	4.28	4.28	lawn / floor 2 studs from Base 5 (pad)	-73.9	10.67	-604.3	Bases/Base_5/GardenFence34/Pillar cap . Top	Bases/Base_5/GardenFence34/Moss cap . Top	built+built	Cobblestone / Grass	
1172	depth-safe	same	look	strict	+0.1400	0.020	4.28	4.28	lawn / floor 2 studs from Base 5 (pad)	-53.6	10.67	-604.3	Bases/Base_5/GardenFence34/Pillar cap . Top	Bases/Base_5/GardenFence34/Moss cap . Top	built+built	Cobblestone / Grass	
1173	depth-safe	same	look	strict	+0.1400	0.020	4.28	4.28	lawn / floor 2 studs from Base 5 (pad)	-33.2	10.67	-604.3	Bases/Base_5/GardenFence34/Pillar cap . Top	Bases/Base_5/GardenFence34/Moss cap . Top	built+built	Cobblestone / Grass	
1174	depth-safe	same	look	strict	+0.1400	0.020	4.28	4.28	Base 5 (pad)	-112.4	10.67	-424.3	Bases/Base_5/GardenFence34/Pillar cap . Top	Bases/Base_5/GardenFence34/Moss cap . Top	built+built	Cobblestone / Grass	
1175	depth-safe	same	look	strict	+0.1400	0.020	4.28	4.28	Base 5 (pad)	-89.9	10.67	-424.3	Bases/Base_5/GardenFence34/Pillar cap . Top	Bases/Base_5/GardenFence34/Moss cap . Top	built+built	Cobblestone / Grass	
1176	depth-safe	same	look	strict	+0.1400	0.020	4.28	4.28	Base 5 (pad)	-35.4	10.67	-424.3	Bases/Base_5/GardenFence34/Pillar cap . Top	Bases/Base_5/GardenFence34/Moss cap . Top	built+built	Cobblestone / Grass	
1177	depth-safe	same	look	strict	+0.1400	0.020	4.28	4.28	Base 5 (pad)	-57.9	10.67	-424.3	Bases/Base_5/GardenFence34/Pillar cap . Top	Bases/Base_5/GardenFence34/Moss cap . Top	built+built	Cobblestone / Grass	
1178	depth-safe	same	look	strict	+0.5000	0.049	13.98	4.19	Base 3 (pad)	-160.0	10.76	-392.0	Bases/Base_3/MysteryPedestal/Top . Left	Bases/Base_3/MysteryPedestal/Cup . Left	built+built	Slate / SmoothPlastic	
1179	depth-safe	same	look	strict	+0.5000	0.049	13.98	4.19	Base 2 (pad)	160.0	10.76	-146.5	Bases/Base_2/MysteryPedestal/Top . Left	Bases/Base_2/MysteryPedestal/Cup . Left	built+built	Slate / SmoothPlastic	
1180	depth-safe	same	look	strict	+0.5000	0.049	13.98	4.19	Base 5 (pad)	-40.0	10.76	-437.3	Bases/Base_5/MysteryPedestal/Top . Left	Bases/Base_5/MysteryPedestal/Cup . Left	built+built	Slate / SmoothPlastic	
1181	depth-safe	same	look	strict	+0.5000	0.049	13.98	4.19	Base 4 (pad)	160.0	10.76	-324.0	Bases/Base_4/MysteryPedestal/Top . Left	Bases/Base_4/MysteryPedestal/Cup . Left	built+built	Slate / SmoothPlastic	
1182	depth-safe	same	look	strict	+0.5000	0.049	13.98	4.19	Base 6 (pad)	108.0	10.76	-437.3	Bases/Base_6/MysteryPedestal/Top . Left	Bases/Base_6/MysteryPedestal/Cup . Left	built+built	Slate / SmoothPlastic	
1183	depth-safe	same	look	strict	+0.5000	0.049	13.98	4.19	Base 1 (pad)	-160.0	10.76	-214.5	Bases/Base_1/MysteryPedestal/Top . Left	Bases/Base_1/MysteryPedestal/Cup . Left	built+built	Slate / SmoothPlastic	
1184	depth-safe	same	look	strict	+0.1000	0.020	4.18	4.18	market	-12.8	6.95	-252.2	EconomyHub/MerchantStands/Pot . Right	EconomyHub/MerchantStands/Pot soil . Right	built+built	SmoothPlastic / Ground	
1185	depth-safe	now look-alike (untextured) (+0.140)	look	strict	+0.1400	0.020	16.38	4.09	lawn / floor 9 studs from Curb	-165.4	4.17	-286.1	_WeatherWorldR149/Snow patches/Snow patch . Right	_WeatherWorldR149/Snow patches/Snow patch . Right	built+built	SmoothPlastic / SmoothPlastic	
1186	depth-safe	same	look	strict	+0.3113	0.020	19.71	3.79	lawn / floor 6 studs from Front street	-98.9	17.00	-145.9	HubLife151/Cell -1:-2/detail/Blossom crown . Top	HubLife151/Cell -1:-2/core/Blossom crown . Top	built+built	Plastic / Plastic	
1187	depth-safe	same	look	strict	+0.1000	0.020	3.74	3.74	market	16.6	6.95	-252.2	EconomyHub/MerchantStands/Pot . Right	EconomyHub/MerchantStands/Pot soil . Right	built+built	SmoothPlastic / Ground	
1188	depth-safe	same	look	strict	+0.3046	0.022	18.89	3.73	lawn / floor 7 studs from Corner circle	102.0	16.65	-141.0	HubLife151/Cell 1:-2/detail/Blossom crown . Top	HubLife151/Cell 1:-2/core/Blossom crown . Top	built+built	Plastic / Plastic	
1189	depth-safe	same	look	strict	+0.3550	0.023	7.11	3.57	Market square	-20.0	8.60	-299.3	EconomyHub/MerchantStands/FruitOfTheHour/Pedestal capital . Top	EconomyHub/MerchantStands/FruitOfTheHour/Capital top . Top	built+built	SmoothPlastic / SmoothPlastic	
1190	depth-safe	same	look	strict	+0.3623	0.023	18.23	3.53	lawn / floor 8 studs from Curb	-260.3	16.91	-253.1	HubLife151/Cell -3:-3/detail/Ember crown . Top	HubLife151/Cell -3:-3/core/Ember crown . Top	built+built	Plastic / Plastic	
1191	depth-safe	same	look	strict	+0.2444	0.023	22.47	3.47	lawn / floor 9 studs from Base 2 (pad)	136.3	20.21	-133.7	HubLife151/Cell 1:-2/core/Tree crown . Top	HubLife151/Cell 1:-2/detail/Tree crown . Top	built+built	Plastic / Plastic	
1192	depth-safe	same	look	strict	+0.4500	0.049	15.90	3.42	Base 3 (pad)	-160.0	10.26	-392.0	Bases/Base_3/MysteryPedestal/Cup . Left	Bases/Base_3/MysteryPedestal/Upper collar . Left	built+built	SmoothPlastic / SmoothPlastic	
1193	depth-safe	same	look	strict	+0.4500	0.049	15.90	3.42	Base 2 (pad)	160.0	10.26	-146.5	Bases/Base_2/MysteryPedestal/Cup . Left	Bases/Base_2/MysteryPedestal/Upper collar . Left	built+built	SmoothPlastic / SmoothPlastic	
1194	depth-safe	same	look	strict	+0.4500	0.049	15.90	3.42	Base 5 (pad)	-40.0	10.26	-437.3	Bases/Base_5/MysteryPedestal/Cup . Left	Bases/Base_5/MysteryPedestal/Upper collar . Left	built+built	SmoothPlastic / SmoothPlastic	
1195	depth-safe	same	look	strict	+0.4500	0.049	15.90	3.42	Base 4 (pad)	160.0	10.26	-324.0	Bases/Base_4/MysteryPedestal/Cup . Left	Bases/Base_4/MysteryPedestal/Upper collar . Left	built+built	SmoothPlastic / SmoothPlastic	
1196	depth-safe	same	look	strict	+0.4500	0.049	15.90	3.42	Base 6 (pad)	108.0	10.26	-437.3	Bases/Base_6/MysteryPedestal/Cup . Left	Bases/Base_6/MysteryPedestal/Upper collar . Left	built+built	SmoothPlastic / SmoothPlastic	
1197	depth-safe	same	look	strict	+0.4500	0.049	15.90	3.42	Base 1 (pad)	-160.0	10.26	-214.5	Bases/Base_1/MysteryPedestal/Cup . Left	Bases/Base_1/MysteryPedestal/Upper collar . Left	built+built	SmoothPlastic / SmoothPlastic	
1198	depth-safe	same	look	strict	+0.1540	0.020	3.33	3.33	Base 1 (pad)	-169.6	5.00	-192.2	Bases/Base_1/Pad . Top	_WeatherWorldR149/Snow patches/Snow patch . Right	saved+built	Plastic / SmoothPlastic	
1199	depth-safe	now look-alike (untextured) (+0.180)	look	strict	+0.1800	0.020	13.28	3.32	lawn / floor 8 studs from Curb	-135.4	4.19	-326.5	_WeatherWorldR149/Snow patches/Snow patch . Right	_WeatherWorldR149/Snow patches/Snow patch . Right	built+built	SmoothPlastic / SmoothPlastic	
1200	depth-safe	same	look	strict	+0.1805	0.020	19.55	3.31	lawn / floor 27 studs from Curb	81.2	18.77	-300.1	HubLife151/Cell 0:-3/core/Tree crown . Top	HubLife151/Cell 0:-3/detail/Tree crown . Top	built+built	Plastic / Plastic	
1201	depth-safe	same	look	strict	+0.1000	0.020	3.24	3.24	market	-9.2	6.45	-252.2	EconomyHub/MerchantStands/Pot . Right	EconomyHub/MerchantStands/Pot soil . Right	built+built	SmoothPlastic / Ground	
1202	depth-safe	same	look	strict	+0.1000	0.020	3.24	3.24	market	9.2	6.45	-252.2	EconomyHub/MerchantStands/Pot . Right	EconomyHub/MerchantStands/Pot soil . Right	built+built	SmoothPlastic / Ground	
1203	depth-safe	same	look	strict	+0.1667	0.032	20.37	3.08	lawn / floor 14 studs from Curb	-94.2	20.56	-370.0	HubLife151/Cell -1:-4/core/Tree crown . Top	HubLife151/Cell -1:-4/detail/Tree crown . Top	built+built	Plastic / Plastic	
1204	depth-safe	same	look	strict	+0.5900	0.049	13.98	3.01	Base 3 (pad)	-160.0	10.85	-392.0	Bases/Base_3/MysteryPedestal/Top rim . Left	Bases/Base_3/MysteryPedestal/Cup . Left	built+built	SmoothPlastic / SmoothPlastic	
1205	depth-safe	same	look	strict	+0.5900	0.049	13.98	3.01	Base 2 (pad)	160.0	10.85	-146.5	Bases/Base_2/MysteryPedestal/Top rim . Left	Bases/Base_2/MysteryPedestal/Cup . Left	built+built	SmoothPlastic / SmoothPlastic	
1206	depth-safe	same	look	strict	+0.5900	0.049	13.98	3.01	Base 5 (pad)	-40.0	10.85	-437.3	Bases/Base_5/MysteryPedestal/Top rim . Left	Bases/Base_5/MysteryPedestal/Cup . Left	built+built	SmoothPlastic / SmoothPlastic	
1207	depth-safe	same	look	strict	+0.5900	0.049	13.98	3.01	Base 4 (pad)	160.0	10.85	-324.0	Bases/Base_4/MysteryPedestal/Top rim . Left	Bases/Base_4/MysteryPedestal/Cup . Left	built+built	SmoothPlastic / SmoothPlastic	
1208	depth-safe	same	look	strict	+0.5900	0.049	13.98	3.01	Base 6 (pad)	108.0	10.85	-437.3	Bases/Base_6/MysteryPedestal/Top rim . Left	Bases/Base_6/MysteryPedestal/Cup . Left	built+built	SmoothPlastic / SmoothPlastic	
1209	depth-safe	same	look	strict	+0.5900	0.049	13.98	3.01	Base 1 (pad)	-160.0	10.85	-214.5	Bases/Base_1/MysteryPedestal/Top rim . Left	Bases/Base_1/MysteryPedestal/Cup . Left	built+built	SmoothPlastic / SmoothPlastic	
1210	depth-safe	now look-alike (untextured) (+0.196)	look	strict	+0.1960	0.020	11.95	2.99	lawn / floor 8 studs from Base 3 (pad)	-136.7	4.17	-327.1	_WeatherWorldR149/Snow patches/Snow patch . Right	_WeatherWorldR149/Snow patches/Snow patch . Right	built+built	SmoothPlastic / SmoothPlastic	
1211	depth-safe	same	look	strict	+0.2094	0.049	24.87	2.98	lawn / floor 13 studs from Curb	95.2	24.85	-368.5	HubLife151/Cell 0:-4/core/Tree crown . Top	HubLife151/Cell 0:-4/detail/Tree crown . Top	built+built	Plastic / Plastic	
1212	depth-safe	same	look	strict	+0.2125	0.020	15.32	2.89	lawn / floor 10 studs from Curb	-265.1	17.27	-250.8	HubLife151/Cell -3:-3/core/Ember crown . Top	HubLife151/Cell -3:-3/detail/Ember crown . Top	built+built	Plastic / Plastic	
1213	depth-safe	same	look	strict	+0.1741	0.020	11.93	2.68	lawn / floor 10 studs from Curb	-172.0	15.11	-251.0	HubLife151/Cell -2:-3/core/Ember crown . Top	HubLife151/Cell -2:-3/detail/Ember crown . Top	built+built	Plastic / Plastic	
1214	depth-safe	same	look	strict	+0.1540	0.020	2.55	2.55	Base 4 (pad)	263.4	5.00	-363.7	Bases/Base_4/Pad . Top	_WeatherWorldR149/Snow patches/Snow patch . Right	saved+built	Plastic / SmoothPlastic	
1215	depth-safe	same	look	strict	+0.4834	0.032	34.05	2.50	lawn / floor 22 studs from Curb	-86.6	14.22	-298.5	HubLife151/Cell -1:-3/core/Tree crown . Bottom	HubLife151/Cell -1:-3/detail/Tree crown . Bottom	built+built	Plastic / Plastic	
1216	depth-safe	same	look	strict	+0.2100	0.020	4.16	2.50	Base 2 (pad)	152.4	12.45	-214.5	Bases/Base_2/TreadmillArtV131/Giant sun crest rim . Left	Bases/Base_2/TreadmillArtV131/Giant sun crest heart . Left	built+built	Metal / Neon	
1217	depth-safe	same	look	strict	+0.3618	0.041	39.77	2.48	lawn / floor 16 studs from Curb	92.4	16.04	-186.0	HubLife151/Cell 0:-2/core/Tree crown . Bottom	HubLife151/Cell 0:-2/detail/Tree crown . Bottom	built+built	Plastic / Plastic	
1218	depth-safe	same	look	strict	+0.4605	0.034	35.30	2.48	lawn / floor 28 studs from Curb	-80.5	14.68	-301.7	HubLife151/Cell -1:-3/detail/Tree crown . Bottom	HubLife151/Cell -1:-3/core/Tree crown . Bottom	built+built	Plastic / Plastic	
1219	depth-safe	same	look	strict	+0.1044	0.022	30.72	2.11	lawn / floor 9 studs from Curb	-99.5	14.93	-182.4	HubLife151/Cell -1:-2/detail/Tree crown . Bottom	HubLife151/Cell -1:-2/core/Tree crown . Bottom	built+built	Plastic / Plastic	
1220	depth-safe	same	look	strict	+0.3465	0.027	29.71	2.11	lawn / floor 24 studs from Curb	-84.2	14.56	-305.4	HubLife151/Cell -1:-3/detail/Tree crown . Bottom	HubLife151/Cell -1:-3/core/Tree crown . Bottom	built+built	Plastic / Plastic	
1221	depth-safe	same	look	strict	+0.3066	0.021	30.47	2.05	lawn / floor 16 studs from Curb	-92.4	15.13	-185.3	HubLife151/Cell -1:-2/detail/Tree crown . Bottom	HubLife151/Cell -1:-2/core/Tree crown . Bottom	built+built	Plastic / Plastic	
1222	depth-safe	same	look	strict	+0.2448	0.020	12.62	1.93	lawn / floor 19 studs from Curb	-89.6	20.32	-370.8	HubLife151/Cell -1:-4/detail/Tree crown . Top	HubLife151/Cell -1:-4/core/Tree crown . Top	built+built	Plastic / Plastic	
1223	depth-safe	same	look	strict	+0.1970	0.025	25.12	1.88	lawn / floor 22 studs from Curb	86.9	12.61	-298.7	HubLife151/Cell 0:-3/detail/Tree crown . Bottom	HubLife151/Cell 0:-3/core/Tree crown . Bottom	built+built	Plastic / Plastic	
1224	depth-safe	same	look	strict	+0.2324	0.020	22.20	1.67	lawn / floor 17 studs from Curb	-91.0	13.66	-376.3	HubLife151/Cell -1:-4/detail/Tree crown . Bottom	HubLife151/Cell -1:-4/core/Tree crown . Bottom	built+built	Plastic / Plastic	
1225	depth-safe	same	look	strict	+0.1616	0.030	19.63	1.42	lawn / floor 26 studs from Curb	-82.7	14.38	-297.5	HubLife151/Cell -1:-3/detail/Tree crown . Bottom	HubLife151/Cell -1:-3/core/Tree crown . Bottom	built+built	Plastic / Plastic	
1226	depth-safe	same	look	strict	+0.2199	0.020	14.81	1.11	lawn / floor 8 studs from Base 1 (pad)	-137.0	12.06	-137.4	HubLife151/Cell -2:-2/core/Tree crown . Bottom	HubLife151/Cell -2:-2/detail/Tree crown . Bottom	built+built	Plastic / Plastic	
1227	depth-safe	same	texture	strict	+0.1000	0.020	1.14	0.57	track gate	-100.5	10.40	-104.6	HubDecor151/Gate/Gate base 2 . Right	HubDecor151/Walls/Plinth cap . Top	built+built	Slate / Slate	
1228	depth-safe	same	texture	strict	+0.1000	0.020	1.14	0.57	track gate	100.5	10.40	-104.6	HubDecor151/Gate/Gate base 2 . Right	HubDecor151/Walls/Plinth cap . Top	built+built	Slate / Slate	
1229	depth-safe	same	texture	strict	+0.1284	0.020	0.88	0.44	lawn / floor 11 studs from Curb	282.1	5.70	-287.7	HubLife151/Cell 2:-3/detail/Bush . Top	HubLife151/Cell 2:-3/detail/Bush . Top	built+built	Plastic / Plastic	
1230	look-alike (untextured)	same	plain	strict	+0.0960	0.049	209.93	0.00	lawn / floor 2 studs from hub wall	-303.2	4.41	-613.4	_WeatherWorldR149/Snow patches/Snow patch . Right	_WeatherWorldR149/Snow patches/Snow patch . Right	built+built	SmoothPlastic / SmoothPlastic	
1231	look-alike (untextured)	same	plain	near	+0.0160	0.049	180.21	0.00	lawn / floor 44 studs from Base 6 (pad)	177.3	4.17	-472.6	_WeatherWorldR149/Snow patches/Snow patch . Right	_WeatherWorldR149/Snow patches/Snow patch . Right	built+built	SmoothPlastic / SmoothPlastic	
1232	look-alike (untextured)	same	plain	strict	+0.0920	0.049	175.41	0.00	lawn / floor 2 studs from hub wall	331.3	4.41	-595.4	_WeatherWorldR149/Snow patches/Snow patch . Right	_WeatherWorldR149/Snow patches/Snow patch . Right	built+built	SmoothPlastic / SmoothPlastic	
1233	look-alike (untextured)	same	plain	near	+0.0160	0.049	168.18	0.00	lawn / floor 30 studs from hub wall	176.0	4.17	-585.2	_WeatherWorldR149/Snow patches/Snow patch . Right	_WeatherWorldR149/Snow patches/Snow patch . Right	built+built	SmoothPlastic / SmoothPlastic	
1234	look-alike (untextured)	same	plain	near	+0.0160	0.049	167.47	0.00	lawn / floor 45 studs from hub display (best pull)	281.9	4.17	-553.5	_WeatherWorldR149/Snow patches/Snow patch . Right	_WeatherWorldR149/Snow patches/Snow patch . Right	built+built	SmoothPlastic / SmoothPlastic	
1235	look-alike (untextured)	same	plain	strict	+0.2320	0.049	150.51	0.00	lawn / floor 18 studs from hub wall	314.7	4.27	-596.2	_WeatherWorldR149/Snow patches/Snow patch . Right	_WeatherWorldR149/Snow patches/Snow patch . Right	built+built	SmoothPlastic / SmoothPlastic	
1236	look-alike (untextured)	same	plain	far	+0.0280	0.049	140.26	0.00	lawn / floor 29 studs from hub display (best pull)	182.9	4.16	-546.9	_WeatherWorldR149/Snow patches/Snow patch . Right	_WeatherWorldR149/Snow patches/Snow patch . Right	built+built	SmoothPlastic / SmoothPlastic	
1237	look-alike (untextured)	same	plain	near	+0.0160	0.049	139.08	0.00	lawn / floor 13 studs from Curb	95.9	4.17	-278.5	_WeatherWorldR149/Snow patches/Snow patch . Right	_WeatherWorldR149/Snow patches/Snow patch . Right	built+built	SmoothPlastic / SmoothPlastic	
1238	look-alike (untextured)	same	plain	far	+0.0280	0.049	138.47	0.00	lawn / floor 26 studs from hub display (best pull)	258.3	4.15	-557.6	_WeatherWorldR149/Snow patches/Snow patch . Right	_WeatherWorldR149/Snow patches/Snow patch . Right	built+built	SmoothPlastic / SmoothPlastic	
1239	look-alike (untextured)	same	plain	strict	+0.1160	0.049	134.74	0.00	lawn / floor 3 studs from hub wall	308.1	4.39	-613.3	_WeatherWorldR149/Snow patches/Snow patch . Right	_WeatherWorldR149/Snow patches/Snow patch . Right	built+built	SmoothPlastic / SmoothPlastic	
1240	look-alike (untextured)	same	plain	near	+0.0160	0.049	134.52	0.00	lawn / floor 25 studs from Base 3 (pad)	-168.3	4.17	-441.8	_WeatherWorldR149/Snow patches/Snow patch . Right	_WeatherWorldR149/Snow patches/Snow patch . Right	built+built	SmoothPlastic / SmoothPlastic	
1241	look-alike (untextured)	same	plain	strict	+0.0920	0.049	133.07	0.00	lawn / floor 2 studs from hub wall	330.4	4.41	-595.9	_WeatherWorldR149/Snow patches/Snow patch . Right	_WeatherWorldR149/Snow patches/Snow patch . Right	built+built	SmoothPlastic / SmoothPlastic	
1242	look-alike (untextured)	same	plain	far	+0.0280	0.049	129.31	0.00	lawn / floor 28 studs from hub wall	216.7	4.15	-588.3	_WeatherWorldR149/Snow patches/Snow patch . Right	_WeatherWorldR149/Snow patches/Snow patch . Right	built+built	SmoothPlastic / SmoothPlastic	
1243	look-alike (untextured)	same	plain	near	+0.0160	0.049	123.14	0.00	lawn / floor 27 studs from hub wall	233.7	4.17	-588.7	_WeatherWorldR149/Snow patches/Snow patch . Right	_WeatherWorldR149/Snow patches/Snow patch . Right	built+built	SmoothPlastic / SmoothPlastic	
1244	look-alike (untextured)	same	plain	far	+0.0280	0.049	121.11	0.00	lawn / floor 35 studs from hub display (best pull)	274.5	4.16	-538.4	_WeatherWorldR149/Snow patches/Snow patch . Right	_WeatherWorldR149/Snow patches/Snow patch . Right	built+built	SmoothPlastic / SmoothPlastic	
1245	look-alike (untextured)	same	plain	near	+0.0160	0.049	119.86	0.00	lawn / floor 21 studs from hub wall	209.8	4.17	-595.6	_WeatherWorldR149/Snow patches/Snow patch . Right	_WeatherWorldR149/Snow patches/Snow patch . Right	built+built	SmoothPlastic / SmoothPlastic	
1246	look-alike (untextured)	same	plain	near	+0.0160	0.049	119.31	0.00	lawn / floor 44 studs from Base 4 (pad)	202.2	4.17	-461.0	_WeatherWorldR149/Snow patches/Snow patch . Right	_WeatherWorldR149/Snow patches/Snow patch . Right	built+built	SmoothPlastic / SmoothPlastic	
1247	look-alike (untextured)	same	plain	far	+0.0280	0.049	119.13	0.00	lawn / floor 40 studs from hub wall	293.6	4.15	-475.0	_WeatherWorldR149/Snow patches/Snow patch . Right	_WeatherWorldR149/Snow patches/Snow patch . Right	built+built	SmoothPlastic / SmoothPlastic	
1248	look-alike (untextured)	same	plain	strict	+0.0480	0.049	117.41	0.00	lawn / floor 1 studs from hub wall	331.6	4.31	-585.1	_WeatherWorldR149/Snow patches/Snow patch . Right	_WeatherWorldR149/Snow patches/Snow patch . Right	built+built	SmoothPlastic / SmoothPlastic	
1249	look-alike (untextured)	same	plain	far	+0.0280	0.049	116.59	0.00	lawn / floor 32 studs from hub wall	166.6	4.15	-584.1	_WeatherWorldR149/Snow patches/Snow patch . Right	_WeatherWorldR149/Snow patches/Snow patch . Right	built+built	SmoothPlastic / SmoothPlastic	
1250	look-alike (untextured)	same	plain	near	+0.0160	0.049	113.67	0.00	lawn / floor 28 studs from hub display (best pull)	184.6	4.17	-549.5	_WeatherWorldR149/Snow patches/Snow patch . Right	_WeatherWorldR149/Snow patches/Snow patch . Right	built+built	SmoothPlastic / SmoothPlastic	
1251	look-alike (untextured)	same	plain	far	+0.0280	0.049	107.29	0.00	lawn / floor 21 studs from Stage circle	51.3	4.16	-350.0	_WeatherWorldR149/Snow patches/Snow patch . Right	_WeatherWorldR149/Snow patches/Snow patch . Right	built+built	SmoothPlastic / SmoothPlastic	
1252	look-alike (untextured)	same	plain	strict	+0.2240	0.049	106.35	0.00	lawn / floor 4 studs from hub wall	329.3	4.28	-610.9	_WeatherWorldR149/Snow patches/Snow patch . Right	_WeatherWorldR149/Snow patches/Snow patch . Right	built+built	SmoothPlastic / SmoothPlastic	
1253	look-alike (untextured)	same	plain	far	+0.0280	0.049	105.55	0.00	lawn / floor 23 studs from Curb	85.6	4.15	-277.7	_WeatherWorldR149/Snow patches/Snow patch . Right	_WeatherWorldR149/Snow patches/Snow patch . Right	built+built	SmoothPlastic / SmoothPlastic	
1254	look-alike (untextured)	same	plain	near	+0.0160	0.049	105.19	0.00	lawn / floor 28 studs from Curb	-80.7	4.17	-330.8	_WeatherWorldR149/Snow patches/Snow patch . Right	_WeatherWorldR149/Snow patches/Snow patch . Right	built+built	SmoothPlastic / SmoothPlastic	
1255	look-alike (untextured)	same	plain	near	+0.0120	0.049	103.14	0.00	lawn / floor 27 studs from hub display (best pull)	185.8	4.16	-549.7	_WeatherWorldR149/Snow patches/Snow patch . Right	_WeatherWorldR149/Snow patches/Snow patch . Right	built+built	SmoothPlastic / SmoothPlastic	
1256	look-alike (untextured)	same	plain	near	+0.0160	0.049	100.30	0.00	lawn / floor 25 studs from Base 4 (pad)	207.2	4.17	-442.4	_WeatherWorldR149/Snow patches/Snow patch . Right	_WeatherWorldR149/Snow patches/Snow patch . Right	built+built	SmoothPlastic / SmoothPlastic	
1257	look-alike (untextured)	same	plain	far	+0.0280	0.049	98.57	0.00	lawn / floor 19 studs from Curb	-89.0	4.15	-336.4	_WeatherWorldR149/Snow patches/Snow patch . Right	_WeatherWorldR149/Snow patches/Snow patch . Right	built+built	SmoothPlastic / SmoothPlastic	
1258	look-alike (untextured)	same	plain	far	+0.0280	0.049	97.06	0.00	lawn / floor 28 studs from hub wall	241.4	4.16	-587.7	_WeatherWorldR149/Snow patches/Snow patch . Right	_WeatherWorldR149/Snow patches/Snow patch . Right	built+built	SmoothPlastic / SmoothPlastic	
1259	look-alike (untextured)	same	plain	near	+0.0160	0.049	95.22	0.00	lawn / floor 41 studs from Base 3 (pad)	-175.8	4.17	-458.4	_WeatherWorldR149/Snow patches/Snow patch . Right	_WeatherWorldR149/Snow patches/Snow patch . Right	built+built	SmoothPlastic / SmoothPlastic	
1260	look-alike (untextured)	same	plain	near	+0.0160	0.049	93.13	0.00	lawn / floor 26 studs from Stage circle	55.8	4.17	-348.3	_WeatherWorldR149/Snow patches/Snow patch . Right	_WeatherWorldR149/Snow patches/Snow patch . Right	built+built	SmoothPlastic / SmoothPlastic	
1261	look-alike (untextured)	same	plain	far	+0.0280	0.049	92.30	0.00	lawn / floor 39 studs from hub display (best pull)	186.4	4.15	-481.6	_WeatherWorldR149/Snow patches/Snow patch . Right	_WeatherWorldR149/Snow patches/Snow patch . Right	built+built	SmoothPlastic / SmoothPlastic	
1262	look-alike (untextured)	same	plain	strict	+0.2840	0.049	87.27	0.00	lawn / floor 8 studs from hub wall	324.7	4.22	-591.7	_WeatherWorldR149/Snow patches/Snow patch . Right	_WeatherWorldR149/Snow patches/Snow patch . Right	built+built	SmoothPlastic / SmoothPlastic	
1263	look-alike (untextured)	same	plain	near	+0.0160	0.049	85.94	0.00	lawn / floor 21 studs from Base 3 (pad)	-200.1	4.17	-438.3	_WeatherWorldR149/Snow patches/Snow patch . Right	_WeatherWorldR149/Snow patches/Snow patch . Right	built+built	SmoothPlastic / SmoothPlastic	
1264	look-alike (untextured)	same	plain	strict	+0.1920	0.049	81.68	0.00	lawn / floor 6 studs from hub wall	326.0	4.21	-526.3	_WeatherWorldR149/Snow patches/Snow patch . Right	_WeatherWorldR149/Snow patches/Snow patch . Right	built+built	SmoothPlastic / SmoothPlastic	
1265	look-alike (untextured)	same	plain	strict	+0.1520	0.049	79.78	0.00	lawn / floor 3 studs from hub wall	329.6	4.35	-592.4	_WeatherWorldR149/Snow patches/Snow patch . Right	_WeatherWorldR149/Snow patches/Snow patch . Right	built+built	SmoothPlastic / SmoothPlastic	
1266	look-alike (untextured)	same	plain	far	+0.0280	0.049	76.82	0.00	lawn / floor 18 studs from Curb	-30.6	4.15	-197.3	_WeatherWorldR149/Snow patches/Snow patch . Right	_WeatherWorldR149/Snow patches/Snow patch . Right	built+built	SmoothPlastic / SmoothPlastic	
1267	look-alike (untextured)	same	plain	near	+0.0160	0.049	73.88	0.00	lawn / floor 16 studs from Curb	-92.8	4.17	-384.1	_WeatherWorldR149/Snow patches/Snow patch . Right	_WeatherWorldR149/Snow patches/Snow patch . Right	built+built	SmoothPlastic / SmoothPlastic	
1268	look-alike (untextured)	same	plain	near	+0.0160	0.049	72.78	0.00	lawn / floor 13 studs from Market square	64.8	4.17	-238.0	_WeatherWorldR149/Snow patches/Snow patch . Right	_WeatherWorldR149/Snow patches/Snow patch . Right	built+built	SmoothPlastic / SmoothPlastic	
1269	look-alike (untextured)	same	plain	far	+0.0280	0.049	72.49	0.00	lawn / floor 21 studs from Curb	-87.7	4.15	-291.4	_WeatherWorldR149/Snow patches/Snow patch . Right	_WeatherWorldR149/Snow patches/Snow patch . Right	built+built	SmoothPlastic / SmoothPlastic	
1270	look-alike (untextured)	same	plain	near	+0.0160	0.049	68.45	0.00	lawn / floor 14 studs from Curb	-94.1	4.17	-286.5	_WeatherWorldR149/Snow patches/Snow patch . Right	_WeatherWorldR149/Snow patches/Snow patch . Right	built+built	SmoothPlastic / SmoothPlastic	
1271	look-alike (untextured)	same	plain	strict	+0.1840	0.049	66.42	0.00	lawn / floor 16 studs from Base 4 (pad)	203.2	4.18	-432.6	_WeatherWorldR149/Snow patches/Snow patch . Right	_WeatherWorldR149/Snow patches/Snow patch . Right	built+built	SmoothPlastic / SmoothPlastic	
1272	look-alike (untextured)	same	plain	near	+0.0160	0.049	65.14	0.00	lawn / floor 49 studs from hub wall	282.9	4.17	-466.6	_WeatherWorldR149/Snow patches/Snow patch . Right	_WeatherWorldR149/Snow patches/Snow patch . Right	built+built	SmoothPlastic / SmoothPlastic	
1273	look-alike (untextured)	same	plain	near	+0.0120	0.049	64.79	0.00	lawn / floor 24 studs from Stage circle	53.6	4.16	-348.2	_WeatherWorldR149/Snow patches/Snow patch . Right	_WeatherWorldR149/Snow patches/Snow patch . Right	built+built	SmoothPlastic / SmoothPlastic	
1274	look-alike (untextured)	same	plain	far	+0.0280	0.049	63.47	0.00	lawn / floor 39 studs from hub display (best pull)	199.6	4.16	-475.4	_WeatherWorldR149/Snow patches/Snow patch . Right	_WeatherWorldR149/Snow patches/Snow patch . Right	built+built	SmoothPlastic / SmoothPlastic	
1275	look-alike (untextured)	same	plain	near	+0.0160	0.049	60.06	0.00	lawn / floor 25 studs from Base 4 (pad)	286.3	4.17	-442.5	_WeatherWorldR149/Snow patches/Snow patch . Right	_WeatherWorldR149/Snow patches/Snow patch . Right	built+built	SmoothPlastic / SmoothPlastic	
1276	look-alike (untextured)	same	plain	far	+0.0280	0.049	59.40	0.00	lawn / floor 7 studs from Curb	101.9	4.15	-366.9	_WeatherWorldR149/Snow patches/Snow patch . Right	_WeatherWorldR149/Snow patches/Snow patch . Right	built+built	SmoothPlastic / SmoothPlastic	
1277	look-alike (untextured)	same	plain	far	+0.0280	0.049	59.25	0.00	lawn / floor 9 studs from Base 1 (pad)	-237.9	4.16	-248.4	_WeatherWorldR149/Snow patches/Snow patch . Right	_WeatherWorldR149/Snow patches/Snow patch . Right	built+built	SmoothPlastic / SmoothPlastic	
1278	look-alike (untextured)	same	plain	strict	+0.0720	0.049	58.05	0.00	lawn / floor 13 studs from Base 5 (pad)	-145.7	4.29	-432.8	_WeatherWorldR149/Snow patches/Snow patch . Right	_WeatherWorldR149/Snow patches/Snow patch . Right	built+built	SmoothPlastic / SmoothPlastic	
1279	look-alike (untextured)	same	plain	far	+0.0280	0.049	56.54	0.00	lawn / floor 10 studs from Market square	62.0	4.15	-236.4	_WeatherWorldR149/Snow patches/Snow patch . Right	_WeatherWorldR149/Snow patches/Snow patch . Right	built+built	SmoothPlastic / SmoothPlastic	
1280	look-alike (untextured)	same	plain	strict	+0.1920	0.049	56.44	0.00	lawn / floor 7 studs from hub wall	254.5	4.21	-609.5	_WeatherWorldR149/Snow patches/Snow patch . Right	_WeatherWorldR149/Snow patches/Snow patch . Right	built+built	SmoothPlastic / SmoothPlastic	
1281	look-alike (untextured)	same	plain	near	+0.0160	0.049	55.12	0.00	lawn / floor 18 studs from hub display (biggest fruit)	-215.6	4.17	-487.9	_WeatherWorldR149/Snow patches/Snow patch . Right	_WeatherWorldR149/Snow patches/Snow patch . Right	built+built	SmoothPlastic / SmoothPlastic	
1282	look-alike (untextured)	same	plain	strict	+0.0720	0.049	54.05	0.00	lawn / floor 8 studs from Curb	-164.9	4.29	-253.4	_WeatherWorldR149/Snow patches/Snow patch . Right	_WeatherWorldR149/Snow patches/Snow patch . Right	built+built	SmoothPlastic / SmoothPlastic	
1283	look-alike (untextured)	same	plain	near	+0.0160	0.049	50.58	0.00	lawn / floor 9 studs from hub display (biggest fruit)	-241.2	4.17	-482.6	_WeatherWorldR149/Snow patches/Snow patch . Right	_WeatherWorldR149/Snow patches/Snow patch . Right	built+built	SmoothPlastic / SmoothPlastic	
1284	look-alike (untextured)	same	plain	strict	+0.1920	0.049	48.37	0.00	lawn / floor 7 studs from hub wall	305.4	4.22	-608.6	_WeatherWorldR149/Snow patches/Snow patch . Right	_WeatherWorldR149/Snow patches/Snow patch . Right	built+built	SmoothPlastic / SmoothPlastic	
1285	look-alike (untextured)	same	plain	near	+0.0160	0.049	47.55	0.00	lawn / floor 14 studs from Curb	94.5	4.17	-363.5	_WeatherWorldR149/Snow patches/Snow patch . Right	_WeatherWorldR149/Snow patches/Snow patch . Right	built+built	SmoothPlastic / SmoothPlastic	
1286	look-alike (untextured)	same	plain	near	+0.0160	0.049	46.49	0.00	lawn / floor 22 studs from hub wall	286.1	4.17	-594.8	_WeatherWorldR149/Snow patches/Snow patch . Right	_WeatherWorldR149/Snow patches/Snow patch . Right	built+built	SmoothPlastic / SmoothPlastic	
1287	look-alike (untextured)	same	plain	near	+0.0160	0.049	45.82	0.00	lawn / floor 11 studs from Curb	-38.8	4.17	-392.6	_WeatherWorldR149/Snow patches/Snow patch . Right	_WeatherWorldR149/Snow patches/Snow patch . Right	built+built	SmoothPlastic / SmoothPlastic	
1288	look-alike (untextured)	same	plain	far	+0.0280	0.049	45.66	0.00	lawn / floor 10 studs from Curb	-98.2	4.15	-248.2	_WeatherWorldR149/Snow patches/Snow patch . Right	_WeatherWorldR149/Snow patches/Snow patch . Right	built+built	SmoothPlastic / SmoothPlastic	
1289	look-alike (untextured)	same	plain	near	+0.0120	0.039	45.33	0.00	lawn / floor 11 studs from Market square	63.1	4.15	-236.6	_WeatherWorldR149/Snow patches/Snow patch . Right	_WeatherWorldR149/Snow patches/Snow patch . Right	built+built	SmoothPlastic / SmoothPlastic	
1290	look-alike (untextured)	same	plain	strict	+0.0920	0.029	43.21	0.00	lawn / floor 8 studs from Curb	-175.5	4.27	-253.2	_WeatherWorldR149/Snow patches/Snow patch . Right	_WeatherWorldR149/Snow patches/Snow patch . Right	built+built	SmoothPlastic / SmoothPlastic	
1291	look-alike (untextured)	same	plain	far	+0.0280	0.049	43.16	0.00	lawn / floor 10 studs from Base 3 (pad)	-287.9	4.15	-288.7	_WeatherWorldR149/Snow patches/Snow patch . Right	_WeatherWorldR149/Snow patches/Snow patch . Right	built+built	SmoothPlastic / SmoothPlastic	
1292	look-alike (untextured)	same	plain	near	+0.0160	0.049	42.17	0.00	lawn / floor 21 studs from Curb	-34.0	4.17	-207.6	_WeatherWorldR149/Snow patches/Snow patch . Right	_WeatherWorldR149/Snow patches/Snow patch . Right	built+built	SmoothPlastic / SmoothPlastic	
1293	look-alike (untextured)	same	plain	near	+0.0160	0.035	40.79	0.00	lawn / floor 10 studs from Base 4 (pad)	219.0	4.17	-289.4	_WeatherWorldR149/Snow patches/Snow patch . Right	_WeatherWorldR149/Snow patches/Snow patch . Right	built+built	SmoothPlastic / SmoothPlastic	
1294	look-alike (untextured)	same	plain	near	+0.0120	0.035	40.18	0.00	lawn / floor 23 studs from hub wall	286.6	4.15	-593.5	_WeatherWorldR149/Snow patches/Snow patch . Right	_WeatherWorldR149/Snow patches/Snow patch . Right	built+built	SmoothPlastic / SmoothPlastic	
1295	look-alike (untextured)	same	plain	far	+0.0280	0.049	40.07	0.00	lawn / floor 10 studs from hub display (best pull)	200.6	4.15	-513.8	_WeatherWorldR149/Snow patches/Snow patch . Right	_WeatherWorldR149/Snow patches/Snow patch . Right	built+built	SmoothPlastic / SmoothPlastic	
1296	look-alike (untextured)	now look-alike (untextured) (+0.112)	plain	strict	+0.1080	0.049	37.80	0.00	lawn / floor 10 studs from Curb	-247.7	4.19	-251.4	_WeatherWorldR149/Snow patches/Snow patch . Right	_WeatherWorldR149/Snow patches/Snow patch . Right	built+built	SmoothPlastic / SmoothPlastic	
1297	look-alike (untextured)	same	plain	near	+0.0160	0.023	37.64	0.00	lawn / floor 16 studs from Curb	-92.1	4.17	-243.3	_WeatherWorldR149/Snow patches/Snow patch . Right	_WeatherWorldR149/Snow patches/Snow patch . Right	built+built	SmoothPlastic / SmoothPlastic	
1298	look-alike (untextured)	same	plain	far	+0.0280	0.034	36.34	0.00	lawn / floor 18 studs from Curb	-90.4	4.15	-185.3	_WeatherWorldR149/Snow patches/Snow patch . Right	_WeatherWorldR149/Snow patches/Snow patch . Right	built+built	SmoothPlastic / SmoothPlastic	
1299	look-alike (untextured)	same	plain	far	+0.0280	0.029	35.84	0.00	lawn / floor 23 studs from hub wall	286.4	4.15	-593.0	_WeatherWorldR149/Snow patches/Snow patch . Right	_WeatherWorldR149/Snow patches/Snow patch . Right	built+built	SmoothPlastic / SmoothPlastic	
1300	look-alike (untextured)	same	plain	near	+0.0160	0.038	35.27	0.00	lawn / floor 6 studs from hub display (best pull)	204.8	4.17	-510.7	_WeatherWorldR149/Snow patches/Snow patch . Right	_WeatherWorldR149/Snow patches/Snow patch . Right	built+built	SmoothPlastic / SmoothPlastic	
1301	look-alike (untextured)	same	plain	near	+0.0160	0.049	32.74	0.00	lawn / floor 6 studs from Curb	-241.7	4.17	-255.0	_WeatherWorldR149/Snow patches/Snow patch . Right	_WeatherWorldR149/Snow patches/Snow patch . Right	built+built	SmoothPlastic / SmoothPlastic	
1302	look-alike (untextured)	same	plain	strict	+0.0720	0.020	32.57	0.00	lawn / floor 10 studs from Curb	-199.3	4.29	-286.5	_WeatherWorldR149/Snow patches/Snow patch . Right	_WeatherWorldR149/Snow patches/Snow patch . Right	built+built	SmoothPlastic / SmoothPlastic	
1303	look-alike (untextured)	same	plain	strict	+0.0920	0.027	30.30	0.00	lawn / floor 10 studs from Curb	164.4	4.21	-287.1	_WeatherWorldR149/Snow patches/Snow patch . Right	_WeatherWorldR149/Snow patches/Snow patch . Right	built+built	SmoothPlastic / SmoothPlastic	
1304	look-alike (untextured)	same	plain	near	+0.0160	0.041	28.81	0.00	lawn / floor 9 studs from Curb	-166.9	4.17	-286.3	_WeatherWorldR149/Snow patches/Snow patch . Right	_WeatherWorldR149/Snow patches/Snow patch . Right	built+built	SmoothPlastic / SmoothPlastic	
1305	look-alike (untextured)	same	plain	far	+0.0280	0.041	28.78	0.00	lawn / floor 8 studs from Curb	-169.5	4.15	-285.0	_WeatherWorldR149/Snow patches/Snow patch . Right	_WeatherWorldR149/Snow patches/Snow patch . Right	built+built	SmoothPlastic / SmoothPlastic	
1306	look-alike (untextured)	same	plain	strict	+0.1840	0.026	28.73	0.00	lawn / floor 16 studs from Base 4 (pad)	202.9	4.18	-433.1	_WeatherWorldR149/Snow patches/Snow patch . Right	_WeatherWorldR149/Snow patches/Snow patch . Right	built+built	SmoothPlastic / SmoothPlastic	
1307	look-alike (untextured)	same	plain	near	+0.0120	0.020	28.62	0.00	lawn / floor 26 studs from hub wall	237.4	4.16	-589.6	_WeatherWorldR149/Snow patches/Snow patch . Right	_WeatherWorldR149/Snow patches/Snow patch . Right	built+built	SmoothPlastic / SmoothPlastic	
1308	look-alike (untextured)	same	plain	far	+0.0280	0.049	28.25	0.00	lawn / floor 10 studs from Curb	56.3	4.15	-176.9	_WeatherWorldR149/Snow patches/Snow patch . Right	_WeatherWorldR149/Snow patches/Snow patch . Right	built+built	SmoothPlastic / SmoothPlastic	
1309	look-alike (untextured)	same	plain	strict	+0.0720	0.020	28.18	0.00	lawn / floor 13 studs from Base 4 (pad)	213.7	4.29	-430.1	_WeatherWorldR149/Snow patches/Snow patch . Right	_WeatherWorldR149/Snow patches/Snow patch . Right	built+built	SmoothPlastic / SmoothPlastic	
1310	look-alike (untextured)	same	plain	near	+0.0160	0.033	27.88	0.00	lawn / floor 11 studs from Run-up lane FOREST	100.8	4.17	-134.5	_WeatherWorldR149/Snow patches/Snow patch . Right	_WeatherWorldR149/Snow patches/Snow patch . Right	built+built	SmoothPlastic / SmoothPlastic	
1311	look-alike (untextured)	now look-alike (untextured) (+0.012)	plain	strict	+0.0520	0.027	27.25	0.00	lawn / floor 9 studs from Curb	-249.1	4.18	-285.9	_WeatherWorldR149/Snow patches/Snow patch . Right	_WeatherWorldR149/Snow patches/Snow patch . Right	built+built	SmoothPlastic / SmoothPlastic	
1312	look-alike (untextured)	same	plain	near	+0.0120	0.020	26.61	0.00	lawn / floor 31 studs from hub wall	170.8	4.15	-584.9	_WeatherWorldR149/Snow patches/Snow patch . Right	_WeatherWorldR149/Snow patches/Snow patch . Right	built+built	SmoothPlastic / SmoothPlastic	
1313	look-alike (untextured)	same	plain	strict	+0.0280	0.022	25.49	0.00	lawn / floor 13 studs from South plaza	-33.9	4.15	-387.9	_WeatherWorldR149/Snow patches/Snow patch . Right	_WeatherWorldR149/Snow patches/Snow patch . Right	built+built	SmoothPlastic / SmoothPlastic	
1314	look-alike (untextured)	same	plain	strict	+0.1160	0.024	24.85	0.00	lawn / floor 2 studs from hub wall	-320.9	4.39	-107.5	_WeatherWorldR149/Snow patches/Snow patch . Right	_WeatherWorldR149/Snow patches/Snow patch . Right	built+built	SmoothPlastic / SmoothPlastic	
1315	look-alike (untextured)	same	plain	near	+0.0160	0.021	23.74	0.00	lawn / floor 5 studs from Base 3 (pad)	-284.4	4.17	-293.9	_WeatherWorldR149/Snow patches/Snow patch . Right	_WeatherWorldR149/Snow patches/Snow patch . Right	built+built	SmoothPlastic / SmoothPlastic	
1316	look-alike (untextured)	same	plain	strict	+0.0280	0.022	23.64	0.00	lawn / floor 11 studs from Market square	-63.3	4.15	-246.8	_WeatherWorldR149/Snow patches/Snow patch . Right	_WeatherWorldR149/Snow patches/Snow patch . Right	built+built	SmoothPlastic / SmoothPlastic	
1317	look-alike (untextured)	same	plain	strict	+0.1320	0.049	23.41	0.00	lawn / floor 7 studs from hub wall	325.4	4.22	-591.5	_WeatherWorldR149/Snow patches/Snow patch . Right	_WeatherWorldR149/Snow patches/Snow patch . Right	built+built	SmoothPlastic / SmoothPlastic	
1318	look-alike (untextured)	now look-alike (untextured) (+0.016)	plain	strict	+0.0800	0.027	22.74	0.00	lawn / floor 9 studs from Curb	-250.5	4.15	-285.4	_WeatherWorldR149/Snow patches/Snow patch . Right	_WeatherWorldR149/Snow patches/Snow patch . Right	built+built	SmoothPlastic / SmoothPlastic	
1319	look-alike (untextured)	same	plain	strict	+0.1920	0.039	22.66	0.00	lawn / floor 2 studs from hub wall	176.6	4.21	-613.0	_WeatherWorldR149/Snow patches/Snow patch . Right	_WeatherWorldR149/Snow patches/Snow patch . Right	built+built	SmoothPlastic / SmoothPlastic	
1320	look-alike (untextured)	same	plain	strict	+0.0320	0.021	21.84	0.00	lawn / floor 9 studs from Base 3 (pad)	-277.5	4.18	-289.6	_WeatherWorldR149/Snow patches/Snow patch . Right	_WeatherWorldR149/Snow patches/Snow patch . Right	built+built	SmoothPlastic / SmoothPlastic	
1321	look-alike (untextured)	same	plain	strict	+0.1080	0.020	21.39	0.00	lawn / floor 4 studs from hub wall	328.3	4.30	-461.4	_WeatherWorldR149/Snow patches/Snow patch . Right	_WeatherWorldR149/Snow patches/Snow patch . Right	built+built	SmoothPlastic / SmoothPlastic	
1322	look-alike (untextured)	same	plain	near	+0.0120	0.024	18.92	0.00	lawn / floor 24 studs from hub wall	213.5	4.15	-592.7	_WeatherWorldR149/Snow patches/Snow patch . Right	_WeatherWorldR149/Snow patches/Snow patch . Right	built+built	SmoothPlastic / SmoothPlastic	
1323	look-alike (untextured)	same	plain	strict	+0.0280	0.020	18.73	0.00	lawn / floor 5 studs from Curb	17.8	4.16	-216.5	_WeatherWorldR149/Snow patches/Snow patch . Right	_WeatherWorldR149/Snow patches/Snow patch . Right	built+built	SmoothPlastic / SmoothPlastic	
1324	look-alike (untextured)	same	plain	near	+0.0160	0.020	18.09	0.00	lawn / floor 7 studs from Curb	-244.7	4.17	-284.0	_WeatherWorldR149/Snow patches/Snow patch . Right	_WeatherWorldR149/Snow patches/Snow patch . Right	built+built	SmoothPlastic / SmoothPlastic	
1325	look-alike (untextured)	same	plain	strict	+0.1080	0.020	17.92	0.00	lawn / floor 3 studs from hub wall	328.7	4.31	-589.5	_WeatherWorldR149/Snow patches/Snow patch . Right	_WeatherWorldR149/Snow patches/Snow patch . Right	built+built	SmoothPlastic / SmoothPlastic	
1326	look-alike (untextured)	same	plain	strict	+0.0280	0.020	17.47	0.00	lawn / floor 8 studs from Stage circle	-29.4	4.16	-377.8	_WeatherWorldR149/Snow patches/Snow patch . Right	_WeatherWorldR149/Snow patches/Snow patch . Right	built+built	SmoothPlastic / SmoothPlastic	
1327	look-alike (untextured)	same	plain	strict	+0.4500	0.049	17.11	0.00	Base 3 (pad)	-160.0	6.36	-392.0	Bases/Base_3/MysteryPedestal/Step trim . Right	Bases/Base_3/MysteryPedestal/Lower collar . Right	built+built	SmoothPlastic / SmoothPlastic	
1328	look-alike (untextured)	same	plain	strict	+0.4500	0.049	17.11	0.00	Base 2 (pad)	160.0	6.36	-146.5	Bases/Base_2/MysteryPedestal/Step trim . Right	Bases/Base_2/MysteryPedestal/Lower collar . Right	built+built	SmoothPlastic / SmoothPlastic	
1329	look-alike (untextured)	same	plain	strict	+0.4500	0.049	17.11	0.00	Base 5 (pad)	-40.0	6.36	-437.3	Bases/Base_5/MysteryPedestal/Step trim . Right	Bases/Base_5/MysteryPedestal/Lower collar . Right	built+built	SmoothPlastic / SmoothPlastic	
1330	look-alike (untextured)	same	plain	strict	+0.4500	0.049	17.11	0.00	Base 4 (pad)	160.0	6.36	-324.0	Bases/Base_4/MysteryPedestal/Step trim . Right	Bases/Base_4/MysteryPedestal/Lower collar . Right	built+built	SmoothPlastic / SmoothPlastic	
1331	look-alike (untextured)	same	plain	strict	+0.4500	0.049	17.11	0.00	Base 6 (pad)	108.0	6.36	-437.3	Bases/Base_6/MysteryPedestal/Step trim . Right	Bases/Base_6/MysteryPedestal/Lower collar . Right	built+built	SmoothPlastic / SmoothPlastic	
1332	look-alike (untextured)	same	plain	strict	+0.4500	0.049	17.11	0.00	Base 1 (pad)	-160.0	6.36	-214.5	Bases/Base_1/MysteryPedestal/Step trim . Right	Bases/Base_1/MysteryPedestal/Lower collar . Right	built+built	SmoothPlastic / SmoothPlastic	
1333	look-alike (untextured)	same	plain	strict	+0.0280	0.022	17.08	0.00	lawn / floor 9 studs from Curb	213.9	4.15	-286.1	_WeatherWorldR149/Snow patches/Snow patch . Right	_WeatherWorldR149/Snow patches/Snow patch . Right	built+built	SmoothPlastic / SmoothPlastic	
1334	look-alike (untextured)	same	plain	near	+0.0160	0.020	16.70	0.00	lawn / floor 6 studs from Base 4 (pad)	138.7	4.17	-319.0	_WeatherWorldR149/Snow patches/Snow patch . Right	_WeatherWorldR149/Snow patches/Snow patch . Right	built+built	SmoothPlastic / SmoothPlastic	
1335	look-alike (untextured)	same	plain	near	+0.0160	0.020	15.65	0.00	lawn / floor 9 studs from Curb	91.4	4.17	-394.6	_WeatherWorldR149/Snow patches/Snow patch . Right	_WeatherWorldR149/Snow patches/Snow patch . Right	built+built	SmoothPlastic / SmoothPlastic	
1336	look-alike (untextured)	same	plain	strict	+0.0840	0.020	15.37	0.00	lawn / floor 7 studs from hub wall	259.7	4.21	-609.3	_WeatherWorldR149/Snow patches/Snow patch . Right	_WeatherWorldR149/Snow patches/Snow patch . Right	built+built	SmoothPlastic / SmoothPlastic	
1337	look-alike (untextured)	same	plain	strict	+0.0920	0.020	15.37	0.00	lawn / floor 12 studs from Base 6 (pad)	144.9	4.29	-585.4	_WeatherWorldR149/Snow patches/Snow patch . Right	_WeatherWorldR149/Snow patches/Snow patch . Right	built+built	SmoothPlastic / SmoothPlastic	
1338	look-alike (untextured)	same	plain	strict	+0.0280	0.020	15.08	0.00	lawn / floor 8 studs from Stage circle	37.7	4.15	-371.4	_WeatherWorldR149/Snow patches/Snow patch . Right	_WeatherWorldR149/Snow patches/Snow patch . Right	built+built	SmoothPlastic / SmoothPlastic	
1339	look-alike (untextured)	same	plain	strict	+0.0280	0.020	14.34	0.00	lawn / floor 10 studs from Curb	-54.2	4.15	-176.9	_WeatherWorldR149/Snow patches/Snow patch . Right	_WeatherWorldR149/Snow patches/Snow patch . Right	built+built	SmoothPlastic / SmoothPlastic	
1340	look-alike (untextured)	same	plain	near	+0.0160	0.036	14.24	0.00	lawn / floor 11 studs from Curb	138.9	4.17	-288.3	_WeatherWorldR149/Snow patches/Snow patch . Right	_WeatherWorldR149/Snow patches/Snow patch . Right	built+built	SmoothPlastic / SmoothPlastic	
1341	look-alike (untextured)	same	plain	near	+0.0160	0.020	14.04	0.00	lawn / floor 7 studs from Stage circle	-33.4	4.17	-375.9	_WeatherWorldR149/Snow patches/Snow patch . Right	_WeatherWorldR149/Snow patches/Snow patch . Right	built+built	SmoothPlastic / SmoothPlastic	
1342	look-alike (untextured)	same	plain	strict	+0.0720	0.020	13.93	0.00	lawn / floor 14 studs from Base 3 (pad)	-204.6	4.23	-430.6	_WeatherWorldR149/Snow patches/Snow patch . Right	_WeatherWorldR149/Snow patches/Snow patch . Right	built+built	SmoothPlastic / SmoothPlastic	
1343	look-alike (untextured)	same	plain	near	+0.0120	0.020	13.58	0.00	lawn / floor 9 studs from Curb	-168.6	4.15	-285.9	_WeatherWorldR149/Snow patches/Snow patch . Right	_WeatherWorldR149/Snow patches/Snow patch . Right	built+built	SmoothPlastic / SmoothPlastic	
1344	look-alike (untextured)	same	plain	near	+0.0120	0.020	13.43	0.00	lawn / floor 9 studs from hub display (best pull)	202.5	4.15	-511.8	_WeatherWorldR149/Snow patches/Snow patch . Right	_WeatherWorldR149/Snow patches/Snow patch . Right	built+built	SmoothPlastic / SmoothPlastic	
1345	look-alike (untextured)	same	plain	near	+0.0160	0.020	13.39	0.00	lawn / floor 8 studs from Curb	21.0	4.17	-217.8	_WeatherWorldR149/Snow patches/Snow patch . Right	_WeatherWorldR149/Snow patches/Snow patch . Right	built+built	SmoothPlastic / SmoothPlastic	
1346	look-alike (untextured)	same	plain	strict	+0.1105	0.020	12.25	0.00	market	-19.8	15.22	-283.2	EconomyHub/MerchantStands/Window upright . Back	EconomyHub/MerchantStands/Corner timber . Back	built+built	SmoothPlastic / SmoothPlastic	
1347	look-alike (untextured)	same	plain	strict	+0.1105	0.020	12.25	0.00	market	19.8	15.22	-283.2	EconomyHub/MerchantStands/Window upright . Back	EconomyHub/MerchantStands/Corner timber . Back	built+built	SmoothPlastic / SmoothPlastic	
1348	look-alike (untextured)	same	plain	strict	+0.1105	0.020	12.25	0.00	market	-19.8	15.22	-254.3	EconomyHub/MerchantStands/Window upright . Front	EconomyHub/MerchantStands/Corner timber . Front	built+built	SmoothPlastic / SmoothPlastic	
1349	look-alike (untextured)	same	plain	strict	+0.1105	0.020	12.25	0.00	market	19.8	15.22	-254.3	EconomyHub/MerchantStands/Window upright . Front	EconomyHub/MerchantStands/Corner timber . Front	built+built	SmoothPlastic / SmoothPlastic	
1350	look-alike (untextured)	same	plain	strict	+0.0600	0.049	11.53	0.00	lawn / floor 2 studs from hub wall	330.7	4.35	-591.9	_WeatherWorldR149/Snow patches/Snow patch . Right	_WeatherWorldR149/Snow patches/Snow patch . Right	built+built	SmoothPlastic / SmoothPlastic	
1351	look-alike (untextured)	same	plain	near	+0.0160	0.020	10.85	0.00	lawn / floor 8 studs from Curb	-53.6	4.17	-174.4	_WeatherWorldR149/Snow patches/Snow patch . Right	_WeatherWorldR149/Snow patches/Snow patch . Right	built+built	SmoothPlastic / SmoothPlastic	
1352	look-alike (untextured)	same	plain	strict	+0.1320	0.020	10.67	0.00	lawn / floor 6 studs from hub wall	294.0	4.28	-609.1	_WeatherWorldR149/Snow patches/Snow patch . Right	_WeatherWorldR149/Snow patches/Snow patch . Right	built+built	SmoothPlastic / SmoothPlastic	
1353	look-alike (untextured)	same	plain	near	+0.0160	0.020	10.60	0.00	lawn / floor 8 studs from Base 3 (pad)	-136.6	4.17	-328.7	_WeatherWorldR149/Snow patches/Snow patch . Right	_WeatherWorldR149/Snow patches/Snow patch . Right	built+built	SmoothPlastic / SmoothPlastic	
1354	look-alike (untextured)	same	plain	strict	+0.0280	0.020	9.74	0.00	lawn / floor 10 studs from Curb	24.1	4.15	-176.9	_WeatherWorldR149/Snow patches/Snow patch . Right	_WeatherWorldR149/Snow patches/Snow patch . Right	built+built	SmoothPlastic / SmoothPlastic	
1355	look-alike (untextured)	same	plain	near	+0.0160	0.020	9.16	0.00	lawn / floor 9 studs from Curb	25.4	4.17	-175.8	_WeatherWorldR149/Snow patches/Snow patch . Right	_WeatherWorldR149/Snow patches/Snow patch . Right	built+built	SmoothPlastic / SmoothPlastic	
1356	look-alike (untextured)	same	plain	near	+0.0160	0.020	8.51	0.00	lawn / floor 10 studs from Stage circle	40.3	4.17	-367.5	_WeatherWorldR149/Snow patches/Snow patch . Right	_WeatherWorldR149/Snow patches/Snow patch . Right	built+built	SmoothPlastic / SmoothPlastic	
1357	look-alike (untextured)	same	plain	far	+0.0280	0.029	8.09	0.00	lawn / floor 8 studs from Curb	-250.0	4.15	-284.5	_WeatherWorldR149/Snow patches/Snow patch . Right	_WeatherWorldR149/Snow patches/Snow patch . Right	built+built	SmoothPlastic / SmoothPlastic	
1358	look-alike (untextured)	same	plain	strict	+0.0720	0.020	7.92	0.00	lawn / floor 11 studs from Base 6 (pad)	143.5	4.31	-574.4	_WeatherWorldR149/Snow patches/Snow patch . Right	_WeatherWorldR149/Snow patches/Snow patch . Right	built+built	SmoothPlastic / SmoothPlastic	
1359	look-alike (untextured)	same	plain	strict	+0.0280	0.020	7.09	0.00	lawn / floor 10 studs from Base 3 (pad)	-138.3	4.15	-292.1	_WeatherWorldR149/Snow patches/Snow patch . Right	_WeatherWorldR149/Snow patches/Snow patch . Right	built+built	SmoothPlastic / SmoothPlastic	
1360	look-alike (untextured)	same	plain	near	+0.0120	0.020	6.57	0.00	lawn / floor 10 studs from Curb	25.2	4.15	-176.6	_WeatherWorldR149/Snow patches/Snow patch . Right	_WeatherWorldR149/Snow patches/Snow patch . Right	built+built	SmoothPlastic / SmoothPlastic	
1361	look-alike (untextured)	same	plain	near	+0.0160	0.020	5.94	0.00	lawn / floor 7 studs from Curb	-134.3	4.17	-290.0	_WeatherWorldR149/Snow patches/Snow patch . Right	_WeatherWorldR149/Snow patches/Snow patch . Right	built+built	SmoothPlastic / SmoothPlastic	
1362	look-alike (untextured)	same	plain	near	+0.0120	0.020	5.75	0.00	lawn / floor 7 studs from Curb	19.4	4.16	-217.6	_WeatherWorldR149/Snow patches/Snow patch . Right	_WeatherWorldR149/Snow patches/Snow patch . Right	built+built	SmoothPlastic / SmoothPlastic	
1363	look-alike (untextured)	same	plain	strict	+0.0280	0.020	5.44	0.00	lawn / floor 6 studs from South plaza	27.1	4.15	-396.8	_WeatherWorldR149/Snow patches/Snow patch . Right	_WeatherWorldR149/Snow patches/Snow patch . Right	built+built	SmoothPlastic / SmoothPlastic	
1364	look-alike (untextured)	same	plain	near	+0.0120	0.021	5.21	0.00	lawn / floor 10 studs from Curb	138.0	4.16	-289.3	_WeatherWorldR149/Snow patches/Snow patch . Right	_WeatherWorldR149/Snow patches/Snow patch . Right	built+built	SmoothPlastic / SmoothPlastic	
1365	look-alike (untextured)	same	plain	strict	+0.0280	0.027	5.01	0.00	lawn / floor 10 studs from Curb	137.8	4.16	-289.5	_WeatherWorldR149/Snow patches/Snow patch . Right	_WeatherWorldR149/Snow patches/Snow patch . Right	built+built	SmoothPlastic / SmoothPlastic	
1366	look-alike (untextured)	same	plain	strict	+0.0720	0.020	5.01	0.00	lawn / floor 7 studs from Corner circle	-136.8	4.23	-145.9	_WeatherWorldR149/Snow patches/Snow patch . Right	_WeatherWorldR149/Snow patches/Snow patch . Right	built+built	SmoothPlastic / SmoothPlastic	
1367	look-alike (untextured)	same	plain	strict	+0.0720	0.020	4.39	0.00	lawn / floor 10 studs from Curb	259.4	4.23	-286.9	_WeatherWorldR149/Snow patches/Snow patch . Right	_WeatherWorldR149/Snow patches/Snow patch . Right	built+built	SmoothPlastic / SmoothPlastic	
1368	look-alike (untextured)	same	plain	strict	+0.0720	0.020	4.29	0.00	lawn / floor 7 studs from Base 4 (pad)	138.1	4.29	-332.1	_WeatherWorldR149/Snow patches/Snow patch . Right	_WeatherWorldR149/Snow patches/Snow patch . Right	built+built	SmoothPlastic / SmoothPlastic	
1369	look-alike (untextured)	same	plain	near	+0.0120	0.020	3.87	0.00	lawn / floor 9 studs from Curb	-54.4	4.15	-175.3	_WeatherWorldR149/Snow patches/Snow patch . Right	_WeatherWorldR149/Snow patches/Snow patch . Right	built+built	SmoothPlastic / SmoothPlastic	
1370	look-alike (untextured)	same	plain	strict	+0.1920	0.020	3.83	0.00	lawn / floor 1 studs from hub wall	-332.1	4.22	-252.6	_WeatherWorldR149/Snow patches/Snow patch . Right	_WeatherWorldR149/Snow patches/Snow patch . Right	built+built	SmoothPlastic / SmoothPlastic	
1371	look-alike (untextured)	same	plain	coplanar	+0.0000	0.020	3.69	0.00	market	20.6	15.22	-283.4	EconomyHub/MerchantStands/Corner timber . Right	EconomyHub/MerchantStands/Window upright . Right	built+built	SmoothPlastic / SmoothPlastic	
1372	look-alike (untextured)	same	plain	coplanar	+0.0000	0.020	3.69	0.00	market	20.6	15.22	-254.2	EconomyHub/MerchantStands/Corner timber . Right	EconomyHub/MerchantStands/Window upright . Right	built+built	SmoothPlastic / SmoothPlastic	
1373	look-alike (untextured)	same	plain	coplanar	+0.0000	0.020	3.69	0.00	market	-20.6	15.22	-283.4	EconomyHub/MerchantStands/Corner timber . Left	EconomyHub/MerchantStands/Window upright . Left	built+built	SmoothPlastic / SmoothPlastic	
1374	look-alike (untextured)	same	plain	coplanar	+0.0000	0.020	3.69	0.00	market	-20.6	15.22	-254.2	EconomyHub/MerchantStands/Corner timber . Left	EconomyHub/MerchantStands/Window upright . Left	built+built	SmoothPlastic / SmoothPlastic	
1375	look-alike (untextured)	same	plain	strict	+0.1920	0.049	3.41	0.00	lawn / floor 6 studs from hub wall	326.3	4.22	-593.0	_WeatherWorldR149/Snow patches/Snow patch . Right	_WeatherWorldR149/Snow patches/Snow patch . Right	built+built	SmoothPlastic / SmoothPlastic	
1376	look-alike (untextured)	same	plain	coplanar	+0.0000	0.020	3.40	0.00	market	-19.0	15.22	-283.4	EconomyHub/MerchantStands/Corner timber . Right	EconomyHub/MerchantStands/Window upright . Right	built+built	SmoothPlastic / SmoothPlastic	
1377	look-alike (untextured)	same	plain	coplanar	+0.0000	0.020	3.40	0.00	market	19.0	15.22	-283.4	EconomyHub/MerchantStands/Corner timber . Left	EconomyHub/MerchantStands/Window upright . Left	built+built	SmoothPlastic / SmoothPlastic	
1378	look-alike (untextured)	same	plain	strict	+0.0720	0.020	3.29	0.00	lawn / floor 8 studs from Base 3 (pad)	-136.7	4.23	-393.4	_WeatherWorldR149/Snow patches/Snow patch . Right	_WeatherWorldR149/Snow patches/Snow patch . Right	built+built	SmoothPlastic / SmoothPlastic	
1379	look-alike (untextured)	same	plain	coplanar	+0.0000	0.020	3.00	0.00	leaderboard	-105.0	33.75	-113.3	EconomyHub/GeneratedHubScenery/Top Cash/Frame column . Right	EconomyHub/GeneratedHubScenery/Top Cash/Blue frame . Right	built+built	SmoothPlastic / SmoothPlastic	
1380	look-alike (untextured)	same	plain	coplanar	+0.0000	0.020	3.00	0.00	leaderboard	127.0	33.75	-113.3	EconomyHub/GeneratedHubScenery/Top Speed/Frame column . Right	EconomyHub/GeneratedHubScenery/Top Speed/Blue frame . Right	built+built	SmoothPlastic / SmoothPlastic	
1381	look-alike (untextured)	same	plain	coplanar	+0.0000	0.020	3.00	0.00	leaderboard	105.0	33.75	-113.3	EconomyHub/GeneratedHubScenery/Top Speed/Frame column . Left	EconomyHub/GeneratedHubScenery/Top Speed/Blue frame . Left	built+built	SmoothPlastic / SmoothPlastic	
1382	look-alike (untextured)	same	plain	coplanar	+0.0000	0.020	3.00	0.00	leaderboard	-127.0	33.75	-113.3	EconomyHub/GeneratedHubScenery/Top Cash/Frame column . Left	EconomyHub/GeneratedHubScenery/Top Cash/Blue frame . Left	built+built	SmoothPlastic / SmoothPlastic	
1383	look-alike (untextured)	same	plain	coplanar	+0.0000	0.020	3.00	0.00	leaderboard	106.0	33.75	-112.3	EconomyHub/GeneratedHubScenery/Top Speed/Frame column . Back	EconomyHub/GeneratedHubScenery/Top Speed/Blue frame . Back	built+built	SmoothPlastic / SmoothPlastic	
1384	look-alike (untextured)	same	plain	coplanar	+0.0000	0.020	3.00	0.00	leaderboard	126.0	33.75	-112.3	EconomyHub/GeneratedHubScenery/Top Speed/Frame column . Back	EconomyHub/GeneratedHubScenery/Top Speed/Blue frame . Back	built+built	SmoothPlastic / SmoothPlastic	
1385	look-alike (untextured)	same	plain	coplanar	+0.0000	0.020	3.00	0.00	leaderboard	-126.0	33.75	-112.3	EconomyHub/GeneratedHubScenery/Top Cash/Frame column . Back	EconomyHub/GeneratedHubScenery/Top Cash/Blue frame . Back	built+built	SmoothPlastic / SmoothPlastic	
1386	look-alike (untextured)	same	plain	coplanar	+0.0000	0.020	3.00	0.00	leaderboard	-106.0	33.75	-112.3	EconomyHub/GeneratedHubScenery/Top Cash/Frame column . Back	EconomyHub/GeneratedHubScenery/Top Cash/Blue frame . Back	built+built	SmoothPlastic / SmoothPlastic	
1387	look-alike (untextured)	same	plain	coplanar	+0.0000	0.020	3.00	0.00	leaderboard	106.0	33.75	-114.3	EconomyHub/GeneratedHubScenery/Top Speed/Frame column . Front	EconomyHub/GeneratedHubScenery/Top Speed/Blue frame . Front	built+built	SmoothPlastic / SmoothPlastic	
1388	look-alike (untextured)	same	plain	coplanar	+0.0000	0.020	3.00	0.00	leaderboard	126.0	33.75	-114.3	EconomyHub/GeneratedHubScenery/Top Speed/Frame column . Front	EconomyHub/GeneratedHubScenery/Top Speed/Blue frame . Front	built+built	SmoothPlastic / SmoothPlastic	
1389	look-alike (untextured)	same	plain	coplanar	+0.0000	0.020	3.00	0.00	leaderboard	-126.0	33.75	-114.3	EconomyHub/GeneratedHubScenery/Top Cash/Frame column . Front	EconomyHub/GeneratedHubScenery/Top Cash/Blue frame . Front	built+built	SmoothPlastic / SmoothPlastic	
1390	look-alike (untextured)	same	plain	coplanar	+0.0000	0.020	3.00	0.00	leaderboard	-106.0	33.75	-114.3	EconomyHub/GeneratedHubScenery/Top Cash/Frame column . Front	EconomyHub/GeneratedHubScenery/Top Cash/Blue frame . Front	built+built	SmoothPlastic / SmoothPlastic	
1391	look-alike (untextured)	same	plain	near	+0.0160	0.020	2.84	0.00	Base 1 (pad)	-164.4	5.15	-160.6	_WeatherWorldR149/Snow patches/Snow patch . Right	_WeatherWorldR149/Snow patches/Snow patch . Right	built+built	SmoothPlastic / SmoothPlastic	
1392	look-alike (untextured)	same	plain	near	+0.0160	0.020	2.33	0.00	Base 1 (pad)	-169.8	5.15	-192.3	_WeatherWorldR149/Snow patches/Snow patch . Right	_WeatherWorldR149/Snow patches/Snow patch . Right	built+built	SmoothPlastic / SmoothPlastic	
1393	look-alike (untextured)	same	plain	near	+0.0120	0.020	2.28	0.00	lawn / floor 7 studs from Stage circle	-31.9	4.16	-377.1	_WeatherWorldR149/Snow patches/Snow patch . Right	_WeatherWorldR149/Snow patches/Snow patch . Right	built+built	SmoothPlastic / SmoothPlastic	
1394	look-alike (untextured)	same	plain	near	+0.0160	0.020	2.21	0.00	Base 4 (pad)	263.3	5.15	-363.7	_WeatherWorldR149/Snow patches/Snow patch . Right	_WeatherWorldR149/Snow patches/Snow patch . Right	built+built	SmoothPlastic / SmoothPlastic	
1395	look-alike (untextured)	same	plain	coplanar	+0.0000	0.020	1.68	0.00	Base 3 (pad)	-151.3	5.91	-328.5	Bases/Base_3/TreadmillArtV131/Rounded chassis . Top	Bases/Base_3/TreadmillArtV131/Rounded chassis rounded corner . Right	saved+saved	SmoothPlastic / SmoothPlastic	
1396	look-alike (untextured)	same	plain	coplanar	+0.0000	0.020	1.68	0.00	Base 3 (pad)	-168.7	5.91	-328.5	Bases/Base_3/TreadmillArtV131/Rounded chassis . Top	Bases/Base_3/TreadmillArtV131/Rounded chassis rounded corner . Right	saved+saved	SmoothPlastic / SmoothPlastic	
1397	look-alike (untextured)	same	plain	coplanar	+0.0000	0.020	1.68	0.00	Base 3 (pad)	-151.3	5.91	-319.5	Bases/Base_3/TreadmillArtV131/Rounded chassis . Top	Bases/Base_3/TreadmillArtV131/Rounded chassis rounded corner . Right	saved+saved	SmoothPlastic / SmoothPlastic	
1398	look-alike (untextured)	same	plain	coplanar	+0.0000	0.020	1.68	0.00	Base 3 (pad)	-168.7	5.91	-319.5	Bases/Base_3/TreadmillArtV131/Rounded chassis . Top	Bases/Base_3/TreadmillArtV131/Rounded chassis rounded corner . Right	saved+saved	SmoothPlastic / SmoothPlastic	
1399	look-alike (untextured)	same	plain	coplanar	+0.0000	0.020	1.68	0.00	Base 2 (pad)	151.3	5.91	-210.1	Bases/Base_2/TreadmillArtV131/Rounded chassis . Top	Bases/Base_2/TreadmillArtV131/Rounded chassis rounded corner . Right	saved+saved	SmoothPlastic / SmoothPlastic	
1400	look-alike (untextured)	same	plain	coplanar	+0.0000	0.020	1.68	0.00	Base 2 (pad)	168.7	5.91	-210.1	Bases/Base_2/TreadmillArtV131/Rounded chassis . Top	Bases/Base_2/TreadmillArtV131/Rounded chassis rounded corner . Right	saved+saved	SmoothPlastic / SmoothPlastic	
1401	look-alike (untextured)	same	plain	coplanar	+0.0000	0.020	1.68	0.00	Base 2 (pad)	151.3	5.91	-219.0	Bases/Base_2/TreadmillArtV131/Rounded chassis . Top	Bases/Base_2/TreadmillArtV131/Rounded chassis rounded corner . Right	saved+saved	SmoothPlastic / SmoothPlastic	
1402	look-alike (untextured)	same	plain	coplanar	+0.0000	0.020	1.68	0.00	Base 2 (pad)	168.7	5.91	-219.0	Bases/Base_2/TreadmillArtV131/Rounded chassis . Top	Bases/Base_2/TreadmillArtV131/Rounded chassis rounded corner . Right	saved+saved	SmoothPlastic / SmoothPlastic	
1403	look-alike (untextured)	same	plain	coplanar	+0.0000	0.020	1.68	0.00	Base 5 (pad)	-103.5	5.91	-428.6	Bases/Base_5/TreadmillArtV131/Rounded chassis . Top	Bases/Base_5/TreadmillArtV131/Rounded chassis rounded corner . Right	saved+saved	SmoothPlastic / SmoothPlastic	
1404	look-alike (untextured)	same	plain	coplanar	+0.0000	0.020	1.68	0.00	Base 5 (pad)	-103.5	5.91	-446.0	Bases/Base_5/TreadmillArtV131/Rounded chassis . Top	Bases/Base_5/TreadmillArtV131/Rounded chassis rounded corner . Right	saved+saved	SmoothPlastic / SmoothPlastic	
1405	look-alike (untextured)	same	plain	coplanar	+0.0000	0.020	1.68	0.00	Base 5 (pad)	-112.5	5.91	-428.6	Bases/Base_5/TreadmillArtV131/Rounded chassis . Top	Bases/Base_5/TreadmillArtV131/Rounded chassis rounded corner . Right	saved+saved	SmoothPlastic / SmoothPlastic	
1406	look-alike (untextured)	same	plain	coplanar	+0.0000	0.020	1.68	0.00	Base 5 (pad)	-112.5	5.91	-446.0	Bases/Base_5/TreadmillArtV131/Rounded chassis . Top	Bases/Base_5/TreadmillArtV131/Rounded chassis rounded corner . Right	saved+saved	SmoothPlastic / SmoothPlastic	
1407	look-alike (untextured)	same	plain	coplanar	+0.0000	0.020	1.68	0.00	Base 4 (pad)	151.3	5.91	-387.5	Bases/Base_4/TreadmillArtV131/Rounded chassis . Top	Bases/Base_4/TreadmillArtV131/Rounded chassis rounded corner . Right	saved+saved	SmoothPlastic / SmoothPlastic	
1408	look-alike (untextured)	same	plain	coplanar	+0.0000	0.020	1.68	0.00	Base 4 (pad)	168.7	5.91	-387.5	Bases/Base_4/TreadmillArtV131/Rounded chassis . Top	Bases/Base_4/TreadmillArtV131/Rounded chassis rounded corner . Right	saved+saved	SmoothPlastic / SmoothPlastic	
1409	look-alike (untextured)	same	plain	coplanar	+0.0000	0.020	1.68	0.00	Base 4 (pad)	151.3	5.91	-396.5	Bases/Base_4/TreadmillArtV131/Rounded chassis . Top	Bases/Base_4/TreadmillArtV131/Rounded chassis rounded corner . Right	saved+saved	SmoothPlastic / SmoothPlastic	
1410	look-alike (untextured)	same	plain	coplanar	+0.0000	0.020	1.68	0.00	Base 4 (pad)	168.7	5.91	-396.5	Bases/Base_4/TreadmillArtV131/Rounded chassis . Top	Bases/Base_4/TreadmillArtV131/Rounded chassis rounded corner . Right	saved+saved	SmoothPlastic / SmoothPlastic	
1411	look-alike (untextured)	same	plain	coplanar	+0.0000	0.020	1.68	0.00	Base 6 (pad)	44.5	5.91	-428.6	Bases/Base_6/TreadmillArtV131/Rounded chassis . Top	Bases/Base_6/TreadmillArtV131/Rounded chassis rounded corner . Right	saved+saved	SmoothPlastic / SmoothPlastic	
1412	look-alike (untextured)	same	plain	coplanar	+0.0000	0.020	1.68	0.00	Base 6 (pad)	44.5	5.91	-446.0	Bases/Base_6/TreadmillArtV131/Rounded chassis . Top	Bases/Base_6/TreadmillArtV131/Rounded chassis rounded corner . Right	saved+saved	SmoothPlastic / SmoothPlastic	
1413	look-alike (untextured)	same	plain	coplanar	+0.0000	0.020	1.68	0.00	Base 6 (pad)	35.5	5.91	-428.6	Bases/Base_6/TreadmillArtV131/Rounded chassis . Top	Bases/Base_6/TreadmillArtV131/Rounded chassis rounded corner . Right	saved+saved	SmoothPlastic / SmoothPlastic	
1414	look-alike (untextured)	same	plain	coplanar	+0.0000	0.020	1.68	0.00	Base 6 (pad)	35.5	5.91	-446.0	Bases/Base_6/TreadmillArtV131/Rounded chassis . Top	Bases/Base_6/TreadmillArtV131/Rounded chassis rounded corner . Right	saved+saved	SmoothPlastic / SmoothPlastic	
1415	look-alike (untextured)	same	plain	coplanar	+0.0000	0.020	1.68	0.00	Base 1 (pad)	-151.3	5.91	-151.0	Bases/Base_1/TreadmillArtV131/Rounded chassis . Top	Bases/Base_1/TreadmillArtV131/Rounded chassis rounded corner . Right	saved+saved	SmoothPlastic / SmoothPlastic	
1416	look-alike (untextured)	same	plain	coplanar	+0.0000	0.020	1.68	0.00	Base 1 (pad)	-168.7	5.91	-151.0	Bases/Base_1/TreadmillArtV131/Rounded chassis . Top	Bases/Base_1/TreadmillArtV131/Rounded chassis rounded corner . Right	saved+saved	SmoothPlastic / SmoothPlastic	
1417	look-alike (untextured)	same	plain	coplanar	+0.0000	0.020	1.68	0.00	Base 1 (pad)	-151.3	5.91	-142.1	Bases/Base_1/TreadmillArtV131/Rounded chassis . Top	Bases/Base_1/TreadmillArtV131/Rounded chassis rounded corner . Right	saved+saved	SmoothPlastic / SmoothPlastic	
1418	look-alike (untextured)	same	plain	coplanar	+0.0000	0.020	1.68	0.00	Base 1 (pad)	-168.7	5.91	-142.1	Bases/Base_1/TreadmillArtV131/Rounded chassis . Top	Bases/Base_1/TreadmillArtV131/Rounded chassis rounded corner . Right	saved+saved	SmoothPlastic / SmoothPlastic	
1419	look-alike (untextured)	same	plain	strict	+0.0850	0.020	1.67	0.00	market	-19.7	22.53	-284.6	EconomyHub/MerchantStands/Porch header . Front	EconomyHub/MerchantStands/Corner timber . Front	built+built	SmoothPlastic / SmoothPlastic	
1420	look-alike (untextured)	same	plain	strict	+0.0850	0.020	1.67	0.00	market	19.7	22.53	-284.6	EconomyHub/MerchantStands/Porch header . Front	EconomyHub/MerchantStands/Corner timber . Front	built+built	SmoothPlastic / SmoothPlastic	
1421	look-alike (untextured)	same	plain	strict	+0.0850	0.020	0.83	0.00	market	-19.7	22.53	-283.2	EconomyHub/MerchantStands/Porch header . Back	EconomyHub/MerchantStands/Corner timber . Back	built+built	SmoothPlastic / SmoothPlastic	
1422	look-alike (untextured)	same	plain	strict	+0.0850	0.020	0.83	0.00	market	19.7	22.53	-283.2	EconomyHub/MerchantStands/Porch header . Back	EconomyHub/MerchantStands/Corner timber . Back	built+built	SmoothPlastic / SmoothPlastic	
1423	look-alike (untextured)	same	plain	coplanar	+0.0000	0.020	0.79	0.00	Base 3 (pad)	-153.2	10.74	-327.2	Bases/Base_3/TreadmillArtV131/Console shell rounded corner . Right	Bases/Base_3/TreadmillArtV131/Console shell . Top	saved+saved	SmoothPlastic / SmoothPlastic	
1424	look-alike (untextured)	same	plain	coplanar	+0.0000	0.020	0.79	0.00	Base 3 (pad)	-153.2	10.74	-320.8	Bases/Base_3/TreadmillArtV131/Console shell rounded corner . Right	Bases/Base_3/TreadmillArtV131/Console shell . Top	saved+saved	SmoothPlastic / SmoothPlastic	
1425	look-alike (untextured)	same	plain	coplanar	+0.0000	0.020	0.79	0.00	Base 1 (pad)	-153.2	10.74	-149.7	Bases/Base_1/TreadmillArtV131/Console shell rounded corner . Right	Bases/Base_1/TreadmillArtV131/Console shell . Top	saved+saved	SmoothPlastic / SmoothPlastic	
1426	look-alike (untextured)	same	plain	coplanar	+0.0000	0.020	0.79	0.00	Base 1 (pad)	-153.2	10.74	-143.3	Bases/Base_1/TreadmillArtV131/Console shell rounded corner . Right	Bases/Base_1/TreadmillArtV131/Console shell . Top	saved+saved	SmoothPlastic / SmoothPlastic	
1427	look-alike (untextured)	same	plain	coplanar	+0.0000	0.020	0.79	0.00	Base 3 (pad)	-153.4	9.53	-327.2	Bases/Base_3/TreadmillArtV131/Console shell rounded corner . Right	Bases/Base_3/TreadmillArtV131/Console shell . Top	saved+saved	SmoothPlastic / SmoothPlastic	
1428	look-alike (untextured)	same	plain	coplanar	+0.0000	0.020	0.79	0.00	Base 3 (pad)	-153.4	9.53	-320.8	Bases/Base_3/TreadmillArtV131/Console shell rounded corner . Right	Bases/Base_3/TreadmillArtV131/Console shell . Top	saved+saved	SmoothPlastic / SmoothPlastic	
1429	look-alike (untextured)	same	plain	coplanar	+0.0000	0.020	0.79	0.00	Base 1 (pad)	-153.4	9.53	-149.7	Bases/Base_1/TreadmillArtV131/Console shell rounded corner . Right	Bases/Base_1/TreadmillArtV131/Console shell . Top	saved+saved	SmoothPlastic / SmoothPlastic	
1430	look-alike (untextured)	same	plain	coplanar	+0.0000	0.020	0.79	0.00	Base 1 (pad)	-153.4	9.53	-143.3	Bases/Base_1/TreadmillArtV131/Console shell rounded corner . Right	Bases/Base_1/TreadmillArtV131/Console shell . Top	saved+saved	SmoothPlastic / SmoothPlastic	
1431	look-alike (untextured)	same	plain	coplanar	+0.0000	0.020	0.79	0.00	Base 2 (pad)	153.2	10.74	-211.3	Bases/Base_2/TreadmillArtV131/Console shell . Top	Bases/Base_2/TreadmillArtV131/Console shell rounded corner . Right	saved+saved	SmoothPlastic / SmoothPlastic	
1432	look-alike (untextured)	same	plain	coplanar	+0.0000	0.020	0.79	0.00	Base 2 (pad)	153.2	10.74	-217.7	Bases/Base_2/TreadmillArtV131/Console shell . Top	Bases/Base_2/TreadmillArtV131/Console shell rounded corner . Right	saved+saved	SmoothPlastic / SmoothPlastic	
1433	look-alike (untextured)	same	plain	coplanar	+0.0000	0.020	0.79	0.00	Base 2 (pad)	153.4	9.53	-211.3	Bases/Base_2/TreadmillArtV131/Console shell . Top	Bases/Base_2/TreadmillArtV131/Console shell rounded corner . Right	saved+saved	SmoothPlastic / SmoothPlastic	
1434	look-alike (untextured)	same	plain	coplanar	+0.0000	0.020	0.79	0.00	Base 2 (pad)	153.4	9.53	-217.7	Bases/Base_2/TreadmillArtV131/Console shell . Top	Bases/Base_2/TreadmillArtV131/Console shell rounded corner . Right	saved+saved	SmoothPlastic / SmoothPlastic	
1435	look-alike (untextured)	same	plain	coplanar	+0.0000	0.020	0.79	0.00	Base 4 (pad)	153.4	9.53	-388.8	Bases/Base_4/TreadmillArtV131/Console shell . Top	Bases/Base_4/TreadmillArtV131/Console shell rounded corner . Right	saved+saved	SmoothPlastic / SmoothPlastic	
1436	look-alike (untextured)	same	plain	coplanar	+0.0000	0.020	0.79	0.00	Base 4 (pad)	153.4	9.53	-395.2	Bases/Base_4/TreadmillArtV131/Console shell . Top	Bases/Base_4/TreadmillArtV131/Console shell rounded corner . Right	saved+saved	SmoothPlastic / SmoothPlastic	
1437	look-alike (untextured)	same	plain	coplanar	+0.0000	0.020	0.79	0.00	Base 5 (pad)	-104.8	10.74	-430.5	Bases/Base_5/TreadmillArtV131/Console shell rounded corner . Right	Bases/Base_5/TreadmillArtV131/Console shell . Top	saved+saved	SmoothPlastic / SmoothPlastic	
1438	look-alike (untextured)	same	plain	coplanar	+0.0000	0.020	0.79	0.00	Base 5 (pad)	-111.2	10.74	-430.5	Bases/Base_5/TreadmillArtV131/Console shell rounded corner . Right	Bases/Base_5/TreadmillArtV131/Console shell . Top	saved+saved	SmoothPlastic / SmoothPlastic	
1439	look-alike (untextured)	same	plain	coplanar	+0.0000	0.020	0.79	0.00	Base 6 (pad)	43.2	10.74	-430.5	Bases/Base_6/TreadmillArtV131/Console shell rounded corner . Right	Bases/Base_6/TreadmillArtV131/Console shell . Top	saved+saved	SmoothPlastic / SmoothPlastic	
1440	look-alike (untextured)	same	plain	coplanar	+0.0000	0.020	0.79	0.00	Base 6 (pad)	36.8	10.74	-430.5	Bases/Base_6/TreadmillArtV131/Console shell rounded corner . Right	Bases/Base_6/TreadmillArtV131/Console shell . Top	saved+saved	SmoothPlastic / SmoothPlastic	
1441	look-alike (untextured)	same	plain	coplanar	+0.0000	0.020	0.79	0.00	Base 5 (pad)	-104.8	9.53	-430.7	Bases/Base_5/TreadmillArtV131/Console shell . Top	Bases/Base_5/TreadmillArtV131/Console shell rounded corner . Right	saved+saved	SmoothPlastic / SmoothPlastic	
1442	look-alike (untextured)	same	plain	coplanar	+0.0000	0.020	0.79	0.00	Base 5 (pad)	-111.2	9.53	-430.7	Bases/Base_5/TreadmillArtV131/Console shell . Top	Bases/Base_5/TreadmillArtV131/Console shell rounded corner . Right	saved+saved	SmoothPlastic / SmoothPlastic	
1443	look-alike (untextured)	same	plain	coplanar	+0.0000	0.020	0.79	0.00	Base 6 (pad)	43.2	9.53	-430.7	Bases/Base_6/TreadmillArtV131/Console shell . Top	Bases/Base_6/TreadmillArtV131/Console shell rounded corner . Right	saved+saved	SmoothPlastic / SmoothPlastic	
1444	look-alike (untextured)	same	plain	coplanar	+0.0000	0.020	0.79	0.00	Base 6 (pad)	36.8	9.53	-430.7	Bases/Base_6/TreadmillArtV131/Console shell . Top	Bases/Base_6/TreadmillArtV131/Console shell rounded corner . Right	saved+saved	SmoothPlastic / SmoothPlastic	
1445	look-alike (untextured)	same	plain	coplanar	+0.0000	0.020	0.76	0.00	Base 3 (pad)	-151.9	5.91	-329.6	Bases/Base_3/TreadmillArtV131/Rounded chassis . Top	Bases/Base_3/TreadmillArtV131/Rounded chassis rounded corner . Right	saved+saved	SmoothPlastic / SmoothPlastic	
1446	look-alike (untextured)	same	plain	coplanar	+0.0000	0.020	0.76	0.00	Base 3 (pad)	-168.1	5.91	-329.6	Bases/Base_3/TreadmillArtV131/Rounded chassis . Top	Bases/Base_3/TreadmillArtV131/Rounded chassis rounded corner . Right	saved+saved	SmoothPlastic / SmoothPlastic	
1447	look-alike (untextured)	same	plain	coplanar	+0.0000	0.020	0.76	0.00	Base 3 (pad)	-151.9	5.91	-318.4	Bases/Base_3/TreadmillArtV131/Rounded chassis . Top	Bases/Base_3/TreadmillArtV131/Rounded chassis rounded corner . Right	saved+saved	SmoothPlastic / SmoothPlastic	
1448	look-alike (untextured)	same	plain	coplanar	+0.0000	0.020	0.76	0.00	Base 3 (pad)	-168.1	5.91	-318.4	Bases/Base_3/TreadmillArtV131/Rounded chassis . Top	Bases/Base_3/TreadmillArtV131/Rounded chassis rounded corner . Right	saved+saved	SmoothPlastic / SmoothPlastic	
1449	look-alike (untextured)	same	plain	coplanar	+0.0000	0.020	0.76	0.00	Base 2 (pad)	168.1	5.91	-208.9	Bases/Base_2/TreadmillArtV131/Rounded chassis . Top	Bases/Base_2/TreadmillArtV131/Rounded chassis rounded corner . Right	saved+saved	SmoothPlastic / SmoothPlastic	
1450	look-alike (untextured)	same	plain	coplanar	+0.0000	0.020	0.76	0.00	Base 2 (pad)	168.1	5.91	-220.2	Bases/Base_2/TreadmillArtV131/Rounded chassis . Top	Bases/Base_2/TreadmillArtV131/Rounded chassis rounded corner . Right	saved+saved	SmoothPlastic / SmoothPlastic	
1451	look-alike (untextured)	same	plain	coplanar	+0.0000	0.020	0.76	0.00	Base 5 (pad)	-102.4	5.91	-429.2	Bases/Base_5/TreadmillArtV131/Rounded chassis . Top	Bases/Base_5/TreadmillArtV131/Rounded chassis rounded corner . Right	saved+saved	SmoothPlastic / SmoothPlastic	
1452	look-alike (untextured)	same	plain	coplanar	+0.0000	0.020	0.76	0.00	Base 5 (pad)	-102.4	5.91	-445.4	Bases/Base_5/TreadmillArtV131/Rounded chassis . Top	Bases/Base_5/TreadmillArtV131/Rounded chassis rounded corner . Right	saved+saved	SmoothPlastic / SmoothPlastic	
1453	look-alike (untextured)	same	plain	coplanar	+0.0000	0.020	0.76	0.00	Base 5 (pad)	-113.6	5.91	-429.2	Bases/Base_5/TreadmillArtV131/Rounded chassis . Top	Bases/Base_5/TreadmillArtV131/Rounded chassis rounded corner . Right	saved+saved	SmoothPlastic / SmoothPlastic	
1454	look-alike (untextured)	same	plain	coplanar	+0.0000	0.020	0.76	0.00	Base 5 (pad)	-113.6	5.91	-445.4	Bases/Base_5/TreadmillArtV131/Rounded chassis . Top	Bases/Base_5/TreadmillArtV131/Rounded chassis rounded corner . Right	saved+saved	SmoothPlastic / SmoothPlastic	
1455	look-alike (untextured)	same	plain	coplanar	+0.0000	0.020	0.76	0.00	Base 6 (pad)	45.6	5.91	-429.2	Bases/Base_6/TreadmillArtV131/Rounded chassis . Top	Bases/Base_6/TreadmillArtV131/Rounded chassis rounded corner . Right	saved+saved	SmoothPlastic / SmoothPlastic	
1456	look-alike (untextured)	same	plain	coplanar	+0.0000	0.020	0.76	0.00	Base 6 (pad)	45.6	5.91	-445.4	Bases/Base_6/TreadmillArtV131/Rounded chassis . Top	Bases/Base_6/TreadmillArtV131/Rounded chassis rounded corner . Right	saved+saved	SmoothPlastic / SmoothPlastic	
1457	look-alike (untextured)	same	plain	coplanar	+0.0000	0.020	0.76	0.00	Base 6 (pad)	34.4	5.91	-429.2	Bases/Base_6/TreadmillArtV131/Rounded chassis . Top	Bases/Base_6/TreadmillArtV131/Rounded chassis rounded corner . Right	saved+saved	SmoothPlastic / SmoothPlastic	
1458	look-alike (untextured)	same	plain	coplanar	+0.0000	0.020	0.76	0.00	Base 6 (pad)	34.4	5.91	-445.4	Bases/Base_6/TreadmillArtV131/Rounded chassis . Top	Bases/Base_6/TreadmillArtV131/Rounded chassis rounded corner . Right	saved+saved	SmoothPlastic / SmoothPlastic	
1459	look-alike (untextured)	same	plain	coplanar	+0.0000	0.020	0.76	0.00	Base 1 (pad)	-151.9	5.91	-152.2	Bases/Base_1/TreadmillArtV131/Rounded chassis . Top	Bases/Base_1/TreadmillArtV131/Rounded chassis rounded corner . Right	saved+saved	SmoothPlastic / SmoothPlastic	
1460	look-alike (untextured)	same	plain	coplanar	+0.0000	0.020	0.76	0.00	Base 1 (pad)	-168.1	5.91	-152.2	Bases/Base_1/TreadmillArtV131/Rounded chassis . Top	Bases/Base_1/TreadmillArtV131/Rounded chassis rounded corner . Right	saved+saved	SmoothPlastic / SmoothPlastic	
1461	look-alike (untextured)	same	plain	coplanar	+0.0000	0.020	0.76	0.00	Base 1 (pad)	-151.9	5.91	-140.9	Bases/Base_1/TreadmillArtV131/Rounded chassis . Top	Bases/Base_1/TreadmillArtV131/Rounded chassis rounded corner . Right	saved+saved	SmoothPlastic / SmoothPlastic	
1462	look-alike (untextured)	same	plain	coplanar	+0.0000	0.020	0.76	0.00	Base 1 (pad)	-168.1	5.91	-140.9	Bases/Base_1/TreadmillArtV131/Rounded chassis . Top	Bases/Base_1/TreadmillArtV131/Rounded chassis rounded corner . Right	saved+saved	SmoothPlastic / SmoothPlastic	
1463	look-alike (untextured)	same	plain	coplanar	+0.0000	0.020	0.57	0.00	market	-19.0	15.22	-254.2	EconomyHub/MerchantStands/Corner timber . Right	EconomyHub/MerchantStands/Window upright . Right	built+built	SmoothPlastic / SmoothPlastic	
1464	look-alike (untextured)	same	plain	coplanar	+0.0000	0.020	0.57	0.00	market	19.0	15.22	-254.2	EconomyHub/MerchantStands/Corner timber . Left	EconomyHub/MerchantStands/Window upright . Left	built+built	SmoothPlastic / SmoothPlastic	
1465	look-alike (untextured)	same	plain	coplanar	+0.0000	0.020	0.51	0.00	Base 4 (pad)	153.2	10.74	-388.8	Bases/Base_4/TreadmillArtV131/Console shell . Top	Bases/Base_4/TreadmillArtV131/Console shell rounded corner . Right	saved+saved	SmoothPlastic / SmoothPlastic	
1466	look-alike (untextured)	same	plain	coplanar	+0.0000	0.020	0.51	0.00	Base 4 (pad)	153.2	10.74	-395.2	Bases/Base_4/TreadmillArtV131/Console shell . Top	Bases/Base_4/TreadmillArtV131/Console shell rounded corner . Right	saved+saved	SmoothPlastic / SmoothPlastic	
1467	look-alike (untextured)	same	plain	coplanar	+0.0000	0.020	0.44	0.00	Base 4 (pad)	168.1	5.91	-386.4	Bases/Base_4/TreadmillArtV131/Rounded chassis . Top	Bases/Base_4/TreadmillArtV131/Rounded chassis rounded corner . Right	saved+saved	SmoothPlastic / SmoothPlastic	
1468	look-alike (untextured)	same	plain	coplanar	+0.0000	0.020	0.44	0.00	Base 4 (pad)	168.1	5.91	-397.6	Bases/Base_4/TreadmillArtV131/Rounded chassis . Top	Bases/Base_4/TreadmillArtV131/Rounded chassis rounded corner . Right	saved+saved	SmoothPlastic / SmoothPlastic	
1469	look-alike (untextured)	same	plain	coplanar	+0.0000	0.020	0.42	0.00	market	-20.5	5.05	-290.2	EconomyHub/MerchantStands/Produce tier . Right	EconomyHub/MerchantStands/Produce tier . Right	built+built	SmoothPlastic / SmoothPlastic	
1470	look-alike (untextured)	same	plain	coplanar	+0.0000	0.020	0.42	0.00	market	25.9	5.05	-290.2	EconomyHub/MerchantStands/Produce tier . Right	EconomyHub/MerchantStands/Produce tier . Right	built+built	SmoothPlastic / SmoothPlastic	
1471	look-alike (untextured)	same	plain	coplanar	+0.0000	0.020	0.42	0.00	market	20.5	5.05	-290.2	EconomyHub/MerchantStands/Produce tier . Left	EconomyHub/MerchantStands/Produce tier . Left	built+built	SmoothPlastic / SmoothPlastic	
1472	look-alike (untextured)	same	plain	coplanar	+0.0000	0.020	0.42	0.00	market	-25.9	5.05	-290.2	EconomyHub/MerchantStands/Produce tier . Left	EconomyHub/MerchantStands/Produce tier . Left	built+built	SmoothPlastic / SmoothPlastic	
1473	look-alike (untextured)	same	plain	coplanar	+0.0000	0.020	0.40	0.00	Base 3 (pad)	-153.2	10.44	-327.9	Bases/Base_3/TreadmillArtV131/Console shell rounded corner . Right	Bases/Base_3/TreadmillArtV131/Console shell . Top	saved+saved	SmoothPlastic / SmoothPlastic	
1474	look-alike (untextured)	same	plain	coplanar	+0.0000	0.020	0.40	0.00	Base 3 (pad)	-153.2	10.44	-320.2	Bases/Base_3/TreadmillArtV131/Console shell rounded corner . Right	Bases/Base_3/TreadmillArtV131/Console shell . Top	saved+saved	SmoothPlastic / SmoothPlastic	
1475	look-alike (untextured)	same	plain	coplanar	+0.0000	0.020	0.40	0.00	Base 1 (pad)	-153.2	10.44	-150.4	Bases/Base_1/TreadmillArtV131/Console shell rounded corner . Right	Bases/Base_1/TreadmillArtV131/Console shell . Top	saved+saved	SmoothPlastic / SmoothPlastic	
1476	look-alike (untextured)	same	plain	coplanar	+0.0000	0.020	0.40	0.00	Base 1 (pad)	-153.2	10.44	-142.7	Bases/Base_1/TreadmillArtV131/Console shell rounded corner . Right	Bases/Base_1/TreadmillArtV131/Console shell . Top	saved+saved	SmoothPlastic / SmoothPlastic	
1477	look-alike (untextured)	same	plain	coplanar	+0.0000	0.020	0.40	0.00	Base 2 (pad)	153.2	10.44	-210.7	Bases/Base_2/TreadmillArtV131/Console shell . Top	Bases/Base_2/TreadmillArtV131/Console shell rounded corner . Right	saved+saved	SmoothPlastic / SmoothPlastic	
1478	look-alike (untextured)	same	plain	coplanar	+0.0000	0.020	0.40	0.00	Base 2 (pad)	153.2	10.44	-218.4	Bases/Base_2/TreadmillArtV131/Console shell . Top	Bases/Base_2/TreadmillArtV131/Console shell rounded corner . Right	saved+saved	SmoothPlastic / SmoothPlastic	
1479	look-alike (untextured)	same	plain	coplanar	+0.0000	0.020	0.40	0.00	Base 4 (pad)	153.2	10.44	-388.2	Bases/Base_4/TreadmillArtV131/Console shell . Top	Bases/Base_4/TreadmillArtV131/Console shell rounded corner . Right	saved+saved	SmoothPlastic / SmoothPlastic	
1480	look-alike (untextured)	same	plain	coplanar	+0.0000	0.020	0.40	0.00	Base 4 (pad)	153.2	10.44	-395.9	Bases/Base_4/TreadmillArtV131/Console shell . Top	Bases/Base_4/TreadmillArtV131/Console shell rounded corner . Right	saved+saved	SmoothPlastic / SmoothPlastic	
1481	look-alike (untextured)	same	plain	coplanar	+0.0000	0.020	0.40	0.00	Base 6 (pad)	43.8	10.44	-430.5	Bases/Base_6/TreadmillArtV131/Console shell rounded corner . Right	Bases/Base_6/TreadmillArtV131/Console shell . Top	saved+saved	SmoothPlastic / SmoothPlastic	
1482	look-alike (untextured)	same	plain	coplanar	+0.0000	0.020	0.40	0.00	Base 6 (pad)	36.2	10.44	-430.5	Bases/Base_6/TreadmillArtV131/Console shell rounded corner . Right	Bases/Base_6/TreadmillArtV131/Console shell . Top	saved+saved	SmoothPlastic / SmoothPlastic	
1483	look-alike (untextured)	same	plain	coplanar	+0.0000	0.020	0.38	0.00	Base 3 (pad)	-153.3	9.84	-327.9	Bases/Base_3/TreadmillArtV131/Console shell rounded corner . Right	Bases/Base_3/TreadmillArtV131/Console shell . Top	saved+saved	SmoothPlastic / SmoothPlastic	
1484	look-alike (untextured)	same	plain	coplanar	+0.0000	0.020	0.38	0.00	Base 3 (pad)	-153.3	9.84	-320.2	Bases/Base_3/TreadmillArtV131/Console shell rounded corner . Right	Bases/Base_3/TreadmillArtV131/Console shell . Top	saved+saved	SmoothPlastic / SmoothPlastic	
1485	look-alike (untextured)	same	plain	coplanar	+0.0000	0.020	0.38	0.00	Base 1 (pad)	-153.3	9.84	-150.4	Bases/Base_1/TreadmillArtV131/Console shell rounded corner . Right	Bases/Base_1/TreadmillArtV131/Console shell . Top	saved+saved	SmoothPlastic / SmoothPlastic	
1486	look-alike (untextured)	same	plain	coplanar	+0.0000	0.020	0.38	0.00	Base 1 (pad)	-153.3	9.84	-142.7	Bases/Base_1/TreadmillArtV131/Console shell rounded corner . Right	Bases/Base_1/TreadmillArtV131/Console shell . Top	saved+saved	SmoothPlastic / SmoothPlastic	
1487	look-alike (untextured)	same	plain	coplanar	+0.0000	0.020	0.38	0.00	Base 2 (pad)	153.3	9.84	-210.7	Bases/Base_2/TreadmillArtV131/Console shell . Top	Bases/Base_2/TreadmillArtV131/Console shell rounded corner . Right	saved+saved	SmoothPlastic / SmoothPlastic	
1488	look-alike (untextured)	same	plain	coplanar	+0.0000	0.020	0.38	0.00	Base 2 (pad)	153.3	9.84	-218.4	Bases/Base_2/TreadmillArtV131/Console shell . Top	Bases/Base_2/TreadmillArtV131/Console shell rounded corner . Right	saved+saved	SmoothPlastic / SmoothPlastic	
1489	look-alike (untextured)	same	plain	coplanar	+0.0000	0.020	0.38	0.00	Base 4 (pad)	153.3	9.84	-388.2	Bases/Base_4/TreadmillArtV131/Console shell . Top	Bases/Base_4/TreadmillArtV131/Console shell rounded corner . Right	saved+saved	SmoothPlastic / SmoothPlastic	
1490	look-alike (untextured)	same	plain	coplanar	+0.0000	0.020	0.38	0.00	Base 4 (pad)	153.3	9.84	-395.9	Bases/Base_4/TreadmillArtV131/Console shell . Top	Bases/Base_4/TreadmillArtV131/Console shell rounded corner . Right	saved+saved	SmoothPlastic / SmoothPlastic	
1491	look-alike (untextured)	same	plain	coplanar	+0.0000	0.020	0.38	0.00	Base 5 (pad)	-104.2	9.84	-430.7	Bases/Base_5/TreadmillArtV131/Console shell . Top	Bases/Base_5/TreadmillArtV131/Console shell rounded corner . Right	saved+saved	SmoothPlastic / SmoothPlastic	
1492	look-alike (untextured)	same	plain	coplanar	+0.0000	0.020	0.38	0.00	Base 5 (pad)	-111.8	9.84	-430.7	Bases/Base_5/TreadmillArtV131/Console shell . Top	Bases/Base_5/TreadmillArtV131/Console shell rounded corner . Right	saved+saved	SmoothPlastic / SmoothPlastic	
1493	look-alike (untextured)	same	plain	coplanar	+0.0000	0.020	0.38	0.00	Base 6 (pad)	43.8	9.84	-430.7	Bases/Base_6/TreadmillArtV131/Console shell . Top	Bases/Base_6/TreadmillArtV131/Console shell rounded corner . Right	saved+saved	SmoothPlastic / SmoothPlastic	
1494	look-alike (untextured)	same	plain	coplanar	+0.0000	0.020	0.38	0.00	Base 6 (pad)	36.2	9.84	-430.7	Bases/Base_6/TreadmillArtV131/Console shell . Top	Bases/Base_6/TreadmillArtV131/Console shell rounded corner . Right	saved+saved	SmoothPlastic / SmoothPlastic	
1495	look-alike (untextured)	same	plain	coplanar	+0.0000	0.020	0.36	0.00	Base 5 (pad)	-104.2	10.44	-430.5	Bases/Base_5/TreadmillArtV131/Console shell rounded corner . Right	Bases/Base_5/TreadmillArtV131/Console shell . Top	saved+saved	SmoothPlastic / SmoothPlastic	
1496	look-alike (untextured)	same	plain	coplanar	+0.0000	0.020	0.36	0.00	Base 5 (pad)	-111.8	10.44	-430.5	Bases/Base_5/TreadmillArtV131/Console shell rounded corner . Right	Bases/Base_5/TreadmillArtV131/Console shell . Top	saved+saved	SmoothPlastic / SmoothPlastic	
1497	look-alike (untextured)	same	plain	coplanar	+0.0000	0.020	0.19	0.00	Base 2 (pad)	151.9	5.91	-208.9	Bases/Base_2/TreadmillArtV131/Rounded chassis . Top	Bases/Base_2/TreadmillArtV131/Rounded chassis rounded corner . Right	saved+saved	SmoothPlastic / SmoothPlastic	
1498	look-alike (untextured)	same	plain	coplanar	+0.0000	0.020	0.19	0.00	Base 2 (pad)	151.9	5.91	-220.2	Bases/Base_2/TreadmillArtV131/Rounded chassis . Top	Bases/Base_2/TreadmillArtV131/Rounded chassis rounded corner . Right	saved+saved	SmoothPlastic / SmoothPlastic	
1499	look-alike (untextured)	same	plain	coplanar	+0.0000	0.020	0.17	0.00	market	-20.5	4.53	-291.6	EconomyHub/MerchantStands/Produce tier . Right	EconomyHub/MerchantStands/Produce tier . Right	built+built	SmoothPlastic / SmoothPlastic	
1500	look-alike (untextured)	same	plain	coplanar	+0.0000	0.020	0.17	0.00	market	25.9	4.53	-291.6	EconomyHub/MerchantStands/Produce tier . Right	EconomyHub/MerchantStands/Produce tier . Right	built+built	SmoothPlastic / SmoothPlastic	
1501	look-alike (untextured)	same	plain	coplanar	+0.0000	0.020	0.17	0.00	market	20.5	4.53	-291.6	EconomyHub/MerchantStands/Produce tier . Left	EconomyHub/MerchantStands/Produce tier . Left	built+built	SmoothPlastic / SmoothPlastic	
1502	look-alike (untextured)	same	plain	coplanar	+0.0000	0.020	0.17	0.00	market	-25.9	4.53	-291.6	EconomyHub/MerchantStands/Produce tier . Left	EconomyHub/MerchantStands/Produce tier . Left	built+built	SmoothPlastic / SmoothPlastic	
1503	look-alike (untextured)	same	plain	coplanar	+0.0000	0.020	0.16	0.00	trampoline nook	317.3	4.94	-267.9	HubTrampolines153/Trampoline Desert/Trampoline frame . Top	HubTrampolines153/Trampoline Desert/Trampoline frame . Top	built+built	SmoothPlastic / SmoothPlastic	
1504	look-alike (untextured)	same	plain	coplanar	+0.0000	0.020	0.16	0.00	trampoline nook	317.3	4.94	-270.1	HubTrampolines153/Trampoline Desert/Trampoline frame . Top	HubTrampolines153/Trampoline Desert/Trampoline frame . Top	built+built	SmoothPlastic / SmoothPlastic	
1505	look-alike (untextured)	same	plain	coplanar	+0.0000	0.020	0.16	0.00	trampoline nook	316.5	4.94	-266.0	HubTrampolines153/Trampoline Desert/Trampoline frame . Top	HubTrampolines153/Trampoline Desert/Trampoline frame . Top	built+built	SmoothPlastic / SmoothPlastic	
1506	look-alike (untextured)	same	plain	coplanar	+0.0000	0.020	0.16	0.00	trampoline nook	315.0	4.94	-264.5	HubTrampolines153/Trampoline Desert/Trampoline frame . Top	HubTrampolines153/Trampoline Desert/Trampoline frame . Top	built+built	SmoothPlastic / SmoothPlastic	
1507	look-alike (untextured)	same	plain	coplanar	+0.0000	0.020	0.16	0.00	trampoline nook	313.1	4.94	-263.7	HubTrampolines153/Trampoline Desert/Trampoline frame . Top	HubTrampolines153/Trampoline Desert/Trampoline frame . Top	built+built	SmoothPlastic / SmoothPlastic	
1508	look-alike (untextured)	same	plain	coplanar	+0.0000	0.020	0.16	0.00	trampoline nook	310.9	4.94	-263.7	HubTrampolines153/Trampoline Desert/Trampoline frame . Top	HubTrampolines153/Trampoline Desert/Trampoline frame . Top	built+built	SmoothPlastic / SmoothPlastic	
1509	look-alike (untextured)	same	plain	coplanar	+0.0000	0.020	0.16	0.00	trampoline nook	309.0	4.94	-264.5	HubTrampolines153/Trampoline Desert/Trampoline frame . Top	HubTrampolines153/Trampoline Desert/Trampoline frame . Top	built+built	SmoothPlastic / SmoothPlastic	
1510	look-alike (untextured)	same	plain	coplanar	+0.0000	0.020	0.16	0.00	trampoline nook	307.5	4.94	-266.0	HubTrampolines153/Trampoline Desert/Trampoline frame . Top	HubTrampolines153/Trampoline Desert/Trampoline frame . Top	built+built	SmoothPlastic / SmoothPlastic	
1511	look-alike (untextured)	same	plain	coplanar	+0.0000	0.020	0.16	0.00	trampoline nook	306.7	4.94	-267.9	HubTrampolines153/Trampoline Desert/Trampoline frame . Top	HubTrampolines153/Trampoline Desert/Trampoline frame . Top	built+built	SmoothPlastic / SmoothPlastic	
1512	look-alike (untextured)	same	plain	coplanar	+0.0000	0.020	0.16	0.00	trampoline nook	306.7	4.94	-270.1	HubTrampolines153/Trampoline Desert/Trampoline frame . Top	HubTrampolines153/Trampoline Desert/Trampoline frame . Top	built+built	SmoothPlastic / SmoothPlastic	
1513	look-alike (untextured)	same	plain	coplanar	+0.0000	0.020	0.16	0.00	trampoline nook	307.5	4.94	-272.0	HubTrampolines153/Trampoline Desert/Trampoline frame . Top	HubTrampolines153/Trampoline Desert/Trampoline frame . Top	built+built	SmoothPlastic / SmoothPlastic	
1514	look-alike (untextured)	same	plain	coplanar	+0.0000	0.020	0.16	0.00	trampoline nook	309.0	4.94	-273.5	HubTrampolines153/Trampoline Desert/Trampoline frame . Top	HubTrampolines153/Trampoline Desert/Trampoline frame . Top	built+built	SmoothPlastic / SmoothPlastic	
1515	look-alike (untextured)	same	plain	coplanar	+0.0000	0.020	0.16	0.00	trampoline nook	310.9	4.94	-274.3	HubTrampolines153/Trampoline Desert/Trampoline frame . Top	HubTrampolines153/Trampoline Desert/Trampoline frame . Top	built+built	SmoothPlastic / SmoothPlastic	
1516	look-alike (untextured)	same	plain	coplanar	+0.0000	0.020	0.16	0.00	trampoline nook	313.1	4.94	-274.3	HubTrampolines153/Trampoline Desert/Trampoline frame . Top	HubTrampolines153/Trampoline Desert/Trampoline frame . Top	built+built	SmoothPlastic / SmoothPlastic	
1517	look-alike (untextured)	same	plain	coplanar	+0.0000	0.020	0.16	0.00	trampoline nook	315.0	4.94	-273.5	HubTrampolines153/Trampoline Desert/Trampoline frame . Top	HubTrampolines153/Trampoline Desert/Trampoline frame . Top	built+built	SmoothPlastic / SmoothPlastic	
1518	look-alike (untextured)	same	plain	coplanar	+0.0000	0.020	0.16	0.00	trampoline nook	316.5	4.94	-272.0	HubTrampolines153/Trampoline Desert/Trampoline frame . Top	HubTrampolines153/Trampoline Desert/Trampoline frame . Top	built+built	SmoothPlastic / SmoothPlastic	
1519	look-alike (untextured)	same	plain	coplanar	+0.0000	0.020	0.16	0.00	trampoline nook	-306.7	4.94	-267.9	HubTrampolines153/Trampoline Lava/Trampoline frame . Top	HubTrampolines153/Trampoline Lava/Trampoline frame . Top	built+built	SmoothPlastic / SmoothPlastic	
1520	look-alike (untextured)	same	plain	coplanar	+0.0000	0.020	0.16	0.00	trampoline nook	-306.7	4.94	-270.1	HubTrampolines153/Trampoline Lava/Trampoline frame . Top	HubTrampolines153/Trampoline Lava/Trampoline frame . Top	built+built	SmoothPlastic / SmoothPlastic	
1521	look-alike (untextured)	same	plain	coplanar	+0.0000	0.020	0.16	0.00	trampoline nook	-307.5	4.94	-266.0	HubTrampolines153/Trampoline Lava/Trampoline frame . Top	HubTrampolines153/Trampoline Lava/Trampoline frame . Top	built+built	SmoothPlastic / SmoothPlastic	
1522	look-alike (untextured)	same	plain	coplanar	+0.0000	0.020	0.16	0.00	trampoline nook	-309.0	4.94	-264.5	HubTrampolines153/Trampoline Lava/Trampoline frame . Top	HubTrampolines153/Trampoline Lava/Trampoline frame . Top	built+built	SmoothPlastic / SmoothPlastic	
1523	look-alike (untextured)	same	plain	coplanar	+0.0000	0.020	0.16	0.00	trampoline nook	-310.9	4.94	-263.7	HubTrampolines153/Trampoline Lava/Trampoline frame . Top	HubTrampolines153/Trampoline Lava/Trampoline frame . Top	built+built	SmoothPlastic / SmoothPlastic	
1524	look-alike (untextured)	same	plain	coplanar	+0.0000	0.020	0.16	0.00	trampoline nook	-313.1	4.94	-263.7	HubTrampolines153/Trampoline Lava/Trampoline frame . Top	HubTrampolines153/Trampoline Lava/Trampoline frame . Top	built+built	SmoothPlastic / SmoothPlastic	
1525	look-alike (untextured)	same	plain	coplanar	+0.0000	0.020	0.16	0.00	trampoline nook	-315.0	4.94	-264.5	HubTrampolines153/Trampoline Lava/Trampoline frame . Top	HubTrampolines153/Trampoline Lava/Trampoline frame . Top	built+built	SmoothPlastic / SmoothPlastic	
1526	look-alike (untextured)	same	plain	coplanar	+0.0000	0.020	0.16	0.00	trampoline nook	-316.5	4.94	-266.0	HubTrampolines153/Trampoline Lava/Trampoline frame . Top	HubTrampolines153/Trampoline Lava/Trampoline frame . Top	built+built	SmoothPlastic / SmoothPlastic	
1527	look-alike (untextured)	same	plain	coplanar	+0.0000	0.020	0.16	0.00	trampoline nook	-317.3	4.94	-267.9	HubTrampolines153/Trampoline Lava/Trampoline frame . Top	HubTrampolines153/Trampoline Lava/Trampoline frame . Top	built+built	SmoothPlastic / SmoothPlastic	
1528	look-alike (untextured)	same	plain	coplanar	+0.0000	0.020	0.16	0.00	trampoline nook	-317.3	4.94	-270.1	HubTrampolines153/Trampoline Lava/Trampoline frame . Top	HubTrampolines153/Trampoline Lava/Trampoline frame . Top	built+built	SmoothPlastic / SmoothPlastic	
1529	look-alike (untextured)	same	plain	coplanar	+0.0000	0.020	0.16	0.00	trampoline nook	-316.5	4.94	-272.0	HubTrampolines153/Trampoline Lava/Trampoline frame . Top	HubTrampolines153/Trampoline Lava/Trampoline frame . Top	built+built	SmoothPlastic / SmoothPlastic	
1530	look-alike (untextured)	same	plain	coplanar	+0.0000	0.020	0.16	0.00	trampoline nook	-315.0	4.94	-273.5	HubTrampolines153/Trampoline Lava/Trampoline frame . Top	HubTrampolines153/Trampoline Lava/Trampoline frame . Top	built+built	SmoothPlastic / SmoothPlastic	
1531	look-alike (untextured)	same	plain	coplanar	+0.0000	0.020	0.16	0.00	trampoline nook	-313.1	4.94	-274.3	HubTrampolines153/Trampoline Lava/Trampoline frame . Top	HubTrampolines153/Trampoline Lava/Trampoline frame . Top	built+built	SmoothPlastic / SmoothPlastic	
1532	look-alike (untextured)	same	plain	coplanar	+0.0000	0.020	0.16	0.00	trampoline nook	-310.9	4.94	-274.3	HubTrampolines153/Trampoline Lava/Trampoline frame . Top	HubTrampolines153/Trampoline Lava/Trampoline frame . Top	built+built	SmoothPlastic / SmoothPlastic	
1533	look-alike (untextured)	same	plain	coplanar	+0.0000	0.020	0.16	0.00	trampoline nook	-309.0	4.94	-273.5	HubTrampolines153/Trampoline Lava/Trampoline frame . Top	HubTrampolines153/Trampoline Lava/Trampoline frame . Top	built+built	SmoothPlastic / SmoothPlastic	
1534	look-alike (untextured)	same	plain	coplanar	+0.0000	0.020	0.16	0.00	trampoline nook	-307.5	4.94	-272.0	HubTrampolines153/Trampoline Lava/Trampoline frame . Top	HubTrampolines153/Trampoline Lava/Trampoline frame . Top	built+built	SmoothPlastic / SmoothPlastic	
1535	look-alike (untextured)	same	plain	coplanar	+0.0000	0.020	0.15	0.00	Market square	0.0	31.67	-247.9	EconomyHub/MerchantStands/Gable edge trim . Back	EconomyHub/MerchantStands/Gable edge trim . Back	built+built	SmoothPlastic / SmoothPlastic	
1536	look-alike (untextured)	same	plain	coplanar	+0.0000	0.020	0.15	0.00	Market square	0.0	31.67	-290.6	EconomyHub/MerchantStands/Gable edge trim . Front	EconomyHub/MerchantStands/Gable edge trim . Front	built+built	SmoothPlastic / SmoothPlastic	
1537	look-alike (untextured)	same	plain	coplanar	+0.0000	0.020	0.11	0.00	Base 3 (pad)	-152.3	10.57	-327.2	Bases/Base_3/TreadmillArtV131/Console shell . Bottom	Bases/Base_3/TreadmillArtV131/Console shell rounded corner . Left	saved+saved	SmoothPlastic / SmoothPlastic	
1538	look-alike (untextured)	same	plain	coplanar	+0.0000	0.020	0.11	0.00	Base 3 (pad)	-152.3	10.57	-320.8	Bases/Base_3/TreadmillArtV131/Console shell . Bottom	Bases/Base_3/TreadmillArtV131/Console shell rounded corner . Left	saved+saved	SmoothPlastic / SmoothPlastic	
1539	look-alike (untextured)	same	plain	coplanar	+0.0000	0.020	0.11	0.00	Base 1 (pad)	-152.3	10.57	-149.7	Bases/Base_1/TreadmillArtV131/Console shell . Bottom	Bases/Base_1/TreadmillArtV131/Console shell rounded corner . Left	saved+saved	SmoothPlastic / SmoothPlastic	
1540	look-alike (untextured)	same	plain	coplanar	+0.0000	0.020	0.11	0.00	Base 1 (pad)	-152.3	10.57	-143.3	Bases/Base_1/TreadmillArtV131/Console shell . Bottom	Bases/Base_1/TreadmillArtV131/Console shell rounded corner . Left	saved+saved	SmoothPlastic / SmoothPlastic	
1541	look-alike (untextured)	same	plain	coplanar	+0.0000	0.020	0.11	0.00	Base 6 (pad)	43.2	10.57	-429.6	Bases/Base_6/TreadmillArtV131/Console shell . Bottom	Bases/Base_6/TreadmillArtV131/Console shell rounded corner . Left	saved+saved	SmoothPlastic / SmoothPlastic	
1542	look-alike (untextured)	same	plain	coplanar	+0.0000	0.020	0.11	0.00	Base 6 (pad)	36.8	10.57	-429.6	Bases/Base_6/TreadmillArtV131/Console shell . Bottom	Bases/Base_6/TreadmillArtV131/Console shell rounded corner . Left	saved+saved	SmoothPlastic / SmoothPlastic	
1543	look-alike (untextured)	same	plain	coplanar	+0.0000	0.020	0.09	0.00	Market square	36.0	7.03	-252.0	HubLife151/Cell 0:-3/fine/Butterfly wing . Top	HubLife151/Cell 0:-3/fine/Butterfly wing . Top	built+built	SmoothPlastic / SmoothPlastic	
1544	look-alike (untextured)	same	plain	coplanar	+0.0000	0.020	0.09	0.00	Lane nook	0.0	7.03	-592.0	HubLife151/Cell 0:-6/fine/Butterfly wing . Top	HubLife151/Cell 0:-6/fine/Butterfly wing . Top	built+built	SmoothPlastic / SmoothPlastic	
1545	look-alike (untextured)	same	plain	coplanar	+0.0000	0.020	0.09	0.00	Corner circle	-118.0	7.03	-409.0	HubLife151/Cell -2:-5/fine/Butterfly wing . Top	HubLife151/Cell -2:-5/fine/Butterfly wing . Top	built+built	SmoothPlastic / SmoothPlastic	
1546	look-alike (untextured)	same	plain	coplanar	+0.0000	0.020	0.09	0.00	Corner circle	118.0	8.03	-161.0	HubLife151/Cell 1:-2/fine/Butterfly wing . Top	HubLife151/Cell 1:-2/fine/Butterfly wing . Top	built+built	SmoothPlastic / SmoothPlastic	
1547	look-alike (untextured)	same	plain	coplanar	+0.0000	0.020	0.09	0.00	lawn / floor 29 studs from Curb	60.0	8.03	-196.0	HubLife151/Cell 0:-2/fine/Butterfly wing . Top	HubLife151/Cell 0:-2/fine/Butterfly wing . Top	built+built	SmoothPlastic / SmoothPlastic	
1548	look-alike (untextured)	same	plain	coplanar	+0.0000	0.020	0.09	0.00	Market square	-36.0	8.03	-300.0	HubLife151/Cell -1:-3/fine/Butterfly wing . Top	HubLife151/Cell -1:-3/fine/Butterfly wing . Top	built+built	SmoothPlastic / SmoothPlastic	
1549	look-alike (untextured)	same	plain	coplanar	+0.0000	0.020	0.09	0.00	lawn / floor 21 studs from Curb	70.0	8.03	-382.0	HubLife151/Cell 0:-4/fine/Butterfly wing . Top	HubLife151/Cell 0:-4/fine/Butterfly wing . Top	built+built	SmoothPlastic / SmoothPlastic	
1550	look-alike (untextured)	same	plain	coplanar	+0.0000	0.020	0.09	0.00	trampoline nook	312.0	8.03	-266.0	HubLife151/Cell 3:-3/fine/Butterfly wing . Top	HubLife151/Cell 3:-3/fine/Butterfly wing . Top	built+built	SmoothPlastic / SmoothPlastic	
1551	look-alike (untextured)	same	plain	coplanar	+0.0000	0.020	0.09	0.00	trampoline nook	-312.0	8.03	-272.0	HubLife151/Cell -4:-3/fine/Butterfly wing . Top	HubLife151/Cell -4:-3/fine/Butterfly wing . Top	built+built	SmoothPlastic / SmoothPlastic	
1552	look-alike (untextured)	same	plain	coplanar	+0.0000	0.020	0.09	0.00	lawn / floor 31 studs from Curb	-60.0	9.03	-198.0	HubLife151/Cell -1:-2/fine/Butterfly wing . Top	HubLife151/Cell -1:-2/fine/Butterfly wing . Top	built+built	SmoothPlastic / SmoothPlastic	
1553	look-alike (untextured)	same	plain	coplanar	+0.0000	0.020	0.09	0.00	lawn / floor 18 studs from Curb	90.0	9.03	-240.0	HubLife151/Cell 0:-3/fine/Butterfly wing . Top	HubLife151/Cell 0:-3/fine/Butterfly wing . Top	built+built	SmoothPlastic / SmoothPlastic	
1554	look-alike (untextured)	same	plain	coplanar	+0.0000	0.020	0.09	0.00	lawn / floor 27 studs from Curb	-70.0	9.03	-376.0	HubLife151/Cell -1:-4/fine/Butterfly wing . Top	HubLife151/Cell -1:-4/fine/Butterfly wing . Top	built+built	SmoothPlastic / SmoothPlastic	
1555	look-alike (untextured)	same	plain	coplanar	+0.0000	0.020	0.09	0.00	lawn / floor 31 studs from Curb	-60.0	8.97	-198.0	HubLife151/Cell -1:-2/fine/Butterfly wing . Bottom	HubLife151/Cell -1:-2/fine/Butterfly wing . Bottom	built+built	SmoothPlastic / SmoothPlastic	
1556	look-alike (untextured)	same	plain	coplanar	+0.0000	0.020	0.09	0.00	lawn / floor 18 studs from Curb	90.0	8.97	-240.0	HubLife151/Cell 0:-3/fine/Butterfly wing . Bottom	HubLife151/Cell 0:-3/fine/Butterfly wing . Bottom	built+built	SmoothPlastic / SmoothPlastic	
1557	look-alike (untextured)	same	plain	coplanar	+0.0000	0.020	0.09	0.00	lawn / floor 27 studs from Curb	-70.0	8.97	-376.0	HubLife151/Cell -1:-4/fine/Butterfly wing . Bottom	HubLife151/Cell -1:-4/fine/Butterfly wing . Bottom	built+built	SmoothPlastic / SmoothPlastic	
1558	look-alike (untextured)	same	plain	coplanar	+0.0000	0.020	0.09	0.00	Corner circle	118.0	7.97	-161.0	HubLife151/Cell 1:-2/fine/Butterfly wing . Bottom	HubLife151/Cell 1:-2/fine/Butterfly wing . Bottom	built+built	SmoothPlastic / SmoothPlastic	
1559	look-alike (untextured)	same	plain	coplanar	+0.0000	0.020	0.09	0.00	Market square	-36.0	7.97	-300.0	HubLife151/Cell -1:-3/fine/Butterfly wing . Bottom	HubLife151/Cell -1:-3/fine/Butterfly wing . Bottom	built+built	SmoothPlastic / SmoothPlastic	
1560	look-alike (untextured)	same	plain	coplanar	+0.0000	0.020	0.09	0.00	lawn / floor 21 studs from Curb	70.0	7.97	-382.0	HubLife151/Cell 0:-4/fine/Butterfly wing . Bottom	HubLife151/Cell 0:-4/fine/Butterfly wing . Bottom	built+built	SmoothPlastic / SmoothPlastic	
1561	look-alike (untextured)	same	plain	coplanar	+0.0000	0.020	0.09	0.00	trampoline nook	312.0	7.97	-266.0	HubLife151/Cell 3:-3/fine/Butterfly wing . Bottom	HubLife151/Cell 3:-3/fine/Butterfly wing . Bottom	built+built	SmoothPlastic / SmoothPlastic	
1562	look-alike (untextured)	same	plain	coplanar	+0.0000	0.020	0.09	0.00	trampoline nook	-312.0	7.97	-272.0	HubLife151/Cell -4:-3/fine/Butterfly wing . Bottom	HubLife151/Cell -4:-3/fine/Butterfly wing . Bottom	built+built	SmoothPlastic / SmoothPlastic	
1563	look-alike (untextured)	same	plain	coplanar	+0.0000	0.020	0.09	0.00	Market square	36.0	6.97	-252.0	HubLife151/Cell 0:-3/fine/Butterfly wing . Bottom	HubLife151/Cell 0:-3/fine/Butterfly wing . Bottom	built+built	SmoothPlastic / SmoothPlastic	
1564	look-alike (untextured)	same	plain	coplanar	+0.0000	0.020	0.09	0.00	Lane nook	0.0	6.97	-592.0	HubLife151/Cell 0:-6/fine/Butterfly wing . Bottom	HubLife151/Cell 0:-6/fine/Butterfly wing . Bottom	built+built	SmoothPlastic / SmoothPlastic	
1565	look-alike (untextured)	same	plain	coplanar	+0.0000	0.020	0.08	0.00	track gate	90.6	2.63	-100.0	KeyboardTrackVisuals/Bed/RimEnd . Right	KeyboardTrackVisuals/Bed/Rim . Right	built+built	SmoothPlastic / SmoothPlastic	
1566	look-alike (untextured)	same	plain	coplanar	+0.0000	0.020	0.08	0.00	track gate	-90.6	2.63	-100.0	KeyboardTrackVisuals/Bed/RimEnd . Left	KeyboardTrackVisuals/Bed/Rim . Left	built+built	SmoothPlastic / SmoothPlastic	
1567	look-alike (untextured)	same	plain	coplanar	+0.0000	0.020	0.07	0.00	Corner circle	-118.0	6.97	-409.0	HubLife151/Cell -2:-5/fine/Butterfly wing . Bottom	HubLife151/Cell -2:-5/fine/Butterfly wing . Bottom	built+built	SmoothPlastic / SmoothPlastic	
1568	look-alike (untextured)	same	plain	coplanar	+0.0000	0.020	0.06	0.00	lawn / floor 29 studs from Curb	60.0	7.97	-196.0	HubLife151/Cell 0:-2/fine/Butterfly wing . Bottom	HubLife151/Cell 0:-2/fine/Butterfly wing . Bottom	built+built	SmoothPlastic / SmoothPlastic	
1569	look-alike (untextured)	same	plain	coplanar	+0.0000	0.020	0.05	0.00	Market square	0.0	31.67	-289.7	EconomyHub/MerchantStands/Gable edge trim . Back	EconomyHub/MerchantStands/Gable edge trim . Back	built+built	SmoothPlastic / SmoothPlastic	
1570	look-alike (untextured)	same	plain	coplanar	+0.0000	0.020	0.05	0.00	Market square	0.0	31.67	-248.8	EconomyHub/MerchantStands/Gable edge trim . Front	EconomyHub/MerchantStands/Gable edge trim . Front	built+built	SmoothPlastic / SmoothPlastic	
1571	look-alike (untextured)	same	plain	coplanar	+0.0000	0.020	0.03	0.00	Base 3 (pad)	-153.3	10.14	-327.5	Bases/Base_3/TreadmillArtV131/Console shell rounded corner . Right	Bases/Base_3/TreadmillArtV131/Console shell rounded corner . Right	saved+saved	SmoothPlastic / SmoothPlastic	
1572	look-alike (untextured)	same	plain	coplanar	+0.0000	0.020	0.03	0.00	Base 3 (pad)	-153.3	10.14	-320.5	Bases/Base_3/TreadmillArtV131/Console shell rounded corner . Right	Bases/Base_3/TreadmillArtV131/Console shell rounded corner . Right	saved+saved	SmoothPlastic / SmoothPlastic	
1573	look-alike (untextured)	same	plain	coplanar	+0.0000	0.020	0.03	0.00	Base 1 (pad)	-153.3	10.14	-150.1	Bases/Base_1/TreadmillArtV131/Console shell rounded corner . Right	Bases/Base_1/TreadmillArtV131/Console shell rounded corner . Right	saved+saved	SmoothPlastic / SmoothPlastic	
1574	look-alike (untextured)	same	plain	coplanar	+0.0000	0.020	0.03	0.00	Base 1 (pad)	-153.3	10.14	-143.0	Bases/Base_1/TreadmillArtV131/Console shell rounded corner . Right	Bases/Base_1/TreadmillArtV131/Console shell rounded corner . Right	saved+saved	SmoothPlastic / SmoothPlastic	
1575	look-alike (untextured)	same	plain	coplanar	+0.0000	0.020	0.03	0.00	Base 2 (pad)	153.3	10.14	-211.0	Bases/Base_2/TreadmillArtV131/Console shell rounded corner . Right	Bases/Base_2/TreadmillArtV131/Console shell rounded corner . Right	saved+saved	SmoothPlastic / SmoothPlastic	
1576	look-alike (untextured)	same	plain	coplanar	+0.0000	0.020	0.03	0.00	Base 2 (pad)	153.3	10.14	-218.1	Bases/Base_2/TreadmillArtV131/Console shell rounded corner . Right	Bases/Base_2/TreadmillArtV131/Console shell rounded corner . Right	saved+saved	SmoothPlastic / SmoothPlastic	
1577	look-alike (untextured)	same	plain	coplanar	+0.0000	0.020	0.03	0.00	Base 4 (pad)	153.3	10.14	-388.5	Bases/Base_4/TreadmillArtV131/Console shell rounded corner . Right	Bases/Base_4/TreadmillArtV131/Console shell rounded corner . Right	saved+saved	SmoothPlastic / SmoothPlastic	
1578	look-alike (untextured)	same	plain	coplanar	+0.0000	0.020	0.03	0.00	Base 4 (pad)	153.3	10.14	-395.5	Bases/Base_4/TreadmillArtV131/Console shell rounded corner . Right	Bases/Base_4/TreadmillArtV131/Console shell rounded corner . Right	saved+saved	SmoothPlastic / SmoothPlastic	
1579	look-alike (untextured)	same	plain	coplanar	+0.0000	0.020	0.03	0.00	Base 5 (pad)	-104.5	10.14	-430.6	Bases/Base_5/TreadmillArtV131/Console shell rounded corner . Right	Bases/Base_5/TreadmillArtV131/Console shell rounded corner . Right	saved+saved	SmoothPlastic / SmoothPlastic	
1580	look-alike (untextured)	same	plain	coplanar	+0.0000	0.020	0.03	0.00	Base 5 (pad)	-111.5	10.14	-430.6	Bases/Base_5/TreadmillArtV131/Console shell rounded corner . Right	Bases/Base_5/TreadmillArtV131/Console shell rounded corner . Right	saved+saved	SmoothPlastic / SmoothPlastic	
1581	look-alike (untextured)	same	plain	coplanar	+0.0000	0.020	0.03	0.00	Base 6 (pad)	43.5	10.14	-430.6	Bases/Base_6/TreadmillArtV131/Console shell rounded corner . Right	Bases/Base_6/TreadmillArtV131/Console shell rounded corner . Right	saved+saved	SmoothPlastic / SmoothPlastic	
1582	look-alike (untextured)	same	plain	coplanar	+0.0000	0.020	0.03	0.00	Base 6 (pad)	36.5	10.14	-430.6	Bases/Base_6/TreadmillArtV131/Console shell rounded corner . Right	Bases/Base_6/TreadmillArtV131/Console shell rounded corner . Right	saved+saved	SmoothPlastic / SmoothPlastic	
1583	look-alike (untextured)	same	plain	coplanar	+0.0000	0.020	0.02	0.00	hub display (best pull)	225.4	35.59	-526.3	HubDisplays151/BestPullDisplay/Item/GiantItem/Pepper stem . Right	HubDisplays151/BestPullDisplay/Item/GiantItem/Pepper stem . Right	built+built	SmoothPlastic / SmoothPlastic	
1584	look-alike (untextured)	same	plain	coplanar	+0.0000	0.020	0.02	0.00	hub display (best pull)	225.2	35.59	-526.0	HubDisplays151/BestPullDisplay/Item/GiantItem/Pepper stem . Left	HubDisplays151/BestPullDisplay/Item/GiantItem/Pepper stem . Left	built+built	SmoothPlastic / SmoothPlastic	
1585	new after	new: depth-safe (+0.124)	look	strict	+0.1240	0.020	5.50	5.50	lawn / floor 5 studs from Corner circle	-133.7	4.17	-143.2	HubLife151/Cell -2:-2/core/Grass patch . Right	_WeatherWorldR149/Snow patches/Snow patch . Right	built+built	Grass / SmoothPlastic	
1586	new after	new: tight (+0.050)	texture	strict	+0.0500	0.020	0.11	0.01	lawn / floor 1 studs from Market square	53.0	16.00	-236.0	HubLife151/Cell 0:-3/core/Lamp cap . Bottom	HubLife151/Cell 0:-3/core/Lamp arm . Bottom	built+built	Metal / Metal	
1587	new after	new: tight (+0.050)	texture	strict	+0.0500	0.020	0.11	0.01	lawn / floor 5 studs from Market square	57.0	16.00	-236.0	HubLife151/Cell 0:-3/core/Lamp cap . Bottom	HubLife151/Cell 0:-3/core/Lamp arm . Bottom	built+built	Metal / Metal	
1588	new after	new: tight (+0.050)	texture	strict	+0.0500	0.020	0.11	0.01	lawn / floor 5 studs from Market square	-57.0	16.00	-236.0	HubLife151/Cell -1:-3/core/Lamp cap . Bottom	HubLife151/Cell -1:-3/core/Lamp arm . Bottom	built+built	Metal / Metal	
1589	new after	new: tight (+0.050)	texture	strict	+0.0500	0.020	0.11	0.01	lawn / floor 1 studs from Market square	-53.0	16.00	-236.0	HubLife151/Cell -1:-3/core/Lamp cap . Bottom	HubLife151/Cell -1:-3/core/Lamp arm . Bottom	built+built	Metal / Metal	
1590	new after	new: tight (+0.050)	texture	strict	+0.0500	0.020	0.11	0.01	lawn / floor 1 studs from Market square	53.0	16.00	-308.0	HubLife151/Cell 0:-4/core/Lamp cap . Bottom	HubLife151/Cell 0:-4/core/Lamp arm . Bottom	built+built	Metal / Metal	
1591	new after	new: tight (+0.050)	texture	strict	+0.0500	0.020	0.11	0.01	lawn / floor 5 studs from Market square	57.0	16.00	-308.0	HubLife151/Cell 0:-4/core/Lamp cap . Bottom	HubLife151/Cell 0:-4/core/Lamp arm . Bottom	built+built	Metal / Metal	
1592	new after	new: tight (+0.050)	texture	strict	+0.0500	0.020	0.11	0.01	lawn / floor 5 studs from Market square	-57.0	16.00	-308.0	HubLife151/Cell -1:-4/core/Lamp cap . Bottom	HubLife151/Cell -1:-4/core/Lamp arm . Bottom	built+built	Metal / Metal	
1593	new after	new: tight (+0.050)	texture	strict	+0.0500	0.020	0.11	0.01	lawn / floor 1 studs from Market square	-53.0	16.00	-308.0	HubLife151/Cell -1:-4/core/Lamp cap . Bottom	HubLife151/Cell -1:-4/core/Lamp arm . Bottom	built+built	Metal / Metal	
