#MAXLUCK	5000000	#BOOT	5,50,2000,100000,5000000
ODDS	111	1	Pack01	1	SunflowerSeed	Common	58.666666666666664
ODDS	111	1	Pack01	1	BluebellSeed	Uncommon	25
ODDS	111	1	Pack01	1	AppleSeed	Rare	6.25
ODDS	111	1	Pack01	1	MooncapSeed	Rare	6.25
ODDS	111	1	Pack01	1	SunflowerBloomSeed	Legendary	3.3333333333333335
ODDS	111	1	Pack01	1	ElderbloomSeed	Mythic	0.5
ODDS	81	1	Pack01	1	SunflowerSeed	Common	55
ODDS	81	1	Pack01	1	BluebellSeed	Uncommon	26
ODDS	81	1	Pack01	1	AppleSeed	Rare	6.5
ODDS	81	1	Pack01	1	MooncapSeed	Rare	6.5
ODDS	81	1	Pack01	1	SunflowerBloomSeed	Legendary	4
ODDS	81	1	Pack01	1	ElderbloomSeed	Mythic	2
ODDS	111	1	Pack01	1.5	SunflowerSeed	Common	58.523257393336806
ODDS	111	1	Pack01	1.5	BluebellSeed	Uncommon	25
ODDS	111	1	Pack01	1.5	AppleSeed	Rare	6.25
ODDS	111	1	Pack01	1.5	MooncapSeed	Rare	6.25
ODDS	111	1	Pack01	1.5	SunflowerBloomSeed	Legendary	3.4432300986209716
ODDS	111	1	Pack01	1.5	ElderbloomSeed	Mythic	0.53351250804222239
ODDS	81	1	Pack01	1.5	SunflowerSeed	Common	55
ODDS	81	1	Pack01	1.5	BluebellSeed	Uncommon	26
ODDS	81	1	Pack01	1.5	AppleSeed	Rare	6.5
ODDS	81	1	Pack01	1.5	MooncapSeed	Rare	6.5
ODDS	81	1	Pack01	1.5	SunflowerBloomSeed	Legendary	4
ODDS	81	1	Pack01	1.5	ElderbloomSeed	Mythic	2
ODDS	111	1	Pack01	2	SunflowerSeed	Common	58.41796296242596
ODDS	111	1	Pack01	2	BluebellSeed	Uncommon	25
ODDS	111	1	Pack01	2	AppleSeed	Rare	6.25
ODDS	111	1	Pack01	2	MooncapSeed	Rare	6.25
ODDS	111	1	Pack01	2	SunflowerBloomSeed	Legendary	3.5233934685379347
ODDS	111	1	Pack01	2	ElderbloomSeed	Mythic	0.55864356903611001
ODDS	81	1	Pack01	2	SunflowerSeed	Common	55
ODDS	81	1	Pack01	2	BluebellSeed	Uncommon	26
ODDS	81	1	Pack01	2	AppleSeed	Rare	6.5
ODDS	81	1	Pack01	2	MooncapSeed	Rare	6.5
ODDS	81	1	Pack01	2	SunflowerBloomSeed	Legendary	4
ODDS	81	1	Pack01	2	ElderbloomSeed	Mythic	2
ODDS	111	1	Pack01	5	SunflowerSeed	Common	58.061776044146242
ODDS	111	1	Pack01	5	BluebellSeed	Uncommon	25
ODDS	111	1	Pack01	5	AppleSeed	Rare	6.25
ODDS	111	1	Pack01	5	MooncapSeed	Rare	6.25
ODDS	111	1	Pack01	5	SunflowerBloomSeed	Legendary	3.7913715391867622
ODDS	111	1	Pack01	5	ElderbloomSeed	Mythic	0.646852416666993
ODDS	81	1	Pack01	5	SunflowerSeed	Common	54.7536087605774
ODDS	81	1	Pack01	5	BluebellSeed	Uncommon	25.883524141363861
ODDS	81	1	Pack01	5	AppleSeed	Rare	6.4708810353409651
ODDS	81	1	Pack01	5	MooncapSeed	Rare	6.4708810353409651
ODDS	81	1	Pack01	5	SunflowerBloomSeed	Legendary	4.2807366849178692
ODDS	81	1	Pack01	5	ElderbloomSeed	Mythic	2.1403683424589346
ODDS	111	1	Pack01	10	SunflowerSeed	Common	57.769731999235653
ODDS	111	1	Pack01	10	BluebellSeed	Uncommon	25
ODDS	111	1	Pack01	10	AppleSeed	Rare	6.25
ODDS	111	1	Pack01	10	MooncapSeed	Rare	6.25
ODDS	111	1	Pack01	10	SunflowerBloomSeed	Legendary	4.0075481153913763
ODDS	111	1	Pack01	10	ElderbloomSeed	Mythic	0.72271988537296372
ODDS	81	1	Pack01	10	SunflowerSeed	Common	54.7536087605774
ODDS	81	1	Pack01	10	BluebellSeed	Uncommon	25.883524141363861
ODDS	81	1	Pack01	10	AppleSeed	Rare	6.4708810353409651
ODDS	81	1	Pack01	10	MooncapSeed	Rare	6.4708810353409651
ODDS	81	1	Pack01	10	SunflowerBloomSeed	Legendary	4.2807366849178692
ODDS	81	1	Pack01	10	ElderbloomSeed	Mythic	2.1403683424589346
ODDS	111	1	Pack01	50	SunflowerSeed	Common	57.006782631161492
ODDS	111	1	Pack01	50	BluebellSeed	Uncommon	25
ODDS	111	1	Pack01	50	AppleSeed	Rare	6.25
ODDS	111	1	Pack01	50	MooncapSeed	Rare	6.25
ODDS	111	1	Pack01	50	SunflowerBloomSeed	Legendary	4.5582311599849241
ODDS	111	1	Pack01	50	ElderbloomSeed	Mythic	0.93498620885358752
ODDS	81	1	Pack01	50	SunflowerSeed	Common	54.509415262636281
ODDS	81	1	Pack01	50	BluebellSeed	Uncommon	25.768087215064423
ODDS	81	1	Pack01	50	AppleSeed	Rare	6.4420218037661057
ODDS	81	1	Pack01	50	MooncapSeed	Rare	6.4420218037661057
ODDS	81	1	Pack01	50	SunflowerBloomSeed	Legendary	4.5589692765113972
ODDS	81	1	Pack01	50	ElderbloomSeed	Mythic	2.2794846382556986
ODDS	111	1	Pack01	300	SunflowerSeed	Common	55.993838970636943
ODDS	111	1	Pack01	300	BluebellSeed	Uncommon	25
ODDS	111	1	Pack01	300	AppleSeed	Rare	6.25
ODDS	111	1	Pack01	300	MooncapSeed	Rare	6.25
ODDS	111	1	Pack01	300	SunflowerBloomSeed	Legendary	5.260759470209905
ODDS	111	1	Pack01	300	ElderbloomSeed	Mythic	1.2454015591531438
ODDS	81	1	Pack01	300	SunflowerSeed	Common	54.509415262636281
ODDS	81	1	Pack01	300	BluebellSeed	Uncommon	25.768087215064423
ODDS	81	1	Pack01	300	AppleSeed	Rare	6.4420218037661057
ODDS	81	1	Pack01	300	MooncapSeed	Rare	6.4420218037661057
ODDS	81	1	Pack01	300	SunflowerBloomSeed	Legendary	4.5589692765113972
ODDS	81	1	Pack01	300	ElderbloomSeed	Mythic	2.2794846382556986
ODDS	111	1	Pack01	2000	SunflowerSeed	Common	54.689967302962515
ODDS	111	1	Pack01	2000	BluebellSeed	Uncommon	25
ODDS	111	1	Pack01	2000	AppleSeed	Rare	6.25
ODDS	111	1	Pack01	2000	MooncapSeed	Rare	6.25
ODDS	111	1	Pack01	2000	SunflowerBloomSeed	Legendary	6.122956089635359
ODDS	111	1	Pack01	2000	ElderbloomSeed	Mythic	1.6870766074021228
ODDS	81	1	Pack01	2000	SunflowerSeed	Common	54.187192118226598
ODDS	81	1	Pack01	2000	BluebellSeed	Uncommon	25.615763546798028
ODDS	81	1	Pack01	2000	AppleSeed	Rare	6.4039408866995071
ODDS	81	1	Pack01	2000	MooncapSeed	Rare	6.4039408866995071
ODDS	81	1	Pack01	2000	SunflowerBloomSeed	Legendary	4.9261083743842367
ODDS	81	1	Pack01	2000	ElderbloomSeed	Mythic	2.4630541871921183
ODDS	111	1	Pack01	10000	SunflowerSeed	Common	53.353100402619035
ODDS	111	1	Pack01	10000	BluebellSeed	Uncommon	25
ODDS	111	1	Pack01	10000	AppleSeed	Rare	6.25
ODDS	111	1	Pack01	10000	MooncapSeed	Rare	6.25
ODDS	111	1	Pack01	10000	SunflowerBloomSeed	Legendary	6.9643204361801327
ODDS	111	1	Pack01	10000	ElderbloomSeed	Mythic	2.1825791612008301
ODDS	81	1	Pack01	10000	SunflowerSeed	Common	54.187192118226598
ODDS	81	1	Pack01	10000	BluebellSeed	Uncommon	25.615763546798028
ODDS	81	1	Pack01	10000	AppleSeed	Rare	6.4039408866995071
ODDS	81	1	Pack01	10000	MooncapSeed	Rare	6.4039408866995071
ODDS	81	1	Pack01	10000	SunflowerBloomSeed	Legendary	4.9261083743842367
ODDS	81	1	Pack01	10000	ElderbloomSeed	Mythic	2.4630541871921183
ODDS	111	1	Pack01	100000	SunflowerSeed	Common	50.972258505900434
ODDS	111	1	Pack01	100000	BluebellSeed	Uncommon	25
ODDS	111	1	Pack01	100000	AppleSeed	Rare	6.25
ODDS	111	1	Pack01	100000	MooncapSeed	Rare	6.25
ODDS	111	1	Pack01	100000	SunflowerBloomSeed	Legendary	8.3729547716986001
ODDS	111	1	Pack01	100000	ElderbloomSeed	Mythic	3.1547867224009667
ODDS	81	1	Pack01	100000	SunflowerSeed	Common	53.789731051344745
ODDS	81	1	Pack01	100000	BluebellSeed	Uncommon	25.427872860635699
ODDS	81	1	Pack01	100000	AppleSeed	Rare	6.3569682151589246
ODDS	81	1	Pack01	100000	MooncapSeed	Rare	6.3569682151589246
ODDS	81	1	Pack01	100000	SunflowerBloomSeed	Legendary	5.3789731051344747
ODDS	81	1	Pack01	100000	ElderbloomSeed	Mythic	2.6894865525672373
ODDS	111	1	Pack01	1000000	SunflowerSeed	Common	47.873440068547055
ODDS	111	1	Pack01	1000000	BluebellSeed	Uncommon	25
ODDS	111	1	Pack01	1000000	AppleSeed	Rare	6.25
ODDS	111	1	Pack01	1000000	MooncapSeed	Rare	6.25
ODDS	111	1	Pack01	1000000	SunflowerBloomSeed	Legendary	10.066505734673386
ODDS	111	1	Pack01	1000000	ElderbloomSeed	Mythic	4.5600541967795492
ODDS	81	1	Pack01	1000000	SunflowerSeed	Common	53.789731051344745
ODDS	81	1	Pack01	1000000	BluebellSeed	Uncommon	25.427872860635699
ODDS	81	1	Pack01	1000000	AppleSeed	Rare	6.3569682151589246
ODDS	81	1	Pack01	1000000	MooncapSeed	Rare	6.3569682151589246
ODDS	81	1	Pack01	1000000	SunflowerBloomSeed	Legendary	5.3789731051344747
ODDS	81	1	Pack01	1000000	ElderbloomSeed	Mythic	2.6894865525672373
ODDS	111	1	Pack01	5000000	SunflowerSeed	Common	45.150876842911067
ODDS	111	1	Pack01	5000000	BluebellSeed	Uncommon	25
ODDS	111	1	Pack01	5000000	AppleSeed	Rare	6.25
ODDS	111	1	Pack01	5000000	MooncapSeed	Rare	6.25
ODDS	111	1	Pack01	5000000	SunflowerBloomSeed	Legendary	11.449759002450303
ODDS	111	1	Pack01	5000000	ElderbloomSeed	Mythic	5.8993641546386293
ODDS	81	1	Pack01	5000000	SunflowerSeed	Common	53.398058252427184
ODDS	81	1	Pack01	5000000	BluebellSeed	Uncommon	25.242718446601941
ODDS	81	1	Pack01	5000000	AppleSeed	Rare	6.3106796116504853
ODDS	81	1	Pack01	5000000	MooncapSeed	Rare	6.3106796116504853
ODDS	81	1	Pack01	5000000	SunflowerBloomSeed	Legendary	5.825242718446602
ODDS	81	1	Pack01	5000000	ElderbloomSeed	Mythic	2.912621359223301
ODDS	111	1	Pack01	10000000	SunflowerSeed	Common	45.150876842911067
ODDS	111	1	Pack01	10000000	BluebellSeed	Uncommon	25
ODDS	111	1	Pack01	10000000	AppleSeed	Rare	6.25
ODDS	111	1	Pack01	10000000	MooncapSeed	Rare	6.25
ODDS	111	1	Pack01	10000000	SunflowerBloomSeed	Legendary	11.449759002450303
ODDS	111	1	Pack01	10000000	ElderbloomSeed	Mythic	5.8993641546386293
ODDS	81	1	Pack01	10000000	SunflowerSeed	Common	53.398058252427184
ODDS	81	1	Pack01	10000000	BluebellSeed	Uncommon	25.242718446601941
ODDS	81	1	Pack01	10000000	AppleSeed	Rare	6.3106796116504853
ODDS	81	1	Pack01	10000000	MooncapSeed	Rare	6.3106796116504853
ODDS	81	1	Pack01	10000000	SunflowerBloomSeed	Legendary	5.825242718446602
ODDS	81	1	Pack01	10000000	ElderbloomSeed	Mythic	2.912621359223301
ODDS	111	1	Pack02	1	SunflowerSeed	Common	38.749999999999993
ODDS	111	1	Pack02	1	BluebellSeed	Uncommon	33.333333333333329
ODDS	111	1	Pack02	1	AppleSeed	Rare	10
ODDS	111	1	Pack02	1	MooncapSeed	Rare	10
ODDS	111	1	Pack02	1	SunflowerBloomSeed	Legendary	6.666666666666667
ODDS	111	1	Pack02	1	ElderbloomSeed	Mythic	1.25
ODDS	81	1	Pack02	1	SunflowerSeed	Common	25
ODDS	81	1	Pack02	1	BluebellSeed	Uncommon	38
ODDS	81	1	Pack02	1	AppleSeed	Rare	12.5
ODDS	81	1	Pack02	1	MooncapSeed	Rare	12.5
ODDS	81	1	Pack02	1	SunflowerBloomSeed	Legendary	8
ODDS	81	1	Pack02	1	ElderbloomSeed	Mythic	4
ODDS	111	1	Pack02	1.5	SunflowerSeed	Common	38.446425199319165
ODDS	111	1	Pack02	1.5	BluebellSeed	Uncommon	33.333333333333329
ODDS	111	1	Pack02	1.5	AppleSeed	Rare	10
ODDS	111	1	Pack02	1.5	MooncapSeed	Rare	10
ODDS	111	1	Pack02	1.5	SunflowerBloomSeed	Legendary	6.8864601972419432
ODDS	111	1	Pack02	1.5	ElderbloomSeed	Mythic	1.333781270105556
ODDS	81	1	Pack02	1.5	SunflowerSeed	Common	25
ODDS	81	1	Pack02	1.5	BluebellSeed	Uncommon	38
ODDS	81	1	Pack02	1.5	AppleSeed	Rare	12.5
ODDS	81	1	Pack02	1.5	MooncapSeed	Rare	12.5
ODDS	81	1	Pack02	1.5	SunflowerBloomSeed	Legendary	8
ODDS	81	1	Pack02	1.5	ElderbloomSeed	Mythic	4
ODDS	111	1	Pack02	2	SunflowerSeed	Common	38.223270807000517
ODDS	111	1	Pack02	2	BluebellSeed	Uncommon	33.333333333333329
ODDS	111	1	Pack02	2	AppleSeed	Rare	10
ODDS	111	1	Pack02	2	MooncapSeed	Rare	10
ODDS	111	1	Pack02	2	SunflowerBloomSeed	Legendary	7.0467869370758693
ODDS	111	1	Pack02	2	ElderbloomSeed	Mythic	1.3966089225902751
ODDS	81	1	Pack02	2	SunflowerSeed	Common	25
ODDS	81	1	Pack02	2	BluebellSeed	Uncommon	38
ODDS	81	1	Pack02	2	AppleSeed	Rare	12.5
ODDS	81	1	Pack02	2	MooncapSeed	Rare	12.5
ODDS	81	1	Pack02	2	SunflowerBloomSeed	Legendary	8
ODDS	81	1	Pack02	2	ElderbloomSeed	Mythic	4
ODDS	111	1	Pack02	5	SunflowerSeed	Common	37.466792546625662
ODDS	111	1	Pack02	5	BluebellSeed	Uncommon	33.333333333333329
ODDS	111	1	Pack02	5	AppleSeed	Rare	10
ODDS	111	1	Pack02	5	MooncapSeed	Rare	10
ODDS	111	1	Pack02	5	SunflowerBloomSeed	Legendary	7.5827430783735243
ODDS	111	1	Pack02	5	ElderbloomSeed	Mythic	1.6171310416674824
ODDS	81	1	Pack02	5	SunflowerSeed	Common	24.777006937561946
ODDS	81	1	Pack02	5	BluebellSeed	Uncommon	37.661050545094156
ODDS	81	1	Pack02	5	AppleSeed	Rare	12.388503468780973
ODDS	81	1	Pack02	5	MooncapSeed	Rare	12.388503468780973
ODDS	81	1	Pack02	5	SunflowerBloomSeed	Legendary	8.5232903865213085
ODDS	81	1	Pack02	5	ElderbloomSeed	Mythic	4.2616451932606543
ODDS	111	1	Pack02	10	SunflowerSeed	Common	36.8447707224515
ODDS	111	1	Pack02	10	BluebellSeed	Uncommon	33.333333333333329
ODDS	111	1	Pack02	10	AppleSeed	Rare	10
ODDS	111	1	Pack02	10	MooncapSeed	Rare	10
ODDS	111	1	Pack02	10	SunflowerBloomSeed	Legendary	8.0150962307827527
ODDS	111	1	Pack02	10	ElderbloomSeed	Mythic	1.8067997134324092
ODDS	81	1	Pack02	10	SunflowerSeed	Common	24.777006937561946
ODDS	81	1	Pack02	10	BluebellSeed	Uncommon	37.661050545094156
ODDS	81	1	Pack02	10	AppleSeed	Rare	12.388503468780973
ODDS	81	1	Pack02	10	MooncapSeed	Rare	12.388503468780973
ODDS	81	1	Pack02	10	SunflowerBloomSeed	Legendary	8.5232903865213085
ODDS	81	1	Pack02	10	ElderbloomSeed	Mythic	4.2616451932606543
ODDS	111	1	Pack02	50	SunflowerSeed	Common	35.212738824562848
ODDS	111	1	Pack02	50	BluebellSeed	Uncommon	33.333333333333329
ODDS	111	1	Pack02	50	AppleSeed	Rare	10
ODDS	111	1	Pack02	50	MooncapSeed	Rare	10
ODDS	111	1	Pack02	50	SunflowerBloomSeed	Legendary	9.1164623199698482
ODDS	111	1	Pack02	50	ElderbloomSeed	Mythic	2.3374655221339689
ODDS	81	1	Pack02	50	SunflowerSeed	Common	24.557956777996072
ODDS	81	1	Pack02	50	BluebellSeed	Uncommon	37.328094302554028
ODDS	81	1	Pack02	50	AppleSeed	Rare	12.278978388998036
ODDS	81	1	Pack02	50	MooncapSeed	Rare	12.278978388998036
ODDS	81	1	Pack02	50	SunflowerBloomSeed	Legendary	9.0373280943025538
ODDS	81	1	Pack02	50	ElderbloomSeed	Mythic	4.5186640471512769
ODDS	111	1	Pack02	300	SunflowerSeed	Common	33.031643828363997
ODDS	111	1	Pack02	300	BluebellSeed	Uncommon	33.333333333333329
ODDS	111	1	Pack02	300	AppleSeed	Rare	10
ODDS	111	1	Pack02	300	MooncapSeed	Rare	10
ODDS	111	1	Pack02	300	SunflowerBloomSeed	Legendary	10.52151894041981
ODDS	111	1	Pack02	300	ElderbloomSeed	Mythic	3.1135038978828593
ODDS	81	1	Pack02	300	SunflowerSeed	Common	24.557956777996072
ODDS	81	1	Pack02	300	BluebellSeed	Uncommon	37.328094302554028
ODDS	81	1	Pack02	300	AppleSeed	Rare	12.278978388998036
ODDS	81	1	Pack02	300	MooncapSeed	Rare	12.278978388998036
ODDS	81	1	Pack02	300	SunflowerBloomSeed	Legendary	9.0373280943025538
ODDS	81	1	Pack02	300	ElderbloomSeed	Mythic	4.5186640471512769
ODDS	111	1	Pack02	2000	SunflowerSeed	Common	30.203062968890638
ODDS	111	1	Pack02	2000	BluebellSeed	Uncommon	33.333333333333329
ODDS	111	1	Pack02	2000	AppleSeed	Rare	10
ODDS	111	1	Pack02	2000	MooncapSeed	Rare	10
ODDS	111	1	Pack02	2000	SunflowerBloomSeed	Legendary	12.245912179270718
ODDS	111	1	Pack02	2000	ElderbloomSeed	Mythic	4.2176915185053074
ODDS	81	1	Pack02	2000	SunflowerSeed	Common	24.271844660194176
ODDS	81	1	Pack02	2000	BluebellSeed	Uncommon	36.893203883495147
ODDS	81	1	Pack02	2000	AppleSeed	Rare	12.135922330097088
ODDS	81	1	Pack02	2000	MooncapSeed	Rare	12.135922330097088
ODDS	81	1	Pack02	2000	SunflowerBloomSeed	Legendary	9.7087378640776691
ODDS	81	1	Pack02	2000	ElderbloomSeed	Mythic	4.8543689320388346
ODDS	111	1	Pack02	10000	SunflowerSeed	Common	27.28157789130432
ODDS	111	1	Pack02	10000	BluebellSeed	Uncommon	33.333333333333329
ODDS	111	1	Pack02	10000	AppleSeed	Rare	10
ODDS	111	1	Pack02	10000	MooncapSeed	Rare	10
ODDS	111	1	Pack02	10000	SunflowerBloomSeed	Legendary	13.928640872360265
ODDS	111	1	Pack02	10000	ElderbloomSeed	Mythic	5.4564479030020756
ODDS	81	1	Pack02	10000	SunflowerSeed	Common	24.271844660194176
ODDS	81	1	Pack02	10000	BluebellSeed	Uncommon	36.893203883495147
ODDS	81	1	Pack02	10000	AppleSeed	Rare	12.135922330097088
ODDS	81	1	Pack02	10000	MooncapSeed	Rare	12.135922330097088
ODDS	81	1	Pack02	10000	SunflowerBloomSeed	Legendary	9.7087378640776691
ODDS	81	1	Pack02	10000	ElderbloomSeed	Mythic	4.8543689320388346
ODDS	111	1	Pack02	100000	SunflowerSeed	Common	22.033790317267044
ODDS	111	1	Pack02	100000	BluebellSeed	Uncommon	33.333333333333329
ODDS	111	1	Pack02	100000	AppleSeed	Rare	10
ODDS	111	1	Pack02	100000	MooncapSeed	Rare	10
ODDS	111	1	Pack02	100000	SunflowerBloomSeed	Legendary	16.7459095433972
ODDS	111	1	Pack02	100000	ElderbloomSeed	Mythic	7.8869668060024161
ODDS	81	1	Pack02	100000	SunflowerSeed	Common	23.923444976076556
ODDS	81	1	Pack02	100000	BluebellSeed	Uncommon	36.363636363636367
ODDS	81	1	Pack02	100000	AppleSeed	Rare	11.961722488038278
ODDS	81	1	Pack02	100000	MooncapSeed	Rare	11.961722488038278
ODDS	81	1	Pack02	100000	SunflowerBloomSeed	Legendary	10.526315789473685
ODDS	81	1	Pack02	100000	ElderbloomSeed	Mythic	5.2631578947368425
ODDS	111	1	Pack02	1000000	SunflowerSeed	Common	15.500000000000004
ODDS	111	1	Pack02	1000000	BluebellSeed	Uncommon	33.333333333333329
ODDS	111	1	Pack02	1000000	AppleSeed	Rare	10
ODDS	111	1	Pack02	1000000	MooncapSeed	Rare	10
ODDS	111	1	Pack02	1000000	SunflowerBloomSeed	Legendary	19.766531174717795
ODDS	111	1	Pack02	1000000	ElderbloomSeed	Mythic	11.400135491948873
ODDS	81	1	Pack02	1000000	SunflowerSeed	Common	23.923444976076556
ODDS	81	1	Pack02	1000000	BluebellSeed	Uncommon	36.363636363636367
ODDS	81	1	Pack02	1000000	AppleSeed	Rare	11.961722488038278
ODDS	81	1	Pack02	1000000	MooncapSeed	Rare	11.961722488038278
ODDS	81	1	Pack02	1000000	SunflowerBloomSeed	Legendary	10.526315789473685
ODDS	81	1	Pack02	1000000	ElderbloomSeed	Mythic	5.2631578947368425
ODDS	111	1	Pack02	5000000	SunflowerSeed	Common	15.500000000000004
ODDS	111	1	Pack02	5000000	BluebellSeed	Uncommon	33.333333333333329
ODDS	111	1	Pack02	5000000	AppleSeed	Rare	10
ODDS	111	1	Pack02	5000000	MooncapSeed	Rare	10
ODDS	111	1	Pack02	5000000	SunflowerBloomSeed	Legendary	16.418256280070086
ODDS	111	1	Pack02	5000000	ElderbloomSeed	Mythic	14.748410386596575
ODDS	81	1	Pack02	5000000	SunflowerSeed	Common	23.584905660377359
ODDS	81	1	Pack02	5000000	BluebellSeed	Uncommon	35.849056603773583
ODDS	81	1	Pack02	5000000	AppleSeed	Rare	11.79245283018868
ODDS	81	1	Pack02	5000000	MooncapSeed	Rare	11.79245283018868
ODDS	81	1	Pack02	5000000	SunflowerBloomSeed	Legendary	11.320754716981131
ODDS	81	1	Pack02	5000000	ElderbloomSeed	Mythic	5.6603773584905657
ODDS	111	1	Pack02	10000000	SunflowerSeed	Common	15.500000000000004
ODDS	111	1	Pack02	10000000	BluebellSeed	Uncommon	33.333333333333329
ODDS	111	1	Pack02	10000000	AppleSeed	Rare	10
ODDS	111	1	Pack02	10000000	MooncapSeed	Rare	10
ODDS	111	1	Pack02	10000000	SunflowerBloomSeed	Legendary	16.418256280070086
ODDS	111	1	Pack02	10000000	ElderbloomSeed	Mythic	14.748410386596575
ODDS	81	1	Pack02	10000000	SunflowerSeed	Common	23.584905660377359
ODDS	81	1	Pack02	10000000	BluebellSeed	Uncommon	35.849056603773583
ODDS	81	1	Pack02	10000000	AppleSeed	Rare	11.79245283018868
ODDS	81	1	Pack02	10000000	MooncapSeed	Rare	11.79245283018868
ODDS	81	1	Pack02	10000000	SunflowerBloomSeed	Legendary	11.320754716981131
ODDS	81	1	Pack02	10000000	ElderbloomSeed	Mythic	5.6603773584905657
ODDS	111	1	Pack03	1	SunflowerSeed	Common	0
ODDS	111	1	Pack03	1	BluebellSeed	Uncommon	42.380952380952387
ODDS	111	1	Pack03	1	AppleSeed	Rare	20
ODDS	111	1	Pack03	1	MooncapSeed	Rare	20
ODDS	111	1	Pack03	1	SunflowerBloomSeed	Legendary	14.285714285714285
ODDS	111	1	Pack03	1	ElderbloomSeed	Mythic	3.3333333333333335
ODDS	81	1	Pack03	1	SunflowerSeed	Common	0
ODDS	81	1	Pack03	1	BluebellSeed	Uncommon	25
ODDS	81	1	Pack03	1	AppleSeed	Rare	24
ODDS	81	1	Pack03	1	MooncapSeed	Rare	24
ODDS	81	1	Pack03	1	SunflowerBloomSeed	Legendary	18
ODDS	81	1	Pack03	1	ElderbloomSeed	Mythic	9
ODDS	111	1	Pack03	1.5	SunflowerSeed	Common	0
ODDS	111	1	Pack03	1.5	BluebellSeed	Uncommon	41.686549523723883
ODDS	111	1	Pack03	1.5	AppleSeed	Rare	20
ODDS	111	1	Pack03	1.5	MooncapSeed	Rare	20
ODDS	111	1	Pack03	1.5	SunflowerBloomSeed	Legendary	14.756700422661307
ODDS	111	1	Pack03	1.5	ElderbloomSeed	Mythic	3.5567500536148158
ODDS	81	1	Pack03	1.5	SunflowerSeed	Common	0
ODDS	81	1	Pack03	1.5	BluebellSeed	Uncommon	25
ODDS	81	1	Pack03	1.5	AppleSeed	Rare	24
ODDS	81	1	Pack03	1.5	MooncapSeed	Rare	24
ODDS	81	1	Pack03	1.5	SunflowerBloomSeed	Legendary	18
ODDS	81	1	Pack03	1.5	ElderbloomSeed	Mythic	9
ODDS	111	1	Pack03	2	SunflowerSeed	Common	0
ODDS	111	1	Pack03	2	BluebellSeed	Uncommon	41.175451817453833
ODDS	111	1	Pack03	2	AppleSeed	Rare	20
ODDS	111	1	Pack03	2	MooncapSeed	Rare	20
ODDS	111	1	Pack03	2	SunflowerBloomSeed	Legendary	15.100257722305432
ODDS	111	1	Pack03	2	ElderbloomSeed	Mythic	3.7242904602407334
ODDS	81	1	Pack03	2	SunflowerSeed	Common	0
ODDS	81	1	Pack03	2	BluebellSeed	Uncommon	25
ODDS	81	1	Pack03	2	AppleSeed	Rare	24
ODDS	81	1	Pack03	2	MooncapSeed	Rare	24
ODDS	81	1	Pack03	2	SunflowerBloomSeed	Legendary	18
ODDS	81	1	Pack03	2	ElderbloomSeed	Mythic	9
ODDS	111	1	Pack03	5	SunflowerSeed	Common	0
ODDS	111	1	Pack03	5	BluebellSeed	Uncommon	39.438915387610109
ODDS	111	1	Pack03	5	AppleSeed	Rare	20
ODDS	111	1	Pack03	5	MooncapSeed	Rare	20
ODDS	111	1	Pack03	5	SunflowerBloomSeed	Legendary	16.248735167943266
ODDS	111	1	Pack03	5	ElderbloomSeed	Mythic	4.3123494444466202
ODDS	81	1	Pack03	5	SunflowerSeed	Common	0
ODDS	81	1	Pack03	5	BluebellSeed	Uncommon	24.50379808870375
ODDS	81	1	Pack03	5	AppleSeed	Rare	23.523646165155601
ODDS	81	1	Pack03	5	MooncapSeed	Rare	23.523646165155601
ODDS	81	1	Pack03	5	SunflowerBloomSeed	Legendary	18.965939720656703
ODDS	81	1	Pack03	5	ElderbloomSeed	Mythic	9.4829698603283514
ODDS	111	1	Pack03	10	SunflowerSeed	Common	0
ODDS	111	1	Pack03	10	BluebellSeed	Uncommon	38.006661222026715
ODDS	111	1	Pack03	10	AppleSeed	Rare	20
ODDS	111	1	Pack03	10	MooncapSeed	Rare	20
ODDS	111	1	Pack03	10	SunflowerBloomSeed	Legendary	17.175206208820185
ODDS	111	1	Pack03	10	ElderbloomSeed	Mythic	4.8181325691530912
ODDS	81	1	Pack03	10	SunflowerSeed	Common	0
ODDS	81	1	Pack03	10	BluebellSeed	Uncommon	24.50379808870375
ODDS	81	1	Pack03	10	AppleSeed	Rare	23.523646165155601
ODDS	81	1	Pack03	10	MooncapSeed	Rare	23.523646165155601
ODDS	81	1	Pack03	10	SunflowerBloomSeed	Legendary	18.965939720656703
ODDS	81	1	Pack03	10	ElderbloomSeed	Mythic	9.4829698603283514
ODDS	111	1	Pack03	50	SunflowerSeed	Common	0
ODDS	111	1	Pack03	50	BluebellSeed	Uncommon	34.231482207707366
ODDS	111	1	Pack03	50	AppleSeed	Rare	20
ODDS	111	1	Pack03	50	MooncapSeed	Rare	20
ODDS	111	1	Pack03	50	SunflowerBloomSeed	Legendary	19.535276399935388
ODDS	111	1	Pack03	50	ElderbloomSeed	Mythic	6.2332413923572503
ODDS	81	1	Pack03	50	SunflowerSeed	Common	0
ODDS	81	1	Pack03	50	BluebellSeed	Uncommon	24.02691013935608
ODDS	81	1	Pack03	50	AppleSeed	Rare	23.065833733781837
ODDS	81	1	Pack03	50	MooncapSeed	Rare	23.065833733781837
ODDS	81	1	Pack03	50	SunflowerBloomSeed	Legendary	19.894281595386833
ODDS	81	1	Pack03	50	ElderbloomSeed	Mythic	9.9471407976934163
ODDS	111	1	Pack03	300	SunflowerSeed	Common	0
ODDS	111	1	Pack03	300	BluebellSeed	Uncommon	29.151210923793734
ODDS	111	1	Pack03	300	AppleSeed	Rare	20
ODDS	111	1	Pack03	300	MooncapSeed	Rare	20
ODDS	111	1	Pack03	300	SunflowerBloomSeed	Legendary	22.546112015185305
ODDS	111	1	Pack03	300	ElderbloomSeed	Mythic	8.3026770610209581
ODDS	81	1	Pack03	300	SunflowerSeed	Common	0
ODDS	81	1	Pack03	300	BluebellSeed	Uncommon	24.02691013935608
ODDS	81	1	Pack03	300	AppleSeed	Rare	23.065833733781837
ODDS	81	1	Pack03	300	MooncapSeed	Rare	23.065833733781837
ODDS	81	1	Pack03	300	SunflowerBloomSeed	Legendary	19.894281595386833
ODDS	81	1	Pack03	300	ElderbloomSeed	Mythic	9.9471407976934163
ODDS	111	1	Pack03	2000	SunflowerSeed	Common	0
ODDS	111	1	Pack03	2000	BluebellSeed	Uncommon	22.511582233167648
ODDS	111	1	Pack03	2000	AppleSeed	Rare	20
ODDS	111	1	Pack03	2000	MooncapSeed	Rare	20
ODDS	111	1	Pack03	2000	SunflowerBloomSeed	Legendary	26.241240384151538
ODDS	111	1	Pack03	2000	ElderbloomSeed	Mythic	11.247177382680819
ODDS	81	1	Pack03	2000	SunflowerSeed	Common	0
ODDS	81	1	Pack03	2000	BluebellSeed	Uncommon	23.419203747072601
ODDS	81	1	Pack03	2000	AppleSeed	Rare	22.482435597189696
ODDS	81	1	Pack03	2000	MooncapSeed	Rare	22.482435597189696
ODDS	81	1	Pack03	2000	SunflowerBloomSeed	Legendary	21.07728337236534
ODDS	81	1	Pack03	2000	ElderbloomSeed	Mythic	10.53864168618267
ODDS	111	1	Pack03	10000	SunflowerSeed	Common	0
ODDS	111	1	Pack03	10000	BluebellSeed	Uncommon	16.952380952380953
ODDS	111	1	Pack03	10000	AppleSeed	Rare	20
ODDS	111	1	Pack03	10000	MooncapSeed	Rare	20
ODDS	111	1	Pack03	10000	SunflowerBloomSeed	Legendary	28.497091306280183
ODDS	111	1	Pack03	10000	ElderbloomSeed	Mythic	14.550527741338867
ODDS	81	1	Pack03	10000	SunflowerSeed	Common	0
ODDS	81	1	Pack03	10000	BluebellSeed	Uncommon	23.419203747072601
ODDS	81	1	Pack03	10000	AppleSeed	Rare	22.482435597189696
ODDS	81	1	Pack03	10000	MooncapSeed	Rare	22.482435597189696
ODDS	81	1	Pack03	10000	SunflowerBloomSeed	Legendary	21.07728337236534
ODDS	81	1	Pack03	10000	ElderbloomSeed	Mythic	10.53864168618267
ODDS	111	1	Pack03	100000	SunflowerSeed	Common	0
ODDS	111	1	Pack03	100000	BluebellSeed	Uncommon	16.952380952380953
ODDS	111	1	Pack03	100000	AppleSeed	Rare	20
ODDS	111	1	Pack03	100000	MooncapSeed	Rare	20
ODDS	111	1	Pack03	100000	SunflowerBloomSeed	Legendary	22.015707564945934
ODDS	111	1	Pack03	100000	ElderbloomSeed	Mythic	21.031911482673106
ODDS	81	1	Pack03	100000	SunflowerSeed	Common	0
ODDS	81	1	Pack03	100000	BluebellSeed	Uncommon	22.701475595913735
ODDS	81	1	Pack03	100000	AppleSeed	Rare	21.793416572077184
ODDS	81	1	Pack03	100000	MooncapSeed	Rare	21.793416572077184
ODDS	81	1	Pack03	100000	SunflowerBloomSeed	Legendary	22.474460839954595
ODDS	81	1	Pack03	100000	ElderbloomSeed	Mythic	11.237230419977298
ODDS	111	1	Pack03	1000000	SunflowerSeed	Common	0
ODDS	111	1	Pack03	1000000	BluebellSeed	Uncommon	16.952380952380942
ODDS	111	1	Pack03	1000000	AppleSeed	Rare	20
ODDS	111	1	Pack03	1000000	MooncapSeed	Rare	20
ODDS	111	1	Pack03	1000000	SunflowerBloomSeed	Legendary	12.647257735755401
ODDS	111	1	Pack03	1000000	ElderbloomSeed	Mythic	30.400361311863662
ODDS	81	1	Pack03	1000000	SunflowerSeed	Common	0
ODDS	81	1	Pack03	1000000	BluebellSeed	Uncommon	22.701475595913735
ODDS	81	1	Pack03	1000000	AppleSeed	Rare	21.793416572077184
ODDS	81	1	Pack03	1000000	MooncapSeed	Rare	21.793416572077184
ODDS	81	1	Pack03	1000000	SunflowerBloomSeed	Legendary	22.474460839954595
ODDS	81	1	Pack03	1000000	ElderbloomSeed	Mythic	11.237230419977298
ODDS	111	1	Pack03	5000000	SunflowerSeed	Common	0
ODDS	111	1	Pack03	5000000	BluebellSeed	Uncommon	16.952380952380942
ODDS	111	1	Pack03	5000000	AppleSeed	Rare	20
ODDS	111	1	Pack03	5000000	MooncapSeed	Rare	20
ODDS	111	1	Pack03	5000000	SunflowerBloomSeed	Legendary	7.1428571428571397
ODDS	111	1	Pack03	5000000	ElderbloomSeed	Mythic	35.904761904761919
ODDS	81	1	Pack03	5000000	SunflowerSeed	Common	0
ODDS	81	1	Pack03	5000000	BluebellSeed	Uncommon	22.026431718061673
ODDS	81	1	Pack03	5000000	AppleSeed	Rare	21.145374449339208
ODDS	81	1	Pack03	5000000	MooncapSeed	Rare	21.145374449339208
ODDS	81	1	Pack03	5000000	SunflowerBloomSeed	Legendary	23.788546255506606
ODDS	81	1	Pack03	5000000	ElderbloomSeed	Mythic	11.894273127753303
ODDS	111	1	Pack03	10000000	SunflowerSeed	Common	0
ODDS	111	1	Pack03	10000000	BluebellSeed	Uncommon	16.952380952380942
ODDS	111	1	Pack03	10000000	AppleSeed	Rare	20
ODDS	111	1	Pack03	10000000	MooncapSeed	Rare	20
ODDS	111	1	Pack03	10000000	SunflowerBloomSeed	Legendary	7.1428571428571397
ODDS	111	1	Pack03	10000000	ElderbloomSeed	Mythic	35.904761904761919
ODDS	81	1	Pack03	10000000	SunflowerSeed	Common	0
ODDS	81	1	Pack03	10000000	BluebellSeed	Uncommon	22.026431718061673
ODDS	81	1	Pack03	10000000	AppleSeed	Rare	21.145374449339208
ODDS	81	1	Pack03	10000000	MooncapSeed	Rare	21.145374449339208
ODDS	81	1	Pack03	10000000	SunflowerBloomSeed	Legendary	23.788546255506606
ODDS	81	1	Pack03	10000000	ElderbloomSeed	Mythic	11.894273127753303
ODDS	111	1	Pack04	1	SunflowerSeed	Common	0
ODDS	111	1	Pack04	1	BluebellSeed	Uncommon	0
ODDS	111	1	Pack04	1	AppleSeed	Rare	28.333333333333332
ODDS	111	1	Pack04	1	MooncapSeed	Rare	28.333333333333332
ODDS	111	1	Pack04	1	SunflowerBloomSeed	Legendary	33.333333333333329
ODDS	111	1	Pack04	1	ElderbloomSeed	Mythic	10
ODDS	81	1	Pack04	1	SunflowerSeed	Common	0
ODDS	81	1	Pack04	1	BluebellSeed	Uncommon	0
ODDS	81	1	Pack04	1	AppleSeed	Rare	22.5
ODDS	81	1	Pack04	1	MooncapSeed	Rare	22.5
ODDS	81	1	Pack04	1	SunflowerBloomSeed	Legendary	32
ODDS	81	1	Pack04	1	ElderbloomSeed	Mythic	23
ODDS	111	1	Pack04	1.5	SunflowerSeed	Common	0
ODDS	111	1	Pack04	1.5	BluebellSeed	Uncommon	0
ODDS	111	1	Pack04	1.5	AppleSeed	Rare	27.448724426472921
ODDS	111	1	Pack04	1.5	MooncapSeed	Rare	27.448724426472921
ODDS	111	1	Pack04	1.5	SunflowerBloomSeed	Legendary	34.432300986209711
ODDS	111	1	Pack04	1.5	ElderbloomSeed	Mythic	10.670250160844448
ODDS	81	1	Pack04	1.5	SunflowerSeed	Common	0
ODDS	81	1	Pack04	1.5	BluebellSeed	Uncommon	0
ODDS	81	1	Pack04	1.5	AppleSeed	Rare	22.5
ODDS	81	1	Pack04	1.5	MooncapSeed	Rare	22.5
ODDS	81	1	Pack04	1.5	SunflowerBloomSeed	Legendary	32
ODDS	81	1	Pack04	1.5	ElderbloomSeed	Mythic	23
ODDS	111	1	Pack04	2	SunflowerSeed	Common	0
ODDS	111	1	Pack04	2	BluebellSeed	Uncommon	0
ODDS	111	1	Pack04	2	AppleSeed	Rare	26.796596966949227
ODDS	111	1	Pack04	2	MooncapSeed	Rare	26.796596966949227
ODDS	111	1	Pack04	2	SunflowerBloomSeed	Legendary	35.233934685379339
ODDS	111	1	Pack04	2	ElderbloomSeed	Mythic	11.172871380722201
ODDS	81	1	Pack04	2	SunflowerSeed	Common	0
ODDS	81	1	Pack04	2	BluebellSeed	Uncommon	0
ODDS	81	1	Pack04	2	AppleSeed	Rare	22.5
ODDS	81	1	Pack04	2	MooncapSeed	Rare	22.5
ODDS	81	1	Pack04	2	SunflowerBloomSeed	Legendary	32
ODDS	81	1	Pack04	2	ElderbloomSeed	Mythic	23
ODDS	111	1	Pack04	5	SunflowerSeed	Common	0
ODDS	111	1	Pack04	5	BluebellSeed	Uncommon	0
ODDS	111	1	Pack04	5	AppleSeed	Rare	24.574618137396261
ODDS	111	1	Pack04	5	MooncapSeed	Rare	24.574618137396261
ODDS	111	1	Pack04	5	SunflowerBloomSeed	Legendary	37.913715391867619
ODDS	111	1	Pack04	5	ElderbloomSeed	Mythic	12.93704833333986
ODDS	81	1	Pack04	5	SunflowerSeed	Common	0
ODDS	81	1	Pack04	5	BluebellSeed	Uncommon	0
ODDS	81	1	Pack04	5	AppleSeed	Rare	21.608643457382954
ODDS	81	1	Pack04	5	MooncapSeed	Rare	21.608643457382954
ODDS	81	1	Pack04	5	SunflowerBloomSeed	Legendary	33.037214885954384
ODDS	81	1	Pack04	5	ElderbloomSeed	Mythic	23.745498199279712
ODDS	111	1	Pack04	10	SunflowerSeed	Common	0
ODDS	111	1	Pack04	10	BluebellSeed	Uncommon	0
ODDS	111	1	Pack04	10	AppleSeed	Rare	22.735060569313482
ODDS	111	1	Pack04	10	MooncapSeed	Rare	22.735060569313482
ODDS	111	1	Pack04	10	SunflowerBloomSeed	Legendary	40.075481153913763
ODDS	111	1	Pack04	10	ElderbloomSeed	Mythic	14.454397707459274
ODDS	81	1	Pack04	10	SunflowerSeed	Common	0
ODDS	81	1	Pack04	10	BluebellSeed	Uncommon	0
ODDS	81	1	Pack04	10	AppleSeed	Rare	21.608643457382954
ODDS	81	1	Pack04	10	MooncapSeed	Rare	21.608643457382954
ODDS	81	1	Pack04	10	SunflowerBloomSeed	Legendary	33.037214885954384
ODDS	81	1	Pack04	10	ElderbloomSeed	Mythic	23.745498199279712
ODDS	111	1	Pack04	50	SunflowerSeed	Common	0
ODDS	111	1	Pack04	50	BluebellSeed	Uncommon	0
ODDS	111	1	Pack04	50	AppleSeed	Rare	17.858982111539508
ODDS	111	1	Pack04	50	MooncapSeed	Rare	17.858982111539508
ODDS	111	1	Pack04	50	SunflowerBloomSeed	Legendary	45.582311599849234
ODDS	111	1	Pack04	50	ElderbloomSeed	Mythic	18.699724177071751
ODDS	81	1	Pack04	50	SunflowerSeed	Common	0
ODDS	81	1	Pack04	50	BluebellSeed	Uncommon	0
ODDS	81	1	Pack04	50	AppleSeed	Rare	20.785219399538107
ODDS	81	1	Pack04	50	MooncapSeed	Rare	20.785219399538107
ODDS	81	1	Pack04	50	SunflowerBloomSeed	Legendary	33.995381062355655
ODDS	81	1	Pack04	50	ElderbloomSeed	Mythic	24.434180138568131
ODDS	111	1	Pack04	300	SunflowerSeed	Common	0
ODDS	111	1	Pack04	300	BluebellSeed	Uncommon	0
ODDS	111	1	Pack04	300	AppleSeed	Rare	12.545984408468563
ODDS	111	1	Pack04	300	MooncapSeed	Rare	12.545984408468563
ODDS	111	1	Pack04	300	SunflowerBloomSeed	Legendary	50
ODDS	111	1	Pack04	300	ElderbloomSeed	Mythic	24.908031183062874
ODDS	81	1	Pack04	300	SunflowerSeed	Common	0
ODDS	81	1	Pack04	300	BluebellSeed	Uncommon	0
ODDS	81	1	Pack04	300	AppleSeed	Rare	20.785219399538107
ODDS	81	1	Pack04	300	MooncapSeed	Rare	20.785219399538107
ODDS	81	1	Pack04	300	SunflowerBloomSeed	Legendary	33.995381062355655
ODDS	81	1	Pack04	300	ElderbloomSeed	Mythic	24.434180138568131
ODDS	111	1	Pack04	2000	SunflowerSeed	Common	0
ODDS	111	1	Pack04	2000	BluebellSeed	Uncommon	0
ODDS	111	1	Pack04	2000	AppleSeed	Rare	11.333333333333329
ODDS	111	1	Pack04	2000	MooncapSeed	Rare	11.333333333333329
ODDS	111	1	Pack04	2000	SunflowerBloomSeed	Legendary	43.591801185290876
ODDS	111	1	Pack04	2000	ElderbloomSeed	Mythic	33.741532148042459
ODDS	81	1	Pack04	2000	SunflowerSeed	Common	0
ODDS	81	1	Pack04	2000	BluebellSeed	Uncommon	0
ODDS	81	1	Pack04	2000	AppleSeed	Rare	19.780219780219781
ODDS	81	1	Pack04	2000	MooncapSeed	Rare	19.780219780219781
ODDS	81	1	Pack04	2000	SunflowerBloomSeed	Legendary	35.164835164835168
ODDS	81	1	Pack04	2000	ElderbloomSeed	Mythic	25.274725274725274
ODDS	111	1	Pack04	10000	SunflowerSeed	Common	0
ODDS	111	1	Pack04	10000	BluebellSeed	Uncommon	0
ODDS	111	1	Pack04	10000	AppleSeed	Rare	11.333333333333339
ODDS	111	1	Pack04	10000	MooncapSeed	Rare	11.333333333333339
ODDS	111	1	Pack04	10000	SunflowerBloomSeed	Legendary	33.681750109316724
ODDS	111	1	Pack04	10000	ElderbloomSeed	Mythic	43.651583224016605
ODDS	81	1	Pack04	10000	SunflowerSeed	Common	0
ODDS	81	1	Pack04	10000	BluebellSeed	Uncommon	0
ODDS	81	1	Pack04	10000	AppleSeed	Rare	19.780219780219781
ODDS	81	1	Pack04	10000	MooncapSeed	Rare	19.780219780219781
ODDS	81	1	Pack04	10000	SunflowerBloomSeed	Legendary	35.164835164835168
ODDS	81	1	Pack04	10000	ElderbloomSeed	Mythic	25.274725274725274
ODDS	111	1	Pack04	100000	SunflowerSeed	Common	0
ODDS	111	1	Pack04	100000	BluebellSeed	Uncommon	0
ODDS	111	1	Pack04	100000	AppleSeed	Rare	11.333333333333329
ODDS	111	1	Pack04	100000	MooncapSeed	Rare	11.333333333333329
ODDS	111	1	Pack04	100000	SunflowerBloomSeed	Legendary	32.333333333333336
ODDS	111	1	Pack04	100000	ElderbloomSeed	Mythic	45
ODDS	81	1	Pack04	100000	SunflowerSeed	Common	0
ODDS	81	1	Pack04	100000	BluebellSeed	Uncommon	0
ODDS	81	1	Pack04	100000	AppleSeed	Rare	18.652849740932641
ODDS	81	1	Pack04	100000	MooncapSeed	Rare	18.652849740932641
ODDS	81	1	Pack04	100000	SunflowerBloomSeed	Legendary	36.476683937823836
ODDS	81	1	Pack04	100000	ElderbloomSeed	Mythic	26.217616580310882
ODDS	111	1	Pack04	1000000	SunflowerSeed	Common	0
ODDS	111	1	Pack04	1000000	BluebellSeed	Uncommon	0
ODDS	111	1	Pack04	1000000	AppleSeed	Rare	11.333333333333329
ODDS	111	1	Pack04	1000000	MooncapSeed	Rare	11.333333333333329
ODDS	111	1	Pack04	1000000	SunflowerBloomSeed	Legendary	32.333333333333336
ODDS	111	1	Pack04	1000000	ElderbloomSeed	Mythic	45
ODDS	81	1	Pack04	1000000	SunflowerSeed	Common	0
ODDS	81	1	Pack04	1000000	BluebellSeed	Uncommon	0
ODDS	81	1	Pack04	1000000	AppleSeed	Rare	18.652849740932641
ODDS	81	1	Pack04	1000000	MooncapSeed	Rare	18.652849740932641
ODDS	81	1	Pack04	1000000	SunflowerBloomSeed	Legendary	36.476683937823836
ODDS	81	1	Pack04	1000000	ElderbloomSeed	Mythic	26.217616580310882
ODDS	111	1	Pack04	5000000	SunflowerSeed	Common	0
ODDS	111	1	Pack04	5000000	BluebellSeed	Uncommon	0
ODDS	111	1	Pack04	5000000	AppleSeed	Rare	11.333333333333329
ODDS	111	1	Pack04	5000000	MooncapSeed	Rare	11.333333333333329
ODDS	111	1	Pack04	5000000	SunflowerBloomSeed	Legendary	32.333333333333336
ODDS	111	1	Pack04	5000000	ElderbloomSeed	Mythic	45
ODDS	81	1	Pack04	5000000	SunflowerSeed	Common	0
ODDS	81	1	Pack04	5000000	BluebellSeed	Uncommon	0
ODDS	81	1	Pack04	5000000	AppleSeed	Rare	17.647058823529413
ODDS	81	1	Pack04	5000000	MooncapSeed	Rare	17.647058823529413
ODDS	81	1	Pack04	5000000	SunflowerBloomSeed	Legendary	37.647058823529413
ODDS	81	1	Pack04	5000000	ElderbloomSeed	Mythic	27.058823529411764
ODDS	111	1	Pack04	10000000	SunflowerSeed	Common	0
ODDS	111	1	Pack04	10000000	BluebellSeed	Uncommon	0
ODDS	111	1	Pack04	10000000	AppleSeed	Rare	11.333333333333329
ODDS	111	1	Pack04	10000000	MooncapSeed	Rare	11.333333333333329
ODDS	111	1	Pack04	10000000	SunflowerBloomSeed	Legendary	32.333333333333336
ODDS	111	1	Pack04	10000000	ElderbloomSeed	Mythic	45
ODDS	81	1	Pack04	10000000	SunflowerSeed	Common	0
ODDS	81	1	Pack04	10000000	BluebellSeed	Uncommon	0
ODDS	81	1	Pack04	10000000	AppleSeed	Rare	17.647058823529413
ODDS	81	1	Pack04	10000000	MooncapSeed	Rare	17.647058823529413
ODDS	81	1	Pack04	10000000	SunflowerBloomSeed	Legendary	37.647058823529413
ODDS	81	1	Pack04	10000000	ElderbloomSeed	Mythic	27.058823529411764
ODDS	111	1	Pack05	1	SunflowerSeed	Common	0
ODDS	111	1	Pack05	1	BluebellSeed	Uncommon	0
ODDS	111	1	Pack05	1	AppleSeed	Rare	17.5
ODDS	111	1	Pack05	1	MooncapSeed	Rare	17.5
ODDS	111	1	Pack05	1	SunflowerBloomSeed	Legendary	40
ODDS	111	1	Pack05	1	ElderbloomSeed	Mythic	25
ODDS	81	1	Pack05	1	SunflowerSeed	Common	0
ODDS	81	1	Pack05	1	BluebellSeed	Uncommon	0
ODDS	81	1	Pack05	1	AppleSeed	Rare	5
ODDS	81	1	Pack05	1	MooncapSeed	Rare	5
ODDS	81	1	Pack05	1	SunflowerBloomSeed	Legendary	40
ODDS	81	1	Pack05	1	ElderbloomSeed	Mythic	50
ODDS	111	1	Pack05	1.5	SunflowerSeed	Common	0
ODDS	111	1	Pack05	1.5	BluebellSeed	Uncommon	0
ODDS	111	1	Pack05	1.5	AppleSeed	Rare	16.00280670721861
ODDS	111	1	Pack05	1.5	MooncapSeed	Rare	16.00280670721861
ODDS	111	1	Pack05	1.5	SunflowerBloomSeed	Legendary	41.318761183451656
ODDS	111	1	Pack05	1.5	ElderbloomSeed	Mythic	26.67562540211112
ODDS	81	1	Pack05	1.5	SunflowerSeed	Common	0
ODDS	81	1	Pack05	1.5	BluebellSeed	Uncommon	0
ODDS	81	1	Pack05	1.5	AppleSeed	Rare	5
ODDS	81	1	Pack05	1.5	MooncapSeed	Rare	5
ODDS	81	1	Pack05	1.5	SunflowerBloomSeed	Legendary	40
ODDS	81	1	Pack05	1.5	ElderbloomSeed	Mythic	50
ODDS	111	1	Pack05	2	SunflowerSeed	Common	0
ODDS	111	1	Pack05	2	BluebellSeed	Uncommon	0
ODDS	111	1	Pack05	2	AppleSeed	Rare	14.893549962869645
ODDS	111	1	Pack05	2	MooncapSeed	Rare	14.893549962869645
ODDS	111	1	Pack05	2	SunflowerBloomSeed	Legendary	42.280721622455211
ODDS	111	1	Pack05	2	ElderbloomSeed	Mythic	27.932178451805502
ODDS	81	1	Pack05	2	SunflowerSeed	Common	0
ODDS	81	1	Pack05	2	BluebellSeed	Uncommon	0
ODDS	81	1	Pack05	2	AppleSeed	Rare	5
ODDS	81	1	Pack05	2	MooncapSeed	Rare	5
ODDS	81	1	Pack05	2	SunflowerBloomSeed	Legendary	40
ODDS	81	1	Pack05	2	ElderbloomSeed	Mythic	50
ODDS	111	1	Pack05	5	SunflowerSeed	Common	0
ODDS	111	1	Pack05	5	BluebellSeed	Uncommon	0
ODDS	111	1	Pack05	5	AppleSeed	Rare	11.080460348204602
ODDS	111	1	Pack05	5	MooncapSeed	Rare	11.080460348204602
ODDS	111	1	Pack05	5	SunflowerBloomSeed	Legendary	45.496458470241151
ODDS	111	1	Pack05	5	ElderbloomSeed	Mythic	32.342620833349649
ODDS	81	1	Pack05	5	SunflowerSeed	Common	0
ODDS	81	1	Pack05	5	BluebellSeed	Uncommon	0
ODDS	81	1	Pack05	5	AppleSeed	Rare	4.6838407494145198
ODDS	81	1	Pack05	5	MooncapSeed	Rare	4.6838407494145198
ODDS	81	1	Pack05	5	SunflowerBloomSeed	Legendary	40.28103044496487
ODDS	81	1	Pack05	5	ElderbloomSeed	Mythic	50.351288056206087
ODDS	111	1	Pack05	10	SunflowerSeed	Common	0
ODDS	111	1	Pack05	10	BluebellSeed	Uncommon	0
ODDS	111	1	Pack05	10	AppleSeed	Rare	7.8867141733276469
ODDS	111	1	Pack05	10	MooncapSeed	Rare	7.8867141733276469
ODDS	111	1	Pack05	10	SunflowerBloomSeed	Legendary	48.090577384696523
ODDS	111	1	Pack05	10	ElderbloomSeed	Mythic	36.135994268648183
ODDS	81	1	Pack05	10	SunflowerSeed	Common	0
ODDS	81	1	Pack05	10	BluebellSeed	Uncommon	0
ODDS	81	1	Pack05	10	AppleSeed	Rare	4.6838407494145198
ODDS	81	1	Pack05	10	MooncapSeed	Rare	4.6838407494145198
ODDS	81	1	Pack05	10	SunflowerBloomSeed	Legendary	40.28103044496487
ODDS	81	1	Pack05	10	ElderbloomSeed	Mythic	50.351288056206087
ODDS	111	1	Pack05	50	SunflowerSeed	Common	0
ODDS	111	1	Pack05	50	BluebellSeed	Uncommon	0
ODDS	111	1	Pack05	50	AppleSeed	Rare	6.9999999999999947
ODDS	111	1	Pack05	50	MooncapSeed	Rare	6.9999999999999947
ODDS	111	1	Pack05	50	SunflowerBloomSeed	Legendary	41
ODDS	111	1	Pack05	50	ElderbloomSeed	Mythic	45
ODDS	81	1	Pack05	50	SunflowerSeed	Common	0
ODDS	81	1	Pack05	50	BluebellSeed	Uncommon	0
ODDS	81	1	Pack05	50	AppleSeed	Rare	4.4052863436123344
ODDS	81	1	Pack05	50	MooncapSeed	Rare	4.4052863436123344
ODDS	81	1	Pack05	50	SunflowerBloomSeed	Legendary	40.528634361233479
ODDS	81	1	Pack05	50	ElderbloomSeed	Mythic	50.660792951541843
ODDS	111	1	Pack05	300	SunflowerSeed	Common	0
ODDS	111	1	Pack05	300	BluebellSeed	Uncommon	0
ODDS	111	1	Pack05	300	AppleSeed	Rare	6.9999999999999947
ODDS	111	1	Pack05	300	MooncapSeed	Rare	6.9999999999999947
ODDS	111	1	Pack05	300	SunflowerBloomSeed	Legendary	41
ODDS	111	1	Pack05	300	ElderbloomSeed	Mythic	45
ODDS	81	1	Pack05	300	SunflowerSeed	Common	0
ODDS	81	1	Pack05	300	BluebellSeed	Uncommon	0
ODDS	81	1	Pack05	300	AppleSeed	Rare	4.4052863436123344
ODDS	81	1	Pack05	300	MooncapSeed	Rare	4.4052863436123344
ODDS	81	1	Pack05	300	SunflowerBloomSeed	Legendary	40.528634361233479
ODDS	81	1	Pack05	300	ElderbloomSeed	Mythic	50.660792951541843
ODDS	111	1	Pack05	2000	SunflowerSeed	Common	0
ODDS	111	1	Pack05	2000	BluebellSeed	Uncommon	0
ODDS	111	1	Pack05	2000	AppleSeed	Rare	6.9999999999999947
ODDS	111	1	Pack05	2000	MooncapSeed	Rare	6.9999999999999947
ODDS	111	1	Pack05	2000	SunflowerBloomSeed	Legendary	41
ODDS	111	1	Pack05	2000	ElderbloomSeed	Mythic	45
ODDS	81	1	Pack05	2000	SunflowerSeed	Common	0
ODDS	81	1	Pack05	2000	BluebellSeed	Uncommon	0
ODDS	81	1	Pack05	2000	AppleSeed	Rare	4.0816326530612246
ODDS	81	1	Pack05	2000	MooncapSeed	Rare	4.0816326530612246
ODDS	81	1	Pack05	2000	SunflowerBloomSeed	Legendary	40.816326530612244
ODDS	81	1	Pack05	2000	ElderbloomSeed	Mythic	51.020408163265309
ODDS	111	1	Pack05	10000	SunflowerSeed	Common	0
ODDS	111	1	Pack05	10000	BluebellSeed	Uncommon	0
ODDS	111	1	Pack05	10000	AppleSeed	Rare	6.9999999999999947
ODDS	111	1	Pack05	10000	MooncapSeed	Rare	6.9999999999999947
ODDS	111	1	Pack05	10000	SunflowerBloomSeed	Legendary	41
ODDS	111	1	Pack05	10000	ElderbloomSeed	Mythic	45
ODDS	81	1	Pack05	10000	SunflowerSeed	Common	0
ODDS	81	1	Pack05	10000	BluebellSeed	Uncommon	0
ODDS	81	1	Pack05	10000	AppleSeed	Rare	4.0816326530612246
ODDS	81	1	Pack05	10000	MooncapSeed	Rare	4.0816326530612246
ODDS	81	1	Pack05	10000	SunflowerBloomSeed	Legendary	40.816326530612244
ODDS	81	1	Pack05	10000	ElderbloomSeed	Mythic	51.020408163265309
ODDS	111	1	Pack05	100000	SunflowerSeed	Common	0
ODDS	111	1	Pack05	100000	BluebellSeed	Uncommon	0
ODDS	111	1	Pack05	100000	AppleSeed	Rare	6.9999999999999947
ODDS	111	1	Pack05	100000	MooncapSeed	Rare	6.9999999999999947
ODDS	111	1	Pack05	100000	SunflowerBloomSeed	Legendary	41
ODDS	111	1	Pack05	100000	ElderbloomSeed	Mythic	45
ODDS	81	1	Pack05	100000	SunflowerSeed	Common	0
ODDS	81	1	Pack05	100000	BluebellSeed	Uncommon	0
ODDS	81	1	Pack05	100000	AppleSeed	Rare	3.7383177570093458
ODDS	81	1	Pack05	100000	MooncapSeed	Rare	3.7383177570093458
ODDS	81	1	Pack05	100000	SunflowerBloomSeed	Legendary	41.121495327102807
ODDS	81	1	Pack05	100000	ElderbloomSeed	Mythic	51.401869158878505
ODDS	111	1	Pack05	1000000	SunflowerSeed	Common	0
ODDS	111	1	Pack05	1000000	BluebellSeed	Uncommon	0
ODDS	111	1	Pack05	1000000	AppleSeed	Rare	6.9999999999999947
ODDS	111	1	Pack05	1000000	MooncapSeed	Rare	6.9999999999999947
ODDS	111	1	Pack05	1000000	SunflowerBloomSeed	Legendary	41
ODDS	111	1	Pack05	1000000	ElderbloomSeed	Mythic	45
ODDS	81	1	Pack05	1000000	SunflowerSeed	Common	0
ODDS	81	1	Pack05	1000000	BluebellSeed	Uncommon	0
ODDS	81	1	Pack05	1000000	AppleSeed	Rare	3.7383177570093458
ODDS	81	1	Pack05	1000000	MooncapSeed	Rare	3.7383177570093458
ODDS	81	1	Pack05	1000000	SunflowerBloomSeed	Legendary	41.121495327102807
ODDS	81	1	Pack05	1000000	ElderbloomSeed	Mythic	51.401869158878505
ODDS	111	1	Pack05	5000000	SunflowerSeed	Common	0
ODDS	111	1	Pack05	5000000	BluebellSeed	Uncommon	0
ODDS	111	1	Pack05	5000000	AppleSeed	Rare	6.9999999999999947
ODDS	111	1	Pack05	5000000	MooncapSeed	Rare	6.9999999999999947
ODDS	111	1	Pack05	5000000	SunflowerBloomSeed	Legendary	41
ODDS	111	1	Pack05	5000000	ElderbloomSeed	Mythic	45
ODDS	81	1	Pack05	5000000	SunflowerSeed	Common	0
ODDS	81	1	Pack05	5000000	BluebellSeed	Uncommon	0
ODDS	81	1	Pack05	5000000	AppleSeed	Rare	3.4482758620689653
ODDS	81	1	Pack05	5000000	MooncapSeed	Rare	3.4482758620689653
ODDS	81	1	Pack05	5000000	SunflowerBloomSeed	Legendary	41.379310344827587
ODDS	81	1	Pack05	5000000	ElderbloomSeed	Mythic	51.724137931034484
ODDS	111	1	Pack05	10000000	SunflowerSeed	Common	0
ODDS	111	1	Pack05	10000000	BluebellSeed	Uncommon	0
ODDS	111	1	Pack05	10000000	AppleSeed	Rare	6.9999999999999947
ODDS	111	1	Pack05	10000000	MooncapSeed	Rare	6.9999999999999947
ODDS	111	1	Pack05	10000000	SunflowerBloomSeed	Legendary	41
ODDS	111	1	Pack05	10000000	ElderbloomSeed	Mythic	45
ODDS	81	1	Pack05	10000000	SunflowerSeed	Common	0
ODDS	81	1	Pack05	10000000	BluebellSeed	Uncommon	0
ODDS	81	1	Pack05	10000000	AppleSeed	Rare	3.4482758620689653
ODDS	81	1	Pack05	10000000	MooncapSeed	Rare	3.4482758620689653
ODDS	81	1	Pack05	10000000	SunflowerBloomSeed	Legendary	41.379310344827587
ODDS	81	1	Pack05	10000000	ElderbloomSeed	Mythic	51.724137931034484
ODDS	111	1	Pack06	1	SunflowerSeed	Common	0
ODDS	111	1	Pack06	1	BluebellSeed	Uncommon	0
ODDS	111	1	Pack06	1	AppleSeed	Rare	0
ODDS	111	1	Pack06	1	MooncapSeed	Rare	0
ODDS	111	1	Pack06	1	SunflowerBloomSeed	Legendary	60
ODDS	111	1	Pack06	1	ElderbloomSeed	Mythic	40
ODDS	81	1	Pack06	1	SunflowerSeed	Common	0
ODDS	81	1	Pack06	1	BluebellSeed	Uncommon	0
ODDS	81	1	Pack06	1	AppleSeed	Rare	0
ODDS	81	1	Pack06	1	MooncapSeed	Rare	0
ODDS	81	1	Pack06	1	SunflowerBloomSeed	Legendary	20
ODDS	81	1	Pack06	1	ElderbloomSeed	Mythic	80
ODDS	111	1	Pack06	1.5	SunflowerSeed	Common	0
ODDS	111	1	Pack06	1.5	BluebellSeed	Uncommon	0
ODDS	111	1	Pack06	1.5	AppleSeed	Rare	0
ODDS	111	1	Pack06	1.5	MooncapSeed	Rare	0
ODDS	111	1	Pack06	1.5	SunflowerBloomSeed	Legendary	57.318999356622214
ODDS	111	1	Pack06	1.5	ElderbloomSeed	Mythic	42.681000643377793
ODDS	81	1	Pack06	1.5	SunflowerSeed	Common	0
ODDS	81	1	Pack06	1.5	BluebellSeed	Uncommon	0
ODDS	81	1	Pack06	1.5	AppleSeed	Rare	0
ODDS	81	1	Pack06	1.5	MooncapSeed	Rare	0
ODDS	81	1	Pack06	1.5	SunflowerBloomSeed	Legendary	20
ODDS	81	1	Pack06	1.5	ElderbloomSeed	Mythic	80
ODDS	111	1	Pack06	2	SunflowerSeed	Common	0
ODDS	111	1	Pack06	2	BluebellSeed	Uncommon	0
ODDS	111	1	Pack06	2	AppleSeed	Rare	0
ODDS	111	1	Pack06	2	MooncapSeed	Rare	0
ODDS	111	1	Pack06	2	SunflowerBloomSeed	Legendary	55.308514477111203
ODDS	111	1	Pack06	2	ElderbloomSeed	Mythic	44.691485522888804
ODDS	81	1	Pack06	2	SunflowerSeed	Common	0
ODDS	81	1	Pack06	2	BluebellSeed	Uncommon	0
ODDS	81	1	Pack06	2	AppleSeed	Rare	0
ODDS	81	1	Pack06	2	MooncapSeed	Rare	0
ODDS	81	1	Pack06	2	SunflowerBloomSeed	Legendary	20
ODDS	81	1	Pack06	2	ElderbloomSeed	Mythic	80
ODDS	111	1	Pack06	5	SunflowerSeed	Common	0
ODDS	111	1	Pack06	5	BluebellSeed	Uncommon	0
ODDS	111	1	Pack06	5	AppleSeed	Rare	0
ODDS	111	1	Pack06	5	MooncapSeed	Rare	0
ODDS	111	1	Pack06	5	SunflowerBloomSeed	Legendary	55.000000000000007
ODDS	111	1	Pack06	5	ElderbloomSeed	Mythic	45
ODDS	81	1	Pack06	5	SunflowerSeed	Common	0
ODDS	81	1	Pack06	5	BluebellSeed	Uncommon	0
ODDS	81	1	Pack06	5	AppleSeed	Rare	0
ODDS	81	1	Pack06	5	MooncapSeed	Rare	0
ODDS	81	1	Pack06	5	SunflowerBloomSeed	Legendary	20
ODDS	81	1	Pack06	5	ElderbloomSeed	Mythic	80
ODDS	111	1	Pack06	10	SunflowerSeed	Common	0
ODDS	111	1	Pack06	10	BluebellSeed	Uncommon	0
ODDS	111	1	Pack06	10	AppleSeed	Rare	0
ODDS	111	1	Pack06	10	MooncapSeed	Rare	0
ODDS	111	1	Pack06	10	SunflowerBloomSeed	Legendary	55.000000000000007
ODDS	111	1	Pack06	10	ElderbloomSeed	Mythic	45
ODDS	81	1	Pack06	10	SunflowerSeed	Common	0
ODDS	81	1	Pack06	10	BluebellSeed	Uncommon	0
ODDS	81	1	Pack06	10	AppleSeed	Rare	0
ODDS	81	1	Pack06	10	MooncapSeed	Rare	0
ODDS	81	1	Pack06	10	SunflowerBloomSeed	Legendary	20
ODDS	81	1	Pack06	10	ElderbloomSeed	Mythic	80
ODDS	111	1	Pack06	50	SunflowerSeed	Common	0
ODDS	111	1	Pack06	50	BluebellSeed	Uncommon	0
ODDS	111	1	Pack06	50	AppleSeed	Rare	0
ODDS	111	1	Pack06	50	MooncapSeed	Rare	0
ODDS	111	1	Pack06	50	SunflowerBloomSeed	Legendary	55.000000000000007
ODDS	111	1	Pack06	50	ElderbloomSeed	Mythic	45
ODDS	81	1	Pack06	50	SunflowerSeed	Common	0
ODDS	81	1	Pack06	50	BluebellSeed	Uncommon	0
ODDS	81	1	Pack06	50	AppleSeed	Rare	0
ODDS	81	1	Pack06	50	MooncapSeed	Rare	0
ODDS	81	1	Pack06	50	SunflowerBloomSeed	Legendary	20
ODDS	81	1	Pack06	50	ElderbloomSeed	Mythic	80
ODDS	111	1	Pack06	300	SunflowerSeed	Common	0
ODDS	111	1	Pack06	300	BluebellSeed	Uncommon	0
ODDS	111	1	Pack06	300	AppleSeed	Rare	0
ODDS	111	1	Pack06	300	MooncapSeed	Rare	0
ODDS	111	1	Pack06	300	SunflowerBloomSeed	Legendary	55.000000000000007
ODDS	111	1	Pack06	300	ElderbloomSeed	Mythic	45
ODDS	81	1	Pack06	300	SunflowerSeed	Common	0
ODDS	81	1	Pack06	300	BluebellSeed	Uncommon	0
ODDS	81	1	Pack06	300	AppleSeed	Rare	0
ODDS	81	1	Pack06	300	MooncapSeed	Rare	0
ODDS	81	1	Pack06	300	SunflowerBloomSeed	Legendary	20
ODDS	81	1	Pack06	300	ElderbloomSeed	Mythic	80
ODDS	111	1	Pack06	2000	SunflowerSeed	Common	0
ODDS	111	1	Pack06	2000	BluebellSeed	Uncommon	0
ODDS	111	1	Pack06	2000	AppleSeed	Rare	0
ODDS	111	1	Pack06	2000	MooncapSeed	Rare	0
ODDS	111	1	Pack06	2000	SunflowerBloomSeed	Legendary	55.000000000000007
ODDS	111	1	Pack06	2000	ElderbloomSeed	Mythic	45
ODDS	81	1	Pack06	2000	SunflowerSeed	Common	0
ODDS	81	1	Pack06	2000	BluebellSeed	Uncommon	0
ODDS	81	1	Pack06	2000	AppleSeed	Rare	0
ODDS	81	1	Pack06	2000	MooncapSeed	Rare	0
ODDS	81	1	Pack06	2000	SunflowerBloomSeed	Legendary	20
ODDS	81	1	Pack06	2000	ElderbloomSeed	Mythic	80
ODDS	111	1	Pack06	10000	SunflowerSeed	Common	0
ODDS	111	1	Pack06	10000	BluebellSeed	Uncommon	0
ODDS	111	1	Pack06	10000	AppleSeed	Rare	0
ODDS	111	1	Pack06	10000	MooncapSeed	Rare	0
ODDS	111	1	Pack06	10000	SunflowerBloomSeed	Legendary	55.000000000000007
ODDS	111	1	Pack06	10000	ElderbloomSeed	Mythic	45
ODDS	81	1	Pack06	10000	SunflowerSeed	Common	0
ODDS	81	1	Pack06	10000	BluebellSeed	Uncommon	0
ODDS	81	1	Pack06	10000	AppleSeed	Rare	0
ODDS	81	1	Pack06	10000	MooncapSeed	Rare	0
ODDS	81	1	Pack06	10000	SunflowerBloomSeed	Legendary	20
ODDS	81	1	Pack06	10000	ElderbloomSeed	Mythic	80
ODDS	111	1	Pack06	100000	SunflowerSeed	Common	0
ODDS	111	1	Pack06	100000	BluebellSeed	Uncommon	0
ODDS	111	1	Pack06	100000	AppleSeed	Rare	0
ODDS	111	1	Pack06	100000	MooncapSeed	Rare	0
ODDS	111	1	Pack06	100000	SunflowerBloomSeed	Legendary	55.000000000000007
ODDS	111	1	Pack06	100000	ElderbloomSeed	Mythic	45
ODDS	81	1	Pack06	100000	SunflowerSeed	Common	0
ODDS	81	1	Pack06	100000	BluebellSeed	Uncommon	0
ODDS	81	1	Pack06	100000	AppleSeed	Rare	0
ODDS	81	1	Pack06	100000	MooncapSeed	Rare	0
ODDS	81	1	Pack06	100000	SunflowerBloomSeed	Legendary	20
ODDS	81	1	Pack06	100000	ElderbloomSeed	Mythic	80
ODDS	111	1	Pack06	1000000	SunflowerSeed	Common	0
ODDS	111	1	Pack06	1000000	BluebellSeed	Uncommon	0
ODDS	111	1	Pack06	1000000	AppleSeed	Rare	0
ODDS	111	1	Pack06	1000000	MooncapSeed	Rare	0
ODDS	111	1	Pack06	1000000	SunflowerBloomSeed	Legendary	55.000000000000007
ODDS	111	1	Pack06	1000000	ElderbloomSeed	Mythic	45
ODDS	81	1	Pack06	1000000	SunflowerSeed	Common	0
ODDS	81	1	Pack06	1000000	BluebellSeed	Uncommon	0
ODDS	81	1	Pack06	1000000	AppleSeed	Rare	0
ODDS	81	1	Pack06	1000000	MooncapSeed	Rare	0
ODDS	81	1	Pack06	1000000	SunflowerBloomSeed	Legendary	20
ODDS	81	1	Pack06	1000000	ElderbloomSeed	Mythic	80
ODDS	111	1	Pack06	5000000	SunflowerSeed	Common	0
ODDS	111	1	Pack06	5000000	BluebellSeed	Uncommon	0
ODDS	111	1	Pack06	5000000	AppleSeed	Rare	0
ODDS	111	1	Pack06	5000000	MooncapSeed	Rare	0
ODDS	111	1	Pack06	5000000	SunflowerBloomSeed	Legendary	55.000000000000007
ODDS	111	1	Pack06	5000000	ElderbloomSeed	Mythic	45
ODDS	81	1	Pack06	5000000	SunflowerSeed	Common	0
ODDS	81	1	Pack06	5000000	BluebellSeed	Uncommon	0
ODDS	81	1	Pack06	5000000	AppleSeed	Rare	0
ODDS	81	1	Pack06	5000000	MooncapSeed	Rare	0
ODDS	81	1	Pack06	5000000	SunflowerBloomSeed	Legendary	20
ODDS	81	1	Pack06	5000000	ElderbloomSeed	Mythic	80
ODDS	111	1	Pack06	10000000	SunflowerSeed	Common	0
ODDS	111	1	Pack06	10000000	BluebellSeed	Uncommon	0
ODDS	111	1	Pack06	10000000	AppleSeed	Rare	0
ODDS	111	1	Pack06	10000000	MooncapSeed	Rare	0
ODDS	111	1	Pack06	10000000	SunflowerBloomSeed	Legendary	55.000000000000007
ODDS	111	1	Pack06	10000000	ElderbloomSeed	Mythic	45
ODDS	81	1	Pack06	10000000	SunflowerSeed	Common	0
ODDS	81	1	Pack06	10000000	BluebellSeed	Uncommon	0
ODDS	81	1	Pack06	10000000	AppleSeed	Rare	0
ODDS	81	1	Pack06	10000000	MooncapSeed	Rare	0
ODDS	81	1	Pack06	10000000	SunflowerBloomSeed	Legendary	20
ODDS	81	1	Pack06	10000000	ElderbloomSeed	Mythic	80
ODDS	111	6	Pack01	1	CocoaSeed	Common	58.666666666666664
ODDS	111	6	Pack01	1	PineappleSeed	Uncommon	25
ODDS	111	6	Pack01	1	VenomVineSeed	Rare	6.25
ODDS	111	6	Pack01	1	LanternFernSeed	Rare	6.25
ODDS	111	6	Pack01	1	TigerOrchidSeed	Legendary	3.3333333333333335
ODDS	111	6	Pack01	1	AncientWorldrootSeed	Mythic	0.5
ODDS	81	6	Pack01	1	CocoaSeed	Common	55
ODDS	81	6	Pack01	1	PineappleSeed	Uncommon	26
ODDS	81	6	Pack01	1	VenomVineSeed	Rare	6.5
ODDS	81	6	Pack01	1	LanternFernSeed	Rare	6.5
ODDS	81	6	Pack01	1	TigerOrchidSeed	Legendary	4
ODDS	81	6	Pack01	1	AncientWorldrootSeed	Mythic	2
ODDS	111	6	Pack01	1.5	CocoaSeed	Common	58.523257393336806
ODDS	111	6	Pack01	1.5	PineappleSeed	Uncommon	25
ODDS	111	6	Pack01	1.5	VenomVineSeed	Rare	6.25
ODDS	111	6	Pack01	1.5	LanternFernSeed	Rare	6.25
ODDS	111	6	Pack01	1.5	TigerOrchidSeed	Legendary	3.4432300986209716
ODDS	111	6	Pack01	1.5	AncientWorldrootSeed	Mythic	0.53351250804222239
ODDS	81	6	Pack01	1.5	CocoaSeed	Common	55
ODDS	81	6	Pack01	1.5	PineappleSeed	Uncommon	26
ODDS	81	6	Pack01	1.5	VenomVineSeed	Rare	6.5
ODDS	81	6	Pack01	1.5	LanternFernSeed	Rare	6.5
ODDS	81	6	Pack01	1.5	TigerOrchidSeed	Legendary	4
ODDS	81	6	Pack01	1.5	AncientWorldrootSeed	Mythic	2
ODDS	111	6	Pack01	2	CocoaSeed	Common	58.41796296242596
ODDS	111	6	Pack01	2	PineappleSeed	Uncommon	25
ODDS	111	6	Pack01	2	VenomVineSeed	Rare	6.25
ODDS	111	6	Pack01	2	LanternFernSeed	Rare	6.25
ODDS	111	6	Pack01	2	TigerOrchidSeed	Legendary	3.5233934685379347
ODDS	111	6	Pack01	2	AncientWorldrootSeed	Mythic	0.55864356903611001
ODDS	81	6	Pack01	2	CocoaSeed	Common	55
ODDS	81	6	Pack01	2	PineappleSeed	Uncommon	26
ODDS	81	6	Pack01	2	VenomVineSeed	Rare	6.5
ODDS	81	6	Pack01	2	LanternFernSeed	Rare	6.5
ODDS	81	6	Pack01	2	TigerOrchidSeed	Legendary	4
ODDS	81	6	Pack01	2	AncientWorldrootSeed	Mythic	2
ODDS	111	6	Pack01	5	CocoaSeed	Common	58.061776044146242
ODDS	111	6	Pack01	5	PineappleSeed	Uncommon	25
ODDS	111	6	Pack01	5	VenomVineSeed	Rare	6.25
ODDS	111	6	Pack01	5	LanternFernSeed	Rare	6.25
ODDS	111	6	Pack01	5	TigerOrchidSeed	Legendary	3.7913715391867622
ODDS	111	6	Pack01	5	AncientWorldrootSeed	Mythic	0.646852416666993
ODDS	81	6	Pack01	5	CocoaSeed	Common	54.7536087605774
ODDS	81	6	Pack01	5	PineappleSeed	Uncommon	25.883524141363861
ODDS	81	6	Pack01	5	VenomVineSeed	Rare	6.4708810353409651
ODDS	81	6	Pack01	5	LanternFernSeed	Rare	6.4708810353409651
ODDS	81	6	Pack01	5	TigerOrchidSeed	Legendary	4.2807366849178692
ODDS	81	6	Pack01	5	AncientWorldrootSeed	Mythic	2.1403683424589346
ODDS	111	6	Pack01	10	CocoaSeed	Common	57.769731999235653
ODDS	111	6	Pack01	10	PineappleSeed	Uncommon	25
ODDS	111	6	Pack01	10	VenomVineSeed	Rare	6.25
ODDS	111	6	Pack01	10	LanternFernSeed	Rare	6.25
ODDS	111	6	Pack01	10	TigerOrchidSeed	Legendary	4.0075481153913763
ODDS	111	6	Pack01	10	AncientWorldrootSeed	Mythic	0.72271988537296372
ODDS	81	6	Pack01	10	CocoaSeed	Common	54.7536087605774
ODDS	81	6	Pack01	10	PineappleSeed	Uncommon	25.883524141363861
ODDS	81	6	Pack01	10	VenomVineSeed	Rare	6.4708810353409651
ODDS	81	6	Pack01	10	LanternFernSeed	Rare	6.4708810353409651
ODDS	81	6	Pack01	10	TigerOrchidSeed	Legendary	4.2807366849178692
ODDS	81	6	Pack01	10	AncientWorldrootSeed	Mythic	2.1403683424589346
ODDS	111	6	Pack01	50	CocoaSeed	Common	57.006782631161492
ODDS	111	6	Pack01	50	PineappleSeed	Uncommon	25
ODDS	111	6	Pack01	50	VenomVineSeed	Rare	6.25
ODDS	111	6	Pack01	50	LanternFernSeed	Rare	6.25
ODDS	111	6	Pack01	50	TigerOrchidSeed	Legendary	4.5582311599849241
ODDS	111	6	Pack01	50	AncientWorldrootSeed	Mythic	0.93498620885358752
ODDS	81	6	Pack01	50	CocoaSeed	Common	54.509415262636281
ODDS	81	6	Pack01	50	PineappleSeed	Uncommon	25.768087215064423
ODDS	81	6	Pack01	50	VenomVineSeed	Rare	6.4420218037661057
ODDS	81	6	Pack01	50	LanternFernSeed	Rare	6.4420218037661057
ODDS	81	6	Pack01	50	TigerOrchidSeed	Legendary	4.5589692765113972
ODDS	81	6	Pack01	50	AncientWorldrootSeed	Mythic	2.2794846382556986
ODDS	111	6	Pack01	300	CocoaSeed	Common	55.993838970636943
ODDS	111	6	Pack01	300	PineappleSeed	Uncommon	25
ODDS	111	6	Pack01	300	VenomVineSeed	Rare	6.25
ODDS	111	6	Pack01	300	LanternFernSeed	Rare	6.25
ODDS	111	6	Pack01	300	TigerOrchidSeed	Legendary	5.260759470209905
ODDS	111	6	Pack01	300	AncientWorldrootSeed	Mythic	1.2454015591531438
ODDS	81	6	Pack01	300	CocoaSeed	Common	54.509415262636281
ODDS	81	6	Pack01	300	PineappleSeed	Uncommon	25.768087215064423
ODDS	81	6	Pack01	300	VenomVineSeed	Rare	6.4420218037661057
ODDS	81	6	Pack01	300	LanternFernSeed	Rare	6.4420218037661057
ODDS	81	6	Pack01	300	TigerOrchidSeed	Legendary	4.5589692765113972
ODDS	81	6	Pack01	300	AncientWorldrootSeed	Mythic	2.2794846382556986
ODDS	111	6	Pack01	2000	CocoaSeed	Common	54.689967302962515
ODDS	111	6	Pack01	2000	PineappleSeed	Uncommon	25
ODDS	111	6	Pack01	2000	VenomVineSeed	Rare	6.25
ODDS	111	6	Pack01	2000	LanternFernSeed	Rare	6.25
ODDS	111	6	Pack01	2000	TigerOrchidSeed	Legendary	6.122956089635359
ODDS	111	6	Pack01	2000	AncientWorldrootSeed	Mythic	1.6870766074021228
ODDS	81	6	Pack01	2000	CocoaSeed	Common	54.187192118226598
ODDS	81	6	Pack01	2000	PineappleSeed	Uncommon	25.615763546798028
ODDS	81	6	Pack01	2000	VenomVineSeed	Rare	6.4039408866995071
ODDS	81	6	Pack01	2000	LanternFernSeed	Rare	6.4039408866995071
ODDS	81	6	Pack01	2000	TigerOrchidSeed	Legendary	4.9261083743842367
ODDS	81	6	Pack01	2000	AncientWorldrootSeed	Mythic	2.4630541871921183
ODDS	111	6	Pack01	10000	CocoaSeed	Common	53.353100402619035
ODDS	111	6	Pack01	10000	PineappleSeed	Uncommon	25
ODDS	111	6	Pack01	10000	VenomVineSeed	Rare	6.25
ODDS	111	6	Pack01	10000	LanternFernSeed	Rare	6.25
ODDS	111	6	Pack01	10000	TigerOrchidSeed	Legendary	6.9643204361801327
ODDS	111	6	Pack01	10000	AncientWorldrootSeed	Mythic	2.1825791612008301
ODDS	81	6	Pack01	10000	CocoaSeed	Common	54.187192118226598
ODDS	81	6	Pack01	10000	PineappleSeed	Uncommon	25.615763546798028
ODDS	81	6	Pack01	10000	VenomVineSeed	Rare	6.4039408866995071
ODDS	81	6	Pack01	10000	LanternFernSeed	Rare	6.4039408866995071
ODDS	81	6	Pack01	10000	TigerOrchidSeed	Legendary	4.9261083743842367
ODDS	81	6	Pack01	10000	AncientWorldrootSeed	Mythic	2.4630541871921183
ODDS	111	6	Pack01	100000	CocoaSeed	Common	50.972258505900434
ODDS	111	6	Pack01	100000	PineappleSeed	Uncommon	25
ODDS	111	6	Pack01	100000	VenomVineSeed	Rare	6.25
ODDS	111	6	Pack01	100000	LanternFernSeed	Rare	6.25
ODDS	111	6	Pack01	100000	TigerOrchidSeed	Legendary	8.3729547716986001
ODDS	111	6	Pack01	100000	AncientWorldrootSeed	Mythic	3.1547867224009667
ODDS	81	6	Pack01	100000	CocoaSeed	Common	53.789731051344745
ODDS	81	6	Pack01	100000	PineappleSeed	Uncommon	25.427872860635699
ODDS	81	6	Pack01	100000	VenomVineSeed	Rare	6.3569682151589246
ODDS	81	6	Pack01	100000	LanternFernSeed	Rare	6.3569682151589246
ODDS	81	6	Pack01	100000	TigerOrchidSeed	Legendary	5.3789731051344747
ODDS	81	6	Pack01	100000	AncientWorldrootSeed	Mythic	2.6894865525672373
ODDS	111	6	Pack01	1000000	CocoaSeed	Common	47.873440068547055
ODDS	111	6	Pack01	1000000	PineappleSeed	Uncommon	25
ODDS	111	6	Pack01	1000000	VenomVineSeed	Rare	6.25
ODDS	111	6	Pack01	1000000	LanternFernSeed	Rare	6.25
ODDS	111	6	Pack01	1000000	TigerOrchidSeed	Legendary	10.066505734673386
ODDS	111	6	Pack01	1000000	AncientWorldrootSeed	Mythic	4.5600541967795492
ODDS	81	6	Pack01	1000000	CocoaSeed	Common	53.789731051344745
ODDS	81	6	Pack01	1000000	PineappleSeed	Uncommon	25.427872860635699
ODDS	81	6	Pack01	1000000	VenomVineSeed	Rare	6.3569682151589246
ODDS	81	6	Pack01	1000000	LanternFernSeed	Rare	6.3569682151589246
ODDS	81	6	Pack01	1000000	TigerOrchidSeed	Legendary	5.3789731051344747
ODDS	81	6	Pack01	1000000	AncientWorldrootSeed	Mythic	2.6894865525672373
ODDS	111	6	Pack01	5000000	CocoaSeed	Common	45.150876842911067
ODDS	111	6	Pack01	5000000	PineappleSeed	Uncommon	25
ODDS	111	6	Pack01	5000000	VenomVineSeed	Rare	6.25
ODDS	111	6	Pack01	5000000	LanternFernSeed	Rare	6.25
ODDS	111	6	Pack01	5000000	TigerOrchidSeed	Legendary	11.449759002450303
ODDS	111	6	Pack01	5000000	AncientWorldrootSeed	Mythic	5.8993641546386293
ODDS	81	6	Pack01	5000000	CocoaSeed	Common	53.398058252427184
ODDS	81	6	Pack01	5000000	PineappleSeed	Uncommon	25.242718446601941
ODDS	81	6	Pack01	5000000	VenomVineSeed	Rare	6.3106796116504853
ODDS	81	6	Pack01	5000000	LanternFernSeed	Rare	6.3106796116504853
ODDS	81	6	Pack01	5000000	TigerOrchidSeed	Legendary	5.825242718446602
ODDS	81	6	Pack01	5000000	AncientWorldrootSeed	Mythic	2.912621359223301
ODDS	111	6	Pack01	10000000	CocoaSeed	Common	45.150876842911067
ODDS	111	6	Pack01	10000000	PineappleSeed	Uncommon	25
ODDS	111	6	Pack01	10000000	VenomVineSeed	Rare	6.25
ODDS	111	6	Pack01	10000000	LanternFernSeed	Rare	6.25
ODDS	111	6	Pack01	10000000	TigerOrchidSeed	Legendary	11.449759002450303
ODDS	111	6	Pack01	10000000	AncientWorldrootSeed	Mythic	5.8993641546386293
ODDS	81	6	Pack01	10000000	CocoaSeed	Common	53.398058252427184
ODDS	81	6	Pack01	10000000	PineappleSeed	Uncommon	25.242718446601941
ODDS	81	6	Pack01	10000000	VenomVineSeed	Rare	6.3106796116504853
ODDS	81	6	Pack01	10000000	LanternFernSeed	Rare	6.3106796116504853
ODDS	81	6	Pack01	10000000	TigerOrchidSeed	Legendary	5.825242718446602
ODDS	81	6	Pack01	10000000	AncientWorldrootSeed	Mythic	2.912621359223301
ODDS	111	6	Pack02	1	CocoaSeed	Common	38.749999999999993
ODDS	111	6	Pack02	1	PineappleSeed	Uncommon	33.333333333333329
ODDS	111	6	Pack02	1	VenomVineSeed	Rare	10
ODDS	111	6	Pack02	1	LanternFernSeed	Rare	10
ODDS	111	6	Pack02	1	TigerOrchidSeed	Legendary	6.666666666666667
ODDS	111	6	Pack02	1	AncientWorldrootSeed	Mythic	1.25
ODDS	81	6	Pack02	1	CocoaSeed	Common	25
ODDS	81	6	Pack02	1	PineappleSeed	Uncommon	38
ODDS	81	6	Pack02	1	VenomVineSeed	Rare	12.5
ODDS	81	6	Pack02	1	LanternFernSeed	Rare	12.5
ODDS	81	6	Pack02	1	TigerOrchidSeed	Legendary	8
ODDS	81	6	Pack02	1	AncientWorldrootSeed	Mythic	4
ODDS	111	6	Pack02	1.5	CocoaSeed	Common	38.446425199319165
ODDS	111	6	Pack02	1.5	PineappleSeed	Uncommon	33.333333333333329
ODDS	111	6	Pack02	1.5	VenomVineSeed	Rare	10
ODDS	111	6	Pack02	1.5	LanternFernSeed	Rare	10
ODDS	111	6	Pack02	1.5	TigerOrchidSeed	Legendary	6.8864601972419432
ODDS	111	6	Pack02	1.5	AncientWorldrootSeed	Mythic	1.333781270105556
ODDS	81	6	Pack02	1.5	CocoaSeed	Common	25
ODDS	81	6	Pack02	1.5	PineappleSeed	Uncommon	38
ODDS	81	6	Pack02	1.5	VenomVineSeed	Rare	12.5
ODDS	81	6	Pack02	1.5	LanternFernSeed	Rare	12.5
ODDS	81	6	Pack02	1.5	TigerOrchidSeed	Legendary	8
ODDS	81	6	Pack02	1.5	AncientWorldrootSeed	Mythic	4
ODDS	111	6	Pack02	2	CocoaSeed	Common	38.223270807000517
ODDS	111	6	Pack02	2	PineappleSeed	Uncommon	33.333333333333329
ODDS	111	6	Pack02	2	VenomVineSeed	Rare	10
ODDS	111	6	Pack02	2	LanternFernSeed	Rare	10
ODDS	111	6	Pack02	2	TigerOrchidSeed	Legendary	7.0467869370758693
ODDS	111	6	Pack02	2	AncientWorldrootSeed	Mythic	1.3966089225902751
ODDS	81	6	Pack02	2	CocoaSeed	Common	25
ODDS	81	6	Pack02	2	PineappleSeed	Uncommon	38
ODDS	81	6	Pack02	2	VenomVineSeed	Rare	12.5
ODDS	81	6	Pack02	2	LanternFernSeed	Rare	12.5
ODDS	81	6	Pack02	2	TigerOrchidSeed	Legendary	8
ODDS	81	6	Pack02	2	AncientWorldrootSeed	Mythic	4
ODDS	111	6	Pack02	5	CocoaSeed	Common	37.466792546625662
ODDS	111	6	Pack02	5	PineappleSeed	Uncommon	33.333333333333329
ODDS	111	6	Pack02	5	VenomVineSeed	Rare	10
ODDS	111	6	Pack02	5	LanternFernSeed	Rare	10
ODDS	111	6	Pack02	5	TigerOrchidSeed	Legendary	7.5827430783735243
ODDS	111	6	Pack02	5	AncientWorldrootSeed	Mythic	1.6171310416674824
ODDS	81	6	Pack02	5	CocoaSeed	Common	24.777006937561946
ODDS	81	6	Pack02	5	PineappleSeed	Uncommon	37.661050545094156
ODDS	81	6	Pack02	5	VenomVineSeed	Rare	12.388503468780973
ODDS	81	6	Pack02	5	LanternFernSeed	Rare	12.388503468780973
ODDS	81	6	Pack02	5	TigerOrchidSeed	Legendary	8.5232903865213085
ODDS	81	6	Pack02	5	AncientWorldrootSeed	Mythic	4.2616451932606543
ODDS	111	6	Pack02	10	CocoaSeed	Common	36.8447707224515
ODDS	111	6	Pack02	10	PineappleSeed	Uncommon	33.333333333333329
ODDS	111	6	Pack02	10	VenomVineSeed	Rare	10
ODDS	111	6	Pack02	10	LanternFernSeed	Rare	10
ODDS	111	6	Pack02	10	TigerOrchidSeed	Legendary	8.0150962307827527
ODDS	111	6	Pack02	10	AncientWorldrootSeed	Mythic	1.8067997134324092
ODDS	81	6	Pack02	10	CocoaSeed	Common	24.777006937561946
ODDS	81	6	Pack02	10	PineappleSeed	Uncommon	37.661050545094156
ODDS	81	6	Pack02	10	VenomVineSeed	Rare	12.388503468780973
ODDS	81	6	Pack02	10	LanternFernSeed	Rare	12.388503468780973
ODDS	81	6	Pack02	10	TigerOrchidSeed	Legendary	8.5232903865213085
ODDS	81	6	Pack02	10	AncientWorldrootSeed	Mythic	4.2616451932606543
ODDS	111	6	Pack02	50	CocoaSeed	Common	35.212738824562848
ODDS	111	6	Pack02	50	PineappleSeed	Uncommon	33.333333333333329
ODDS	111	6	Pack02	50	VenomVineSeed	Rare	10
ODDS	111	6	Pack02	50	LanternFernSeed	Rare	10
ODDS	111	6	Pack02	50	TigerOrchidSeed	Legendary	9.1164623199698482
ODDS	111	6	Pack02	50	AncientWorldrootSeed	Mythic	2.3374655221339689
ODDS	81	6	Pack02	50	CocoaSeed	Common	24.557956777996072
ODDS	81	6	Pack02	50	PineappleSeed	Uncommon	37.328094302554028
ODDS	81	6	Pack02	50	VenomVineSeed	Rare	12.278978388998036
ODDS	81	6	Pack02	50	LanternFernSeed	Rare	12.278978388998036
ODDS	81	6	Pack02	50	TigerOrchidSeed	Legendary	9.0373280943025538
ODDS	81	6	Pack02	50	AncientWorldrootSeed	Mythic	4.5186640471512769
ODDS	111	6	Pack02	300	CocoaSeed	Common	33.031643828363997
ODDS	111	6	Pack02	300	PineappleSeed	Uncommon	33.333333333333329
ODDS	111	6	Pack02	300	VenomVineSeed	Rare	10
ODDS	111	6	Pack02	300	LanternFernSeed	Rare	10
ODDS	111	6	Pack02	300	TigerOrchidSeed	Legendary	10.52151894041981
ODDS	111	6	Pack02	300	AncientWorldrootSeed	Mythic	3.1135038978828593
ODDS	81	6	Pack02	300	CocoaSeed	Common	24.557956777996072
ODDS	81	6	Pack02	300	PineappleSeed	Uncommon	37.328094302554028
ODDS	81	6	Pack02	300	VenomVineSeed	Rare	12.278978388998036
ODDS	81	6	Pack02	300	LanternFernSeed	Rare	12.278978388998036
ODDS	81	6	Pack02	300	TigerOrchidSeed	Legendary	9.0373280943025538
ODDS	81	6	Pack02	300	AncientWorldrootSeed	Mythic	4.5186640471512769
ODDS	111	6	Pack02	2000	CocoaSeed	Common	30.203062968890638
ODDS	111	6	Pack02	2000	PineappleSeed	Uncommon	33.333333333333329
ODDS	111	6	Pack02	2000	VenomVineSeed	Rare	10
ODDS	111	6	Pack02	2000	LanternFernSeed	Rare	10
ODDS	111	6	Pack02	2000	TigerOrchidSeed	Legendary	12.245912179270718
ODDS	111	6	Pack02	2000	AncientWorldrootSeed	Mythic	4.2176915185053074
ODDS	81	6	Pack02	2000	CocoaSeed	Common	24.271844660194176
ODDS	81	6	Pack02	2000	PineappleSeed	Uncommon	36.893203883495147
ODDS	81	6	Pack02	2000	VenomVineSeed	Rare	12.135922330097088
ODDS	81	6	Pack02	2000	LanternFernSeed	Rare	12.135922330097088
ODDS	81	6	Pack02	2000	TigerOrchidSeed	Legendary	9.7087378640776691
ODDS	81	6	Pack02	2000	AncientWorldrootSeed	Mythic	4.8543689320388346
ODDS	111	6	Pack02	10000	CocoaSeed	Common	27.28157789130432
ODDS	111	6	Pack02	10000	PineappleSeed	Uncommon	33.333333333333329
ODDS	111	6	Pack02	10000	VenomVineSeed	Rare	10
ODDS	111	6	Pack02	10000	LanternFernSeed	Rare	10
ODDS	111	6	Pack02	10000	TigerOrchidSeed	Legendary	13.928640872360265
ODDS	111	6	Pack02	10000	AncientWorldrootSeed	Mythic	5.4564479030020756
ODDS	81	6	Pack02	10000	CocoaSeed	Common	24.271844660194176
ODDS	81	6	Pack02	10000	PineappleSeed	Uncommon	36.893203883495147
ODDS	81	6	Pack02	10000	VenomVineSeed	Rare	12.135922330097088
ODDS	81	6	Pack02	10000	LanternFernSeed	Rare	12.135922330097088
ODDS	81	6	Pack02	10000	TigerOrchidSeed	Legendary	9.7087378640776691
ODDS	81	6	Pack02	10000	AncientWorldrootSeed	Mythic	4.8543689320388346
ODDS	111	6	Pack02	100000	CocoaSeed	Common	22.033790317267044
ODDS	111	6	Pack02	100000	PineappleSeed	Uncommon	33.333333333333329
ODDS	111	6	Pack02	100000	VenomVineSeed	Rare	10
ODDS	111	6	Pack02	100000	LanternFernSeed	Rare	10
ODDS	111	6	Pack02	100000	TigerOrchidSeed	Legendary	16.7459095433972
ODDS	111	6	Pack02	100000	AncientWorldrootSeed	Mythic	7.8869668060024161
ODDS	81	6	Pack02	100000	CocoaSeed	Common	23.923444976076556
ODDS	81	6	Pack02	100000	PineappleSeed	Uncommon	36.363636363636367
ODDS	81	6	Pack02	100000	VenomVineSeed	Rare	11.961722488038278
ODDS	81	6	Pack02	100000	LanternFernSeed	Rare	11.961722488038278
ODDS	81	6	Pack02	100000	TigerOrchidSeed	Legendary	10.526315789473685
ODDS	81	6	Pack02	100000	AncientWorldrootSeed	Mythic	5.2631578947368425
ODDS	111	6	Pack02	1000000	CocoaSeed	Common	15.500000000000004
ODDS	111	6	Pack02	1000000	PineappleSeed	Uncommon	33.333333333333329
ODDS	111	6	Pack02	1000000	VenomVineSeed	Rare	10
ODDS	111	6	Pack02	1000000	LanternFernSeed	Rare	10
ODDS	111	6	Pack02	1000000	TigerOrchidSeed	Legendary	19.766531174717795
ODDS	111	6	Pack02	1000000	AncientWorldrootSeed	Mythic	11.400135491948873
ODDS	81	6	Pack02	1000000	CocoaSeed	Common	23.923444976076556
ODDS	81	6	Pack02	1000000	PineappleSeed	Uncommon	36.363636363636367
ODDS	81	6	Pack02	1000000	VenomVineSeed	Rare	11.961722488038278
ODDS	81	6	Pack02	1000000	LanternFernSeed	Rare	11.961722488038278
ODDS	81	6	Pack02	1000000	TigerOrchidSeed	Legendary	10.526315789473685
ODDS	81	6	Pack02	1000000	AncientWorldrootSeed	Mythic	5.2631578947368425
ODDS	111	6	Pack02	5000000	CocoaSeed	Common	15.500000000000004
ODDS	111	6	Pack02	5000000	PineappleSeed	Uncommon	33.333333333333329
ODDS	111	6	Pack02	5000000	VenomVineSeed	Rare	10
ODDS	111	6	Pack02	5000000	LanternFernSeed	Rare	10
ODDS	111	6	Pack02	5000000	TigerOrchidSeed	Legendary	16.418256280070086
ODDS	111	6	Pack02	5000000	AncientWorldrootSeed	Mythic	14.748410386596575
ODDS	81	6	Pack02	5000000	CocoaSeed	Common	23.584905660377359
ODDS	81	6	Pack02	5000000	PineappleSeed	Uncommon	35.849056603773583
ODDS	81	6	Pack02	5000000	VenomVineSeed	Rare	11.79245283018868
ODDS	81	6	Pack02	5000000	LanternFernSeed	Rare	11.79245283018868
ODDS	81	6	Pack02	5000000	TigerOrchidSeed	Legendary	11.320754716981131
ODDS	81	6	Pack02	5000000	AncientWorldrootSeed	Mythic	5.6603773584905657
ODDS	111	6	Pack02	10000000	CocoaSeed	Common	15.500000000000004
ODDS	111	6	Pack02	10000000	PineappleSeed	Uncommon	33.333333333333329
ODDS	111	6	Pack02	10000000	VenomVineSeed	Rare	10
ODDS	111	6	Pack02	10000000	LanternFernSeed	Rare	10
ODDS	111	6	Pack02	10000000	TigerOrchidSeed	Legendary	16.418256280070086
ODDS	111	6	Pack02	10000000	AncientWorldrootSeed	Mythic	14.748410386596575
ODDS	81	6	Pack02	10000000	CocoaSeed	Common	23.584905660377359
ODDS	81	6	Pack02	10000000	PineappleSeed	Uncommon	35.849056603773583
ODDS	81	6	Pack02	10000000	VenomVineSeed	Rare	11.79245283018868
ODDS	81	6	Pack02	10000000	LanternFernSeed	Rare	11.79245283018868
ODDS	81	6	Pack02	10000000	TigerOrchidSeed	Legendary	11.320754716981131
ODDS	81	6	Pack02	10000000	AncientWorldrootSeed	Mythic	5.6603773584905657
ODDS	111	6	Pack03	1	CocoaSeed	Common	0
ODDS	111	6	Pack03	1	PineappleSeed	Uncommon	42.380952380952387
ODDS	111	6	Pack03	1	VenomVineSeed	Rare	20
ODDS	111	6	Pack03	1	LanternFernSeed	Rare	20
ODDS	111	6	Pack03	1	TigerOrchidSeed	Legendary	14.285714285714285
ODDS	111	6	Pack03	1	AncientWorldrootSeed	Mythic	3.3333333333333335
ODDS	81	6	Pack03	1	CocoaSeed	Common	0
ODDS	81	6	Pack03	1	PineappleSeed	Uncommon	25
ODDS	81	6	Pack03	1	VenomVineSeed	Rare	24
ODDS	81	6	Pack03	1	LanternFernSeed	Rare	24
ODDS	81	6	Pack03	1	TigerOrchidSeed	Legendary	18
ODDS	81	6	Pack03	1	AncientWorldrootSeed	Mythic	9
ODDS	111	6	Pack03	1.5	CocoaSeed	Common	0
ODDS	111	6	Pack03	1.5	PineappleSeed	Uncommon	41.686549523723883
ODDS	111	6	Pack03	1.5	VenomVineSeed	Rare	20
ODDS	111	6	Pack03	1.5	LanternFernSeed	Rare	20
ODDS	111	6	Pack03	1.5	TigerOrchidSeed	Legendary	14.756700422661307
ODDS	111	6	Pack03	1.5	AncientWorldrootSeed	Mythic	3.5567500536148158
ODDS	81	6	Pack03	1.5	CocoaSeed	Common	0
ODDS	81	6	Pack03	1.5	PineappleSeed	Uncommon	25
ODDS	81	6	Pack03	1.5	VenomVineSeed	Rare	24
ODDS	81	6	Pack03	1.5	LanternFernSeed	Rare	24
ODDS	81	6	Pack03	1.5	TigerOrchidSeed	Legendary	18
ODDS	81	6	Pack03	1.5	AncientWorldrootSeed	Mythic	9
ODDS	111	6	Pack03	2	CocoaSeed	Common	0
ODDS	111	6	Pack03	2	PineappleSeed	Uncommon	41.175451817453833
ODDS	111	6	Pack03	2	VenomVineSeed	Rare	20
ODDS	111	6	Pack03	2	LanternFernSeed	Rare	20
ODDS	111	6	Pack03	2	TigerOrchidSeed	Legendary	15.100257722305432
ODDS	111	6	Pack03	2	AncientWorldrootSeed	Mythic	3.7242904602407334
ODDS	81	6	Pack03	2	CocoaSeed	Common	0
ODDS	81	6	Pack03	2	PineappleSeed	Uncommon	25
ODDS	81	6	Pack03	2	VenomVineSeed	Rare	24
ODDS	81	6	Pack03	2	LanternFernSeed	Rare	24
ODDS	81	6	Pack03	2	TigerOrchidSeed	Legendary	18
ODDS	81	6	Pack03	2	AncientWorldrootSeed	Mythic	9
ODDS	111	6	Pack03	5	CocoaSeed	Common	0
ODDS	111	6	Pack03	5	PineappleSeed	Uncommon	39.438915387610109
ODDS	111	6	Pack03	5	VenomVineSeed	Rare	20
ODDS	111	6	Pack03	5	LanternFernSeed	Rare	20
ODDS	111	6	Pack03	5	TigerOrchidSeed	Legendary	16.248735167943266
ODDS	111	6	Pack03	5	AncientWorldrootSeed	Mythic	4.3123494444466202
ODDS	81	6	Pack03	5	CocoaSeed	Common	0
ODDS	81	6	Pack03	5	PineappleSeed	Uncommon	24.50379808870375
ODDS	81	6	Pack03	5	VenomVineSeed	Rare	23.523646165155601
ODDS	81	6	Pack03	5	LanternFernSeed	Rare	23.523646165155601
ODDS	81	6	Pack03	5	TigerOrchidSeed	Legendary	18.965939720656703
ODDS	81	6	Pack03	5	AncientWorldrootSeed	Mythic	9.4829698603283514
ODDS	111	6	Pack03	10	CocoaSeed	Common	0
ODDS	111	6	Pack03	10	PineappleSeed	Uncommon	38.006661222026715
ODDS	111	6	Pack03	10	VenomVineSeed	Rare	20
ODDS	111	6	Pack03	10	LanternFernSeed	Rare	20
ODDS	111	6	Pack03	10	TigerOrchidSeed	Legendary	17.175206208820185
ODDS	111	6	Pack03	10	AncientWorldrootSeed	Mythic	4.8181325691530912
ODDS	81	6	Pack03	10	CocoaSeed	Common	0
ODDS	81	6	Pack03	10	PineappleSeed	Uncommon	24.50379808870375
ODDS	81	6	Pack03	10	VenomVineSeed	Rare	23.523646165155601
ODDS	81	6	Pack03	10	LanternFernSeed	Rare	23.523646165155601
ODDS	81	6	Pack03	10	TigerOrchidSeed	Legendary	18.965939720656703
ODDS	81	6	Pack03	10	AncientWorldrootSeed	Mythic	9.4829698603283514
ODDS	111	6	Pack03	50	CocoaSeed	Common	0
ODDS	111	6	Pack03	50	PineappleSeed	Uncommon	34.231482207707366
ODDS	111	6	Pack03	50	VenomVineSeed	Rare	20
ODDS	111	6	Pack03	50	LanternFernSeed	Rare	20
ODDS	111	6	Pack03	50	TigerOrchidSeed	Legendary	19.535276399935388
ODDS	111	6	Pack03	50	AncientWorldrootSeed	Mythic	6.2332413923572503
ODDS	81	6	Pack03	50	CocoaSeed	Common	0
ODDS	81	6	Pack03	50	PineappleSeed	Uncommon	24.02691013935608
ODDS	81	6	Pack03	50	VenomVineSeed	Rare	23.065833733781837
ODDS	81	6	Pack03	50	LanternFernSeed	Rare	23.065833733781837
ODDS	81	6	Pack03	50	TigerOrchidSeed	Legendary	19.894281595386833
ODDS	81	6	Pack03	50	AncientWorldrootSeed	Mythic	9.9471407976934163
ODDS	111	6	Pack03	300	CocoaSeed	Common	0
ODDS	111	6	Pack03	300	PineappleSeed	Uncommon	29.151210923793734
ODDS	111	6	Pack03	300	VenomVineSeed	Rare	20
ODDS	111	6	Pack03	300	LanternFernSeed	Rare	20
ODDS	111	6	Pack03	300	TigerOrchidSeed	Legendary	22.546112015185305
ODDS	111	6	Pack03	300	AncientWorldrootSeed	Mythic	8.3026770610209581
ODDS	81	6	Pack03	300	CocoaSeed	Common	0
ODDS	81	6	Pack03	300	PineappleSeed	Uncommon	24.02691013935608
ODDS	81	6	Pack03	300	VenomVineSeed	Rare	23.065833733781837
ODDS	81	6	Pack03	300	LanternFernSeed	Rare	23.065833733781837
ODDS	81	6	Pack03	300	TigerOrchidSeed	Legendary	19.894281595386833
ODDS	81	6	Pack03	300	AncientWorldrootSeed	Mythic	9.9471407976934163
ODDS	111	6	Pack03	2000	CocoaSeed	Common	0
ODDS	111	6	Pack03	2000	PineappleSeed	Uncommon	22.511582233167648
ODDS	111	6	Pack03	2000	VenomVineSeed	Rare	20
ODDS	111	6	Pack03	2000	LanternFernSeed	Rare	20
ODDS	111	6	Pack03	2000	TigerOrchidSeed	Legendary	26.241240384151538
ODDS	111	6	Pack03	2000	AncientWorldrootSeed	Mythic	11.247177382680819
ODDS	81	6	Pack03	2000	CocoaSeed	Common	0
ODDS	81	6	Pack03	2000	PineappleSeed	Uncommon	23.419203747072601
ODDS	81	6	Pack03	2000	VenomVineSeed	Rare	22.482435597189696
ODDS	81	6	Pack03	2000	LanternFernSeed	Rare	22.482435597189696
ODDS	81	6	Pack03	2000	TigerOrchidSeed	Legendary	21.07728337236534
ODDS	81	6	Pack03	2000	AncientWorldrootSeed	Mythic	10.53864168618267
ODDS	111	6	Pack03	10000	CocoaSeed	Common	0
ODDS	111	6	Pack03	10000	PineappleSeed	Uncommon	16.952380952380953
ODDS	111	6	Pack03	10000	VenomVineSeed	Rare	20
ODDS	111	6	Pack03	10000	LanternFernSeed	Rare	20
ODDS	111	6	Pack03	10000	TigerOrchidSeed	Legendary	28.497091306280183
ODDS	111	6	Pack03	10000	AncientWorldrootSeed	Mythic	14.550527741338867
ODDS	81	6	Pack03	10000	CocoaSeed	Common	0
ODDS	81	6	Pack03	10000	PineappleSeed	Uncommon	23.419203747072601
ODDS	81	6	Pack03	10000	VenomVineSeed	Rare	22.482435597189696
ODDS	81	6	Pack03	10000	LanternFernSeed	Rare	22.482435597189696
ODDS	81	6	Pack03	10000	TigerOrchidSeed	Legendary	21.07728337236534
ODDS	81	6	Pack03	10000	AncientWorldrootSeed	Mythic	10.53864168618267
ODDS	111	6	Pack03	100000	CocoaSeed	Common	0
ODDS	111	6	Pack03	100000	PineappleSeed	Uncommon	16.952380952380953
ODDS	111	6	Pack03	100000	VenomVineSeed	Rare	20
ODDS	111	6	Pack03	100000	LanternFernSeed	Rare	20
ODDS	111	6	Pack03	100000	TigerOrchidSeed	Legendary	22.015707564945934
ODDS	111	6	Pack03	100000	AncientWorldrootSeed	Mythic	21.031911482673106
ODDS	81	6	Pack03	100000	CocoaSeed	Common	0
ODDS	81	6	Pack03	100000	PineappleSeed	Uncommon	22.701475595913735
ODDS	81	6	Pack03	100000	VenomVineSeed	Rare	21.793416572077184
ODDS	81	6	Pack03	100000	LanternFernSeed	Rare	21.793416572077184
ODDS	81	6	Pack03	100000	TigerOrchidSeed	Legendary	22.474460839954595
ODDS	81	6	Pack03	100000	AncientWorldrootSeed	Mythic	11.237230419977298
ODDS	111	6	Pack03	1000000	CocoaSeed	Common	0
ODDS	111	6	Pack03	1000000	PineappleSeed	Uncommon	16.952380952380942
ODDS	111	6	Pack03	1000000	VenomVineSeed	Rare	20
ODDS	111	6	Pack03	1000000	LanternFernSeed	Rare	20
ODDS	111	6	Pack03	1000000	TigerOrchidSeed	Legendary	12.647257735755401
ODDS	111	6	Pack03	1000000	AncientWorldrootSeed	Mythic	30.400361311863662
ODDS	81	6	Pack03	1000000	CocoaSeed	Common	0
ODDS	81	6	Pack03	1000000	PineappleSeed	Uncommon	22.701475595913735
ODDS	81	6	Pack03	1000000	VenomVineSeed	Rare	21.793416572077184
ODDS	81	6	Pack03	1000000	LanternFernSeed	Rare	21.793416572077184
ODDS	81	6	Pack03	1000000	TigerOrchidSeed	Legendary	22.474460839954595
ODDS	81	6	Pack03	1000000	AncientWorldrootSeed	Mythic	11.237230419977298
ODDS	111	6	Pack03	5000000	CocoaSeed	Common	0
ODDS	111	6	Pack03	5000000	PineappleSeed	Uncommon	16.952380952380942
ODDS	111	6	Pack03	5000000	VenomVineSeed	Rare	20
ODDS	111	6	Pack03	5000000	LanternFernSeed	Rare	20
ODDS	111	6	Pack03	5000000	TigerOrchidSeed	Legendary	7.1428571428571397
ODDS	111	6	Pack03	5000000	AncientWorldrootSeed	Mythic	35.904761904761919
ODDS	81	6	Pack03	5000000	CocoaSeed	Common	0
ODDS	81	6	Pack03	5000000	PineappleSeed	Uncommon	22.026431718061673
ODDS	81	6	Pack03	5000000	VenomVineSeed	Rare	21.145374449339208
ODDS	81	6	Pack03	5000000	LanternFernSeed	Rare	21.145374449339208
ODDS	81	6	Pack03	5000000	TigerOrchidSeed	Legendary	23.788546255506606
ODDS	81	6	Pack03	5000000	AncientWorldrootSeed	Mythic	11.894273127753303
ODDS	111	6	Pack03	10000000	CocoaSeed	Common	0
ODDS	111	6	Pack03	10000000	PineappleSeed	Uncommon	16.952380952380942
ODDS	111	6	Pack03	10000000	VenomVineSeed	Rare	20
ODDS	111	6	Pack03	10000000	LanternFernSeed	Rare	20
ODDS	111	6	Pack03	10000000	TigerOrchidSeed	Legendary	7.1428571428571397
ODDS	111	6	Pack03	10000000	AncientWorldrootSeed	Mythic	35.904761904761919
ODDS	81	6	Pack03	10000000	CocoaSeed	Common	0
ODDS	81	6	Pack03	10000000	PineappleSeed	Uncommon	22.026431718061673
ODDS	81	6	Pack03	10000000	VenomVineSeed	Rare	21.145374449339208
ODDS	81	6	Pack03	10000000	LanternFernSeed	Rare	21.145374449339208
ODDS	81	6	Pack03	10000000	TigerOrchidSeed	Legendary	23.788546255506606
ODDS	81	6	Pack03	10000000	AncientWorldrootSeed	Mythic	11.894273127753303
ODDS	111	6	Pack04	1	CocoaSeed	Common	0
ODDS	111	6	Pack04	1	PineappleSeed	Uncommon	0
ODDS	111	6	Pack04	1	VenomVineSeed	Rare	28.333333333333332
ODDS	111	6	Pack04	1	LanternFernSeed	Rare	28.333333333333332
ODDS	111	6	Pack04	1	TigerOrchidSeed	Legendary	33.333333333333329
ODDS	111	6	Pack04	1	AncientWorldrootSeed	Mythic	10
ODDS	81	6	Pack04	1	CocoaSeed	Common	0
ODDS	81	6	Pack04	1	PineappleSeed	Uncommon	0
ODDS	81	6	Pack04	1	VenomVineSeed	Rare	22.5
ODDS	81	6	Pack04	1	LanternFernSeed	Rare	22.5
ODDS	81	6	Pack04	1	TigerOrchidSeed	Legendary	32
ODDS	81	6	Pack04	1	AncientWorldrootSeed	Mythic	23
ODDS	111	6	Pack04	1.5	CocoaSeed	Common	0
ODDS	111	6	Pack04	1.5	PineappleSeed	Uncommon	0
ODDS	111	6	Pack04	1.5	VenomVineSeed	Rare	27.448724426472921
ODDS	111	6	Pack04	1.5	LanternFernSeed	Rare	27.448724426472921
ODDS	111	6	Pack04	1.5	TigerOrchidSeed	Legendary	34.432300986209711
ODDS	111	6	Pack04	1.5	AncientWorldrootSeed	Mythic	10.670250160844448
ODDS	81	6	Pack04	1.5	CocoaSeed	Common	0
ODDS	81	6	Pack04	1.5	PineappleSeed	Uncommon	0
ODDS	81	6	Pack04	1.5	VenomVineSeed	Rare	22.5
ODDS	81	6	Pack04	1.5	LanternFernSeed	Rare	22.5
ODDS	81	6	Pack04	1.5	TigerOrchidSeed	Legendary	32
ODDS	81	6	Pack04	1.5	AncientWorldrootSeed	Mythic	23
ODDS	111	6	Pack04	2	CocoaSeed	Common	0
ODDS	111	6	Pack04	2	PineappleSeed	Uncommon	0
ODDS	111	6	Pack04	2	VenomVineSeed	Rare	26.796596966949227
ODDS	111	6	Pack04	2	LanternFernSeed	Rare	26.796596966949227
ODDS	111	6	Pack04	2	TigerOrchidSeed	Legendary	35.233934685379339
ODDS	111	6	Pack04	2	AncientWorldrootSeed	Mythic	11.172871380722201
ODDS	81	6	Pack04	2	CocoaSeed	Common	0
ODDS	81	6	Pack04	2	PineappleSeed	Uncommon	0
ODDS	81	6	Pack04	2	VenomVineSeed	Rare	22.5
ODDS	81	6	Pack04	2	LanternFernSeed	Rare	22.5
ODDS	81	6	Pack04	2	TigerOrchidSeed	Legendary	32
ODDS	81	6	Pack04	2	AncientWorldrootSeed	Mythic	23
ODDS	111	6	Pack04	5	CocoaSeed	Common	0
ODDS	111	6	Pack04	5	PineappleSeed	Uncommon	0
ODDS	111	6	Pack04	5	VenomVineSeed	Rare	24.574618137396261
ODDS	111	6	Pack04	5	LanternFernSeed	Rare	24.574618137396261
ODDS	111	6	Pack04	5	TigerOrchidSeed	Legendary	37.913715391867619
ODDS	111	6	Pack04	5	AncientWorldrootSeed	Mythic	12.93704833333986
ODDS	81	6	Pack04	5	CocoaSeed	Common	0
ODDS	81	6	Pack04	5	PineappleSeed	Uncommon	0
ODDS	81	6	Pack04	5	VenomVineSeed	Rare	21.608643457382954
ODDS	81	6	Pack04	5	LanternFernSeed	Rare	21.608643457382954
ODDS	81	6	Pack04	5	TigerOrchidSeed	Legendary	33.037214885954384
ODDS	81	6	Pack04	5	AncientWorldrootSeed	Mythic	23.745498199279712
ODDS	111	6	Pack04	10	CocoaSeed	Common	0
ODDS	111	6	Pack04	10	PineappleSeed	Uncommon	0
ODDS	111	6	Pack04	10	VenomVineSeed	Rare	22.735060569313482
ODDS	111	6	Pack04	10	LanternFernSeed	Rare	22.735060569313482
ODDS	111	6	Pack04	10	TigerOrchidSeed	Legendary	40.075481153913763
ODDS	111	6	Pack04	10	AncientWorldrootSeed	Mythic	14.454397707459274
ODDS	81	6	Pack04	10	CocoaSeed	Common	0
ODDS	81	6	Pack04	10	PineappleSeed	Uncommon	0
ODDS	81	6	Pack04	10	VenomVineSeed	Rare	21.608643457382954
ODDS	81	6	Pack04	10	LanternFernSeed	Rare	21.608643457382954
ODDS	81	6	Pack04	10	TigerOrchidSeed	Legendary	33.037214885954384
ODDS	81	6	Pack04	10	AncientWorldrootSeed	Mythic	23.745498199279712
ODDS	111	6	Pack04	50	CocoaSeed	Common	0
ODDS	111	6	Pack04	50	PineappleSeed	Uncommon	0
ODDS	111	6	Pack04	50	VenomVineSeed	Rare	17.858982111539508
ODDS	111	6	Pack04	50	LanternFernSeed	Rare	17.858982111539508
ODDS	111	6	Pack04	50	TigerOrchidSeed	Legendary	45.582311599849234
ODDS	111	6	Pack04	50	AncientWorldrootSeed	Mythic	18.699724177071751
ODDS	81	6	Pack04	50	CocoaSeed	Common	0
ODDS	81	6	Pack04	50	PineappleSeed	Uncommon	0
ODDS	81	6	Pack04	50	VenomVineSeed	Rare	20.785219399538107
ODDS	81	6	Pack04	50	LanternFernSeed	Rare	20.785219399538107
ODDS	81	6	Pack04	50	TigerOrchidSeed	Legendary	33.995381062355655
ODDS	81	6	Pack04	50	AncientWorldrootSeed	Mythic	24.434180138568131
ODDS	111	6	Pack04	300	CocoaSeed	Common	0
ODDS	111	6	Pack04	300	PineappleSeed	Uncommon	0
ODDS	111	6	Pack04	300	VenomVineSeed	Rare	12.545984408468563
ODDS	111	6	Pack04	300	LanternFernSeed	Rare	12.545984408468563
ODDS	111	6	Pack04	300	TigerOrchidSeed	Legendary	50
ODDS	111	6	Pack04	300	AncientWorldrootSeed	Mythic	24.908031183062874
ODDS	81	6	Pack04	300	CocoaSeed	Common	0
ODDS	81	6	Pack04	300	PineappleSeed	Uncommon	0
ODDS	81	6	Pack04	300	VenomVineSeed	Rare	20.785219399538107
ODDS	81	6	Pack04	300	LanternFernSeed	Rare	20.785219399538107
ODDS	81	6	Pack04	300	TigerOrchidSeed	Legendary	33.995381062355655
ODDS	81	6	Pack04	300	AncientWorldrootSeed	Mythic	24.434180138568131
ODDS	111	6	Pack04	2000	CocoaSeed	Common	0
ODDS	111	6	Pack04	2000	PineappleSeed	Uncommon	0
ODDS	111	6	Pack04	2000	VenomVineSeed	Rare	11.333333333333329
ODDS	111	6	Pack04	2000	LanternFernSeed	Rare	11.333333333333329
ODDS	111	6	Pack04	2000	TigerOrchidSeed	Legendary	43.591801185290876
ODDS	111	6	Pack04	2000	AncientWorldrootSeed	Mythic	33.741532148042459
ODDS	81	6	Pack04	2000	CocoaSeed	Common	0
ODDS	81	6	Pack04	2000	PineappleSeed	Uncommon	0
ODDS	81	6	Pack04	2000	VenomVineSeed	Rare	19.780219780219781
ODDS	81	6	Pack04	2000	LanternFernSeed	Rare	19.780219780219781
ODDS	81	6	Pack04	2000	TigerOrchidSeed	Legendary	35.164835164835168
ODDS	81	6	Pack04	2000	AncientWorldrootSeed	Mythic	25.274725274725274
ODDS	111	6	Pack04	10000	CocoaSeed	Common	0
ODDS	111	6	Pack04	10000	PineappleSeed	Uncommon	0
ODDS	111	6	Pack04	10000	VenomVineSeed	Rare	11.333333333333339
ODDS	111	6	Pack04	10000	LanternFernSeed	Rare	11.333333333333339
ODDS	111	6	Pack04	10000	TigerOrchidSeed	Legendary	33.681750109316724
ODDS	111	6	Pack04	10000	AncientWorldrootSeed	Mythic	43.651583224016605
ODDS	81	6	Pack04	10000	CocoaSeed	Common	0
ODDS	81	6	Pack04	10000	PineappleSeed	Uncommon	0
ODDS	81	6	Pack04	10000	VenomVineSeed	Rare	19.780219780219781
ODDS	81	6	Pack04	10000	LanternFernSeed	Rare	19.780219780219781
ODDS	81	6	Pack04	10000	TigerOrchidSeed	Legendary	35.164835164835168
ODDS	81	6	Pack04	10000	AncientWorldrootSeed	Mythic	25.274725274725274
ODDS	111	6	Pack04	100000	CocoaSeed	Common	0
ODDS	111	6	Pack04	100000	PineappleSeed	Uncommon	0
ODDS	111	6	Pack04	100000	VenomVineSeed	Rare	11.333333333333329
ODDS	111	6	Pack04	100000	LanternFernSeed	Rare	11.333333333333329
ODDS	111	6	Pack04	100000	TigerOrchidSeed	Legendary	32.333333333333336
ODDS	111	6	Pack04	100000	AncientWorldrootSeed	Mythic	45
ODDS	81	6	Pack04	100000	CocoaSeed	Common	0
ODDS	81	6	Pack04	100000	PineappleSeed	Uncommon	0
ODDS	81	6	Pack04	100000	VenomVineSeed	Rare	18.652849740932641
ODDS	81	6	Pack04	100000	LanternFernSeed	Rare	18.652849740932641
ODDS	81	6	Pack04	100000	TigerOrchidSeed	Legendary	36.476683937823836
ODDS	81	6	Pack04	100000	AncientWorldrootSeed	Mythic	26.217616580310882
ODDS	111	6	Pack04	1000000	CocoaSeed	Common	0
ODDS	111	6	Pack04	1000000	PineappleSeed	Uncommon	0
ODDS	111	6	Pack04	1000000	VenomVineSeed	Rare	11.333333333333329
ODDS	111	6	Pack04	1000000	LanternFernSeed	Rare	11.333333333333329
ODDS	111	6	Pack04	1000000	TigerOrchidSeed	Legendary	32.333333333333336
ODDS	111	6	Pack04	1000000	AncientWorldrootSeed	Mythic	45
ODDS	81	6	Pack04	1000000	CocoaSeed	Common	0
ODDS	81	6	Pack04	1000000	PineappleSeed	Uncommon	0
ODDS	81	6	Pack04	1000000	VenomVineSeed	Rare	18.652849740932641
ODDS	81	6	Pack04	1000000	LanternFernSeed	Rare	18.652849740932641
ODDS	81	6	Pack04	1000000	TigerOrchidSeed	Legendary	36.476683937823836
ODDS	81	6	Pack04	1000000	AncientWorldrootSeed	Mythic	26.217616580310882
ODDS	111	6	Pack04	5000000	CocoaSeed	Common	0
ODDS	111	6	Pack04	5000000	PineappleSeed	Uncommon	0
ODDS	111	6	Pack04	5000000	VenomVineSeed	Rare	11.333333333333329
ODDS	111	6	Pack04	5000000	LanternFernSeed	Rare	11.333333333333329
ODDS	111	6	Pack04	5000000	TigerOrchidSeed	Legendary	32.333333333333336
ODDS	111	6	Pack04	5000000	AncientWorldrootSeed	Mythic	45
ODDS	81	6	Pack04	5000000	CocoaSeed	Common	0
ODDS	81	6	Pack04	5000000	PineappleSeed	Uncommon	0
ODDS	81	6	Pack04	5000000	VenomVineSeed	Rare	17.647058823529413
ODDS	81	6	Pack04	5000000	LanternFernSeed	Rare	17.647058823529413
ODDS	81	6	Pack04	5000000	TigerOrchidSeed	Legendary	37.647058823529413
ODDS	81	6	Pack04	5000000	AncientWorldrootSeed	Mythic	27.058823529411764
ODDS	111	6	Pack04	10000000	CocoaSeed	Common	0
ODDS	111	6	Pack04	10000000	PineappleSeed	Uncommon	0
ODDS	111	6	Pack04	10000000	VenomVineSeed	Rare	11.333333333333329
ODDS	111	6	Pack04	10000000	LanternFernSeed	Rare	11.333333333333329
ODDS	111	6	Pack04	10000000	TigerOrchidSeed	Legendary	32.333333333333336
ODDS	111	6	Pack04	10000000	AncientWorldrootSeed	Mythic	45
ODDS	81	6	Pack04	10000000	CocoaSeed	Common	0
ODDS	81	6	Pack04	10000000	PineappleSeed	Uncommon	0
ODDS	81	6	Pack04	10000000	VenomVineSeed	Rare	17.647058823529413
ODDS	81	6	Pack04	10000000	LanternFernSeed	Rare	17.647058823529413
ODDS	81	6	Pack04	10000000	TigerOrchidSeed	Legendary	37.647058823529413
ODDS	81	6	Pack04	10000000	AncientWorldrootSeed	Mythic	27.058823529411764
ODDS	111	6	Pack05	1	CocoaSeed	Common	0
ODDS	111	6	Pack05	1	PineappleSeed	Uncommon	0
ODDS	111	6	Pack05	1	VenomVineSeed	Rare	17.5
ODDS	111	6	Pack05	1	LanternFernSeed	Rare	17.5
ODDS	111	6	Pack05	1	TigerOrchidSeed	Legendary	40
ODDS	111	6	Pack05	1	AncientWorldrootSeed	Mythic	25
ODDS	81	6	Pack05	1	CocoaSeed	Common	0
ODDS	81	6	Pack05	1	PineappleSeed	Uncommon	0
ODDS	81	6	Pack05	1	VenomVineSeed	Rare	5
ODDS	81	6	Pack05	1	LanternFernSeed	Rare	5
ODDS	81	6	Pack05	1	TigerOrchidSeed	Legendary	40
ODDS	81	6	Pack05	1	AncientWorldrootSeed	Mythic	50
ODDS	111	6	Pack05	1.5	CocoaSeed	Common	0
ODDS	111	6	Pack05	1.5	PineappleSeed	Uncommon	0
ODDS	111	6	Pack05	1.5	VenomVineSeed	Rare	16.00280670721861
ODDS	111	6	Pack05	1.5	LanternFernSeed	Rare	16.00280670721861
ODDS	111	6	Pack05	1.5	TigerOrchidSeed	Legendary	41.318761183451656
ODDS	111	6	Pack05	1.5	AncientWorldrootSeed	Mythic	26.67562540211112
ODDS	81	6	Pack05	1.5	CocoaSeed	Common	0
ODDS	81	6	Pack05	1.5	PineappleSeed	Uncommon	0
ODDS	81	6	Pack05	1.5	VenomVineSeed	Rare	5
ODDS	81	6	Pack05	1.5	LanternFernSeed	Rare	5
ODDS	81	6	Pack05	1.5	TigerOrchidSeed	Legendary	40
ODDS	81	6	Pack05	1.5	AncientWorldrootSeed	Mythic	50
ODDS	111	6	Pack05	2	CocoaSeed	Common	0
ODDS	111	6	Pack05	2	PineappleSeed	Uncommon	0
ODDS	111	6	Pack05	2	VenomVineSeed	Rare	14.893549962869645
ODDS	111	6	Pack05	2	LanternFernSeed	Rare	14.893549962869645
ODDS	111	6	Pack05	2	TigerOrchidSeed	Legendary	42.280721622455211
ODDS	111	6	Pack05	2	AncientWorldrootSeed	Mythic	27.932178451805502
ODDS	81	6	Pack05	2	CocoaSeed	Common	0
ODDS	81	6	Pack05	2	PineappleSeed	Uncommon	0
ODDS	81	6	Pack05	2	VenomVineSeed	Rare	5
ODDS	81	6	Pack05	2	LanternFernSeed	Rare	5
ODDS	81	6	Pack05	2	TigerOrchidSeed	Legendary	40
ODDS	81	6	Pack05	2	AncientWorldrootSeed	Mythic	50
ODDS	111	6	Pack05	5	CocoaSeed	Common	0
ODDS	111	6	Pack05	5	PineappleSeed	Uncommon	0
ODDS	111	6	Pack05	5	VenomVineSeed	Rare	11.080460348204602
ODDS	111	6	Pack05	5	LanternFernSeed	Rare	11.080460348204602
ODDS	111	6	Pack05	5	TigerOrchidSeed	Legendary	45.496458470241151
ODDS	111	6	Pack05	5	AncientWorldrootSeed	Mythic	32.342620833349649
ODDS	81	6	Pack05	5	CocoaSeed	Common	0
ODDS	81	6	Pack05	5	PineappleSeed	Uncommon	0
ODDS	81	6	Pack05	5	VenomVineSeed	Rare	4.6838407494145198
ODDS	81	6	Pack05	5	LanternFernSeed	Rare	4.6838407494145198
ODDS	81	6	Pack05	5	TigerOrchidSeed	Legendary	40.28103044496487
ODDS	81	6	Pack05	5	AncientWorldrootSeed	Mythic	50.351288056206087
ODDS	111	6	Pack05	10	CocoaSeed	Common	0
ODDS	111	6	Pack05	10	PineappleSeed	Uncommon	0
ODDS	111	6	Pack05	10	VenomVineSeed	Rare	7.8867141733276469
ODDS	111	6	Pack05	10	LanternFernSeed	Rare	7.8867141733276469
ODDS	111	6	Pack05	10	TigerOrchidSeed	Legendary	48.090577384696523
ODDS	111	6	Pack05	10	AncientWorldrootSeed	Mythic	36.135994268648183
ODDS	81	6	Pack05	10	CocoaSeed	Common	0
ODDS	81	6	Pack05	10	PineappleSeed	Uncommon	0
ODDS	81	6	Pack05	10	VenomVineSeed	Rare	4.6838407494145198
ODDS	81	6	Pack05	10	LanternFernSeed	Rare	4.6838407494145198
ODDS	81	6	Pack05	10	TigerOrchidSeed	Legendary	40.28103044496487
ODDS	81	6	Pack05	10	AncientWorldrootSeed	Mythic	50.351288056206087
ODDS	111	6	Pack05	50	CocoaSeed	Common	0
ODDS	111	6	Pack05	50	PineappleSeed	Uncommon	0
ODDS	111	6	Pack05	50	VenomVineSeed	Rare	6.9999999999999947
ODDS	111	6	Pack05	50	LanternFernSeed	Rare	6.9999999999999947
ODDS	111	6	Pack05	50	TigerOrchidSeed	Legendary	41
ODDS	111	6	Pack05	50	AncientWorldrootSeed	Mythic	45
ODDS	81	6	Pack05	50	CocoaSeed	Common	0
ODDS	81	6	Pack05	50	PineappleSeed	Uncommon	0
ODDS	81	6	Pack05	50	VenomVineSeed	Rare	4.4052863436123344
ODDS	81	6	Pack05	50	LanternFernSeed	Rare	4.4052863436123344
ODDS	81	6	Pack05	50	TigerOrchidSeed	Legendary	40.528634361233479
ODDS	81	6	Pack05	50	AncientWorldrootSeed	Mythic	50.660792951541843
ODDS	111	6	Pack05	300	CocoaSeed	Common	0
ODDS	111	6	Pack05	300	PineappleSeed	Uncommon	0
ODDS	111	6	Pack05	300	VenomVineSeed	Rare	6.9999999999999947
ODDS	111	6	Pack05	300	LanternFernSeed	Rare	6.9999999999999947
ODDS	111	6	Pack05	300	TigerOrchidSeed	Legendary	41
ODDS	111	6	Pack05	300	AncientWorldrootSeed	Mythic	45
ODDS	81	6	Pack05	300	CocoaSeed	Common	0
ODDS	81	6	Pack05	300	PineappleSeed	Uncommon	0
ODDS	81	6	Pack05	300	VenomVineSeed	Rare	4.4052863436123344
ODDS	81	6	Pack05	300	LanternFernSeed	Rare	4.4052863436123344
ODDS	81	6	Pack05	300	TigerOrchidSeed	Legendary	40.528634361233479
ODDS	81	6	Pack05	300	AncientWorldrootSeed	Mythic	50.660792951541843
ODDS	111	6	Pack05	2000	CocoaSeed	Common	0
ODDS	111	6	Pack05	2000	PineappleSeed	Uncommon	0
ODDS	111	6	Pack05	2000	VenomVineSeed	Rare	6.9999999999999947
ODDS	111	6	Pack05	2000	LanternFernSeed	Rare	6.9999999999999947
ODDS	111	6	Pack05	2000	TigerOrchidSeed	Legendary	41
ODDS	111	6	Pack05	2000	AncientWorldrootSeed	Mythic	45
ODDS	81	6	Pack05	2000	CocoaSeed	Common	0
ODDS	81	6	Pack05	2000	PineappleSeed	Uncommon	0
ODDS	81	6	Pack05	2000	VenomVineSeed	Rare	4.0816326530612246
ODDS	81	6	Pack05	2000	LanternFernSeed	Rare	4.0816326530612246
ODDS	81	6	Pack05	2000	TigerOrchidSeed	Legendary	40.816326530612244
ODDS	81	6	Pack05	2000	AncientWorldrootSeed	Mythic	51.020408163265309
ODDS	111	6	Pack05	10000	CocoaSeed	Common	0
ODDS	111	6	Pack05	10000	PineappleSeed	Uncommon	0
ODDS	111	6	Pack05	10000	VenomVineSeed	Rare	6.9999999999999947
ODDS	111	6	Pack05	10000	LanternFernSeed	Rare	6.9999999999999947
ODDS	111	6	Pack05	10000	TigerOrchidSeed	Legendary	41
ODDS	111	6	Pack05	10000	AncientWorldrootSeed	Mythic	45
ODDS	81	6	Pack05	10000	CocoaSeed	Common	0
ODDS	81	6	Pack05	10000	PineappleSeed	Uncommon	0
ODDS	81	6	Pack05	10000	VenomVineSeed	Rare	4.0816326530612246
ODDS	81	6	Pack05	10000	LanternFernSeed	Rare	4.0816326530612246
ODDS	81	6	Pack05	10000	TigerOrchidSeed	Legendary	40.816326530612244
ODDS	81	6	Pack05	10000	AncientWorldrootSeed	Mythic	51.020408163265309
ODDS	111	6	Pack05	100000	CocoaSeed	Common	0
ODDS	111	6	Pack05	100000	PineappleSeed	Uncommon	0
ODDS	111	6	Pack05	100000	VenomVineSeed	Rare	6.9999999999999947
ODDS	111	6	Pack05	100000	LanternFernSeed	Rare	6.9999999999999947
ODDS	111	6	Pack05	100000	TigerOrchidSeed	Legendary	41
ODDS	111	6	Pack05	100000	AncientWorldrootSeed	Mythic	45
ODDS	81	6	Pack05	100000	CocoaSeed	Common	0
ODDS	81	6	Pack05	100000	PineappleSeed	Uncommon	0
ODDS	81	6	Pack05	100000	VenomVineSeed	Rare	3.7383177570093458
ODDS	81	6	Pack05	100000	LanternFernSeed	Rare	3.7383177570093458
ODDS	81	6	Pack05	100000	TigerOrchidSeed	Legendary	41.121495327102807
ODDS	81	6	Pack05	100000	AncientWorldrootSeed	Mythic	51.401869158878505
ODDS	111	6	Pack05	1000000	CocoaSeed	Common	0
ODDS	111	6	Pack05	1000000	PineappleSeed	Uncommon	0
ODDS	111	6	Pack05	1000000	VenomVineSeed	Rare	6.9999999999999947
ODDS	111	6	Pack05	1000000	LanternFernSeed	Rare	6.9999999999999947
ODDS	111	6	Pack05	1000000	TigerOrchidSeed	Legendary	41
ODDS	111	6	Pack05	1000000	AncientWorldrootSeed	Mythic	45
ODDS	81	6	Pack05	1000000	CocoaSeed	Common	0
ODDS	81	6	Pack05	1000000	PineappleSeed	Uncommon	0
ODDS	81	6	Pack05	1000000	VenomVineSeed	Rare	3.7383177570093458
ODDS	81	6	Pack05	1000000	LanternFernSeed	Rare	3.7383177570093458
ODDS	81	6	Pack05	1000000	TigerOrchidSeed	Legendary	41.121495327102807
ODDS	81	6	Pack05	1000000	AncientWorldrootSeed	Mythic	51.401869158878505
ODDS	111	6	Pack05	5000000	CocoaSeed	Common	0
ODDS	111	6	Pack05	5000000	PineappleSeed	Uncommon	0
ODDS	111	6	Pack05	5000000	VenomVineSeed	Rare	6.9999999999999947
ODDS	111	6	Pack05	5000000	LanternFernSeed	Rare	6.9999999999999947
ODDS	111	6	Pack05	5000000	TigerOrchidSeed	Legendary	41
ODDS	111	6	Pack05	5000000	AncientWorldrootSeed	Mythic	45
ODDS	81	6	Pack05	5000000	CocoaSeed	Common	0
ODDS	81	6	Pack05	5000000	PineappleSeed	Uncommon	0
ODDS	81	6	Pack05	5000000	VenomVineSeed	Rare	3.4482758620689653
ODDS	81	6	Pack05	5000000	LanternFernSeed	Rare	3.4482758620689653
ODDS	81	6	Pack05	5000000	TigerOrchidSeed	Legendary	41.379310344827587
ODDS	81	6	Pack05	5000000	AncientWorldrootSeed	Mythic	51.724137931034484
ODDS	111	6	Pack05	10000000	CocoaSeed	Common	0
ODDS	111	6	Pack05	10000000	PineappleSeed	Uncommon	0
ODDS	111	6	Pack05	10000000	VenomVineSeed	Rare	6.9999999999999947
ODDS	111	6	Pack05	10000000	LanternFernSeed	Rare	6.9999999999999947
ODDS	111	6	Pack05	10000000	TigerOrchidSeed	Legendary	41
ODDS	111	6	Pack05	10000000	AncientWorldrootSeed	Mythic	45
ODDS	81	6	Pack05	10000000	CocoaSeed	Common	0
ODDS	81	6	Pack05	10000000	PineappleSeed	Uncommon	0
ODDS	81	6	Pack05	10000000	VenomVineSeed	Rare	3.4482758620689653
ODDS	81	6	Pack05	10000000	LanternFernSeed	Rare	3.4482758620689653
ODDS	81	6	Pack05	10000000	TigerOrchidSeed	Legendary	41.379310344827587
ODDS	81	6	Pack05	10000000	AncientWorldrootSeed	Mythic	51.724137931034484
ODDS	111	6	Pack06	1	CocoaSeed	Common	0
ODDS	111	6	Pack06	1	PineappleSeed	Uncommon	0
ODDS	111	6	Pack06	1	VenomVineSeed	Rare	0
ODDS	111	6	Pack06	1	LanternFernSeed	Rare	0
ODDS	111	6	Pack06	1	TigerOrchidSeed	Legendary	60
ODDS	111	6	Pack06	1	AncientWorldrootSeed	Mythic	40
ODDS	81	6	Pack06	1	CocoaSeed	Common	0
ODDS	81	6	Pack06	1	PineappleSeed	Uncommon	0
ODDS	81	6	Pack06	1	VenomVineSeed	Rare	0
ODDS	81	6	Pack06	1	LanternFernSeed	Rare	0
ODDS	81	6	Pack06	1	TigerOrchidSeed	Legendary	20
ODDS	81	6	Pack06	1	AncientWorldrootSeed	Mythic	80
ODDS	111	6	Pack06	1.5	CocoaSeed	Common	0
ODDS	111	6	Pack06	1.5	PineappleSeed	Uncommon	0
ODDS	111	6	Pack06	1.5	VenomVineSeed	Rare	0
ODDS	111	6	Pack06	1.5	LanternFernSeed	Rare	0
ODDS	111	6	Pack06	1.5	TigerOrchidSeed	Legendary	57.318999356622214
ODDS	111	6	Pack06	1.5	AncientWorldrootSeed	Mythic	42.681000643377793
ODDS	81	6	Pack06	1.5	CocoaSeed	Common	0
ODDS	81	6	Pack06	1.5	PineappleSeed	Uncommon	0
ODDS	81	6	Pack06	1.5	VenomVineSeed	Rare	0
ODDS	81	6	Pack06	1.5	LanternFernSeed	Rare	0
ODDS	81	6	Pack06	1.5	TigerOrchidSeed	Legendary	20
ODDS	81	6	Pack06	1.5	AncientWorldrootSeed	Mythic	80
ODDS	111	6	Pack06	2	CocoaSeed	Common	0
ODDS	111	6	Pack06	2	PineappleSeed	Uncommon	0
ODDS	111	6	Pack06	2	VenomVineSeed	Rare	0
ODDS	111	6	Pack06	2	LanternFernSeed	Rare	0
ODDS	111	6	Pack06	2	TigerOrchidSeed	Legendary	55.308514477111203
ODDS	111	6	Pack06	2	AncientWorldrootSeed	Mythic	44.691485522888804
ODDS	81	6	Pack06	2	CocoaSeed	Common	0
ODDS	81	6	Pack06	2	PineappleSeed	Uncommon	0
ODDS	81	6	Pack06	2	VenomVineSeed	Rare	0
ODDS	81	6	Pack06	2	LanternFernSeed	Rare	0
ODDS	81	6	Pack06	2	TigerOrchidSeed	Legendary	20
ODDS	81	6	Pack06	2	AncientWorldrootSeed	Mythic	80
ODDS	111	6	Pack06	5	CocoaSeed	Common	0
ODDS	111	6	Pack06	5	PineappleSeed	Uncommon	0
ODDS	111	6	Pack06	5	VenomVineSeed	Rare	0
ODDS	111	6	Pack06	5	LanternFernSeed	Rare	0
ODDS	111	6	Pack06	5	TigerOrchidSeed	Legendary	55.000000000000007
ODDS	111	6	Pack06	5	AncientWorldrootSeed	Mythic	45
ODDS	81	6	Pack06	5	CocoaSeed	Common	0
ODDS	81	6	Pack06	5	PineappleSeed	Uncommon	0
ODDS	81	6	Pack06	5	VenomVineSeed	Rare	0
ODDS	81	6	Pack06	5	LanternFernSeed	Rare	0
ODDS	81	6	Pack06	5	TigerOrchidSeed	Legendary	20
ODDS	81	6	Pack06	5	AncientWorldrootSeed	Mythic	80
ODDS	111	6	Pack06	10	CocoaSeed	Common	0
ODDS	111	6	Pack06	10	PineappleSeed	Uncommon	0
ODDS	111	6	Pack06	10	VenomVineSeed	Rare	0
ODDS	111	6	Pack06	10	LanternFernSeed	Rare	0
ODDS	111	6	Pack06	10	TigerOrchidSeed	Legendary	55.000000000000007
ODDS	111	6	Pack06	10	AncientWorldrootSeed	Mythic	45
ODDS	81	6	Pack06	10	CocoaSeed	Common	0
ODDS	81	6	Pack06	10	PineappleSeed	Uncommon	0
ODDS	81	6	Pack06	10	VenomVineSeed	Rare	0
ODDS	81	6	Pack06	10	LanternFernSeed	Rare	0
ODDS	81	6	Pack06	10	TigerOrchidSeed	Legendary	20
ODDS	81	6	Pack06	10	AncientWorldrootSeed	Mythic	80
ODDS	111	6	Pack06	50	CocoaSeed	Common	0
ODDS	111	6	Pack06	50	PineappleSeed	Uncommon	0
ODDS	111	6	Pack06	50	VenomVineSeed	Rare	0
ODDS	111	6	Pack06	50	LanternFernSeed	Rare	0
ODDS	111	6	Pack06	50	TigerOrchidSeed	Legendary	55.000000000000007
ODDS	111	6	Pack06	50	AncientWorldrootSeed	Mythic	45
ODDS	81	6	Pack06	50	CocoaSeed	Common	0
ODDS	81	6	Pack06	50	PineappleSeed	Uncommon	0
ODDS	81	6	Pack06	50	VenomVineSeed	Rare	0
ODDS	81	6	Pack06	50	LanternFernSeed	Rare	0
ODDS	81	6	Pack06	50	TigerOrchidSeed	Legendary	20
ODDS	81	6	Pack06	50	AncientWorldrootSeed	Mythic	80
ODDS	111	6	Pack06	300	CocoaSeed	Common	0
ODDS	111	6	Pack06	300	PineappleSeed	Uncommon	0
ODDS	111	6	Pack06	300	VenomVineSeed	Rare	0
ODDS	111	6	Pack06	300	LanternFernSeed	Rare	0
ODDS	111	6	Pack06	300	TigerOrchidSeed	Legendary	55.000000000000007
ODDS	111	6	Pack06	300	AncientWorldrootSeed	Mythic	45
ODDS	81	6	Pack06	300	CocoaSeed	Common	0
ODDS	81	6	Pack06	300	PineappleSeed	Uncommon	0
ODDS	81	6	Pack06	300	VenomVineSeed	Rare	0
ODDS	81	6	Pack06	300	LanternFernSeed	Rare	0
ODDS	81	6	Pack06	300	TigerOrchidSeed	Legendary	20
ODDS	81	6	Pack06	300	AncientWorldrootSeed	Mythic	80
ODDS	111	6	Pack06	2000	CocoaSeed	Common	0
ODDS	111	6	Pack06	2000	PineappleSeed	Uncommon	0
ODDS	111	6	Pack06	2000	VenomVineSeed	Rare	0
ODDS	111	6	Pack06	2000	LanternFernSeed	Rare	0
ODDS	111	6	Pack06	2000	TigerOrchidSeed	Legendary	55.000000000000007
ODDS	111	6	Pack06	2000	AncientWorldrootSeed	Mythic	45
ODDS	81	6	Pack06	2000	CocoaSeed	Common	0
ODDS	81	6	Pack06	2000	PineappleSeed	Uncommon	0
ODDS	81	6	Pack06	2000	VenomVineSeed	Rare	0
ODDS	81	6	Pack06	2000	LanternFernSeed	Rare	0
ODDS	81	6	Pack06	2000	TigerOrchidSeed	Legendary	20
ODDS	81	6	Pack06	2000	AncientWorldrootSeed	Mythic	80
ODDS	111	6	Pack06	10000	CocoaSeed	Common	0
ODDS	111	6	Pack06	10000	PineappleSeed	Uncommon	0
ODDS	111	6	Pack06	10000	VenomVineSeed	Rare	0
ODDS	111	6	Pack06	10000	LanternFernSeed	Rare	0
ODDS	111	6	Pack06	10000	TigerOrchidSeed	Legendary	55.000000000000007
ODDS	111	6	Pack06	10000	AncientWorldrootSeed	Mythic	45
ODDS	81	6	Pack06	10000	CocoaSeed	Common	0
ODDS	81	6	Pack06	10000	PineappleSeed	Uncommon	0
ODDS	81	6	Pack06	10000	VenomVineSeed	Rare	0
ODDS	81	6	Pack06	10000	LanternFernSeed	Rare	0
ODDS	81	6	Pack06	10000	TigerOrchidSeed	Legendary	20
ODDS	81	6	Pack06	10000	AncientWorldrootSeed	Mythic	80
ODDS	111	6	Pack06	100000	CocoaSeed	Common	0
ODDS	111	6	Pack06	100000	PineappleSeed	Uncommon	0
ODDS	111	6	Pack06	100000	VenomVineSeed	Rare	0
ODDS	111	6	Pack06	100000	LanternFernSeed	Rare	0
ODDS	111	6	Pack06	100000	TigerOrchidSeed	Legendary	55.000000000000007
ODDS	111	6	Pack06	100000	AncientWorldrootSeed	Mythic	45
ODDS	81	6	Pack06	100000	CocoaSeed	Common	0
ODDS	81	6	Pack06	100000	PineappleSeed	Uncommon	0
ODDS	81	6	Pack06	100000	VenomVineSeed	Rare	0
ODDS	81	6	Pack06	100000	LanternFernSeed	Rare	0
ODDS	81	6	Pack06	100000	TigerOrchidSeed	Legendary	20
ODDS	81	6	Pack06	100000	AncientWorldrootSeed	Mythic	80
ODDS	111	6	Pack06	1000000	CocoaSeed	Common	0
ODDS	111	6	Pack06	1000000	PineappleSeed	Uncommon	0
ODDS	111	6	Pack06	1000000	VenomVineSeed	Rare	0
ODDS	111	6	Pack06	1000000	LanternFernSeed	Rare	0
ODDS	111	6	Pack06	1000000	TigerOrchidSeed	Legendary	55.000000000000007
ODDS	111	6	Pack06	1000000	AncientWorldrootSeed	Mythic	45
ODDS	81	6	Pack06	1000000	CocoaSeed	Common	0
ODDS	81	6	Pack06	1000000	PineappleSeed	Uncommon	0
ODDS	81	6	Pack06	1000000	VenomVineSeed	Rare	0
ODDS	81	6	Pack06	1000000	LanternFernSeed	Rare	0
ODDS	81	6	Pack06	1000000	TigerOrchidSeed	Legendary	20
ODDS	81	6	Pack06	1000000	AncientWorldrootSeed	Mythic	80
ODDS	111	6	Pack06	5000000	CocoaSeed	Common	0
ODDS	111	6	Pack06	5000000	PineappleSeed	Uncommon	0
ODDS	111	6	Pack06	5000000	VenomVineSeed	Rare	0
ODDS	111	6	Pack06	5000000	LanternFernSeed	Rare	0
ODDS	111	6	Pack06	5000000	TigerOrchidSeed	Legendary	55.000000000000007
ODDS	111	6	Pack06	5000000	AncientWorldrootSeed	Mythic	45
ODDS	81	6	Pack06	5000000	CocoaSeed	Common	0
ODDS	81	6	Pack06	5000000	PineappleSeed	Uncommon	0
ODDS	81	6	Pack06	5000000	VenomVineSeed	Rare	0
ODDS	81	6	Pack06	5000000	LanternFernSeed	Rare	0
ODDS	81	6	Pack06	5000000	TigerOrchidSeed	Legendary	20
ODDS	81	6	Pack06	5000000	AncientWorldrootSeed	Mythic	80
ODDS	111	6	Pack06	10000000	CocoaSeed	Common	0
ODDS	111	6	Pack06	10000000	PineappleSeed	Uncommon	0
ODDS	111	6	Pack06	10000000	VenomVineSeed	Rare	0
ODDS	111	6	Pack06	10000000	LanternFernSeed	Rare	0
ODDS	111	6	Pack06	10000000	TigerOrchidSeed	Legendary	55.000000000000007
ODDS	111	6	Pack06	10000000	AncientWorldrootSeed	Mythic	45
ODDS	81	6	Pack06	10000000	CocoaSeed	Common	0
ODDS	81	6	Pack06	10000000	PineappleSeed	Uncommon	0
ODDS	81	6	Pack06	10000000	VenomVineSeed	Rare	0
ODDS	81	6	Pack06	10000000	LanternFernSeed	Rare	0
ODDS	81	6	Pack06	10000000	TigerOrchidSeed	Legendary	20
ODDS	81	6	Pack06	10000000	AncientWorldrootSeed	Mythic	80
ODDS	111	2	Pack01	1	CactusSeed	Uncommon	83.656566666566661
ODDS	111	2	Pack01	1	DatePalmSeed	Mythic	16.333333333333332
ODDS	111	2	Pack01	1	MirageFigSeed	Cosmic	9.9999999999999991e-05
ODDS	111	2	Pack01	1	SolarStarfruitSeed	King	1e-10
ODDS	111	2	Pack01	1	StarfruitSeed	Secret	0.01
ODDS	81	2	Pack01	1	CactusSeed	Uncommon	81
ODDS	81	2	Pack01	1	DatePalmSeed	Mythic	18.300000000000001
ODDS	81	2	Pack01	1	MirageFigSeed	Cosmic	0.14999999999999999
ODDS	81	2	Pack01	1	SolarStarfruitSeed	King	0.050000000000000003
ODDS	81	2	Pack01	1	StarfruitSeed	Secret	0.5
ODDS	111	2	Pack01	1.5	CactusSeed	Uncommon	83.511937527753474
ODDS	111	2	Pack01	1.5	DatePalmSeed	Mythic	16.476742606663194
ODDS	111	2	Pack01	1.5	MirageFigSeed	Cosmic	0.00011760790225246736
ODDS	111	2	Pack01	1.5	SolarStarfruitSeed	King	1.5e-10
ODDS	111	2	Pack01	1.5	StarfruitSeed	Secret	0.011202257531078135
ODDS	81	2	Pack01	1.5	CactusSeed	Uncommon	81
ODDS	81	2	Pack01	1.5	DatePalmSeed	Mythic	18.300000000000001
ODDS	81	2	Pack01	1.5	MirageFigSeed	Cosmic	0.14999999999999999
ODDS	81	2	Pack01	1.5	SolarStarfruitSeed	King	0.050000000000000003
ODDS	81	2	Pack01	1.5	StarfruitSeed	Secret	0.5
ODDS	111	2	Pack01	2	CactusSeed	Uncommon	83.405689062590923
ODDS	111	2	Pack01	2	DatePalmSeed	Mythic	16.582037037574043
ODDS	111	2	Pack01	2	MirageFigSeed	Cosmic	0.00013195079107728943
ODDS	111	2	Pack01	2	SolarStarfruitSeed	King	2.0000000000000001e-10
ODDS	111	2	Pack01	2	StarfruitSeed	Secret	0.01214194884395047
ODDS	81	2	Pack01	2	CactusSeed	Uncommon	81
ODDS	81	2	Pack01	2	DatePalmSeed	Mythic	18.300000000000001
ODDS	81	2	Pack01	2	MirageFigSeed	Cosmic	0.14999999999999999
ODDS	81	2	Pack01	2	SolarStarfruitSeed	King	0.050000000000000003
ODDS	81	2	Pack01	2	StarfruitSeed	Secret	0.5
ODDS	111	2	Pack01	5	CactusSeed	Uncommon	83.045892474941667
ODDS	111	2	Pack01	5	DatePalmSeed	Mythic	16.938223955853754
ODDS	111	2	Pack01	5	MirageFigSeed	Cosmic	0.00019036539387158784
ODDS	111	2	Pack01	5	SolarStarfruitSeed	King	4.9999999999999993e-10
ODDS	111	2	Pack01	5	StarfruitSeed	Secret	0.015693203310707511
ODDS	81	2	Pack01	5	CactusSeed	Uncommon	79.820649897760589
ODDS	81	2	Pack01	5	DatePalmSeed	Mythic	19.38607080387278
ODDS	81	2	Pack01	5	MirageFigSeed	Cosmic	0.16998842107856421
ODDS	81	2	Pack01	5	SolarStarfruitSeed	King	0.056662807026188068
ODDS	81	2	Pack01	5	StarfruitSeed	Secret	0.56662807026188056
ODDS	111	2	Pack01	10	CactusSeed	Uncommon	82.750426202412868
ODDS	111	2	Pack01	10	DatePalmSeed	Mythic	17.23026800076434
ODDS	111	2	Pack01	10	MirageFigSeed	Cosmic	0.00025118864315095801
ODDS	111	2	Pack01	10	SolarStarfruitSeed	King	9.9999999999999986e-10
ODDS	111	2	Pack01	10	StarfruitSeed	Secret	0.019054607179632473
ODDS	81	2	Pack01	10	CactusSeed	Uncommon	79.820649897760589
ODDS	81	2	Pack01	10	DatePalmSeed	Mythic	19.38607080387278
ODDS	81	2	Pack01	10	MirageFigSeed	Cosmic	0.16998842107856421
ODDS	81	2	Pack01	10	SolarStarfruitSeed	King	0.056662807026188068
ODDS	81	2	Pack01	10	StarfruitSeed	Secret	0.56662807026188056
ODDS	111	2	Pack01	50	CactusSeed	Uncommon	81.976401667464032
ODDS	111	2	Pack01	50	DatePalmSeed	Mythic	17.993217368838511
ODDS	111	2	Pack01	50	MirageFigSeed	Cosmic	0.00047817624989501855
ODDS	111	2	Pack01	50	SolarStarfruitSeed	King	5.0000000000000001e-09
ODDS	111	2	Pack01	50	StarfruitSeed	Secret	0.029902782447563944
ODDS	81	2	Pack01	50	CactusSeed	Uncommon	78.675149337089024
ODDS	81	2	Pack01	50	DatePalmSeed	Mythic	20.440969355543686
ODDS	81	2	Pack01	50	MirageFigSeed	Cosmic	0.18940313729299207
ODDS	81	2	Pack01	50	SolarStarfruitSeed	King	0.063134379097664034
ODDS	81	2	Pack01	50	StarfruitSeed	Secret	0.63134379097664028
ODDS	111	2	Pack01	300	CactusSeed	Uncommon	80.943474918130249
ODDS	111	2	Pack01	300	DatePalmSeed	Mythic	19.006161029363049
ODDS	111	2	Pack01	300	MirageFigSeed	Cosmic	0.00097914836236097694
ODDS	111	2	Pack01	300	SolarStarfruitSeed	King	2.9999999999999997e-08
ODDS	111	2	Pack01	300	StarfruitSeed	Secret	0.049384874144349271
ODDS	81	2	Pack01	300	CactusSeed	Uncommon	78.675149337089024
ODDS	81	2	Pack01	300	DatePalmSeed	Mythic	20.440969355543686
ODDS	81	2	Pack01	300	MirageFigSeed	Cosmic	0.18940313729299207
ODDS	81	2	Pack01	300	SolarStarfruitSeed	King	0.063134379097664034
ODDS	81	2	Pack01	300	StarfruitSeed	Secret	0.63134379097664028
ODDS	111	2	Pack01	2000	CactusSeed	Uncommon	79.603874061281758
ODDS	111	2	Pack01	2000	DatePalmSeed	Mythic	20.310032697037485
ODDS	111	2	Pack01	2000	MirageFigSeed	Cosmic	0.0020912791051825468
ODDS	111	2	Pack01	2000	SolarStarfruitSeed	King	2.0000000000000002e-07
ODDS	111	2	Pack01	2000	StarfruitSeed	Secret	0.08400176257558313
ODDS	81	2	Pack01	2000	CactusSeed	Uncommon	77.197998570407435
ODDS	81	2	Pack01	2000	DatePalmSeed	Mythic	21.801286633309509
ODDS	81	2	Pack01	2000	MirageFigSeed	Cosmic	0.21443888491779839
ODDS	81	2	Pack01	2000	SolarStarfruitSeed	King	0.071479628305932824
ODDS	81	2	Pack01	2000	StarfruitSeed	Secret	0.71479628305932807
ODDS	111	2	Pack01	10000	CactusSeed	Uncommon	78.217292657057854
ODDS	111	2	Pack01	10000	DatePalmSeed	Mythic	21.646899597380965
ODDS	111	2	Pack01	10000	MirageFigSeed	Cosmic	0.0039810717055349734
ODDS	111	2	Pack01	10000	SolarStarfruitSeed	King	9.9999999999999995e-07
ODDS	111	2	Pack01	10000	StarfruitSeed	Secret	0.13182567385564076
ODDS	81	2	Pack01	10000	CactusSeed	Uncommon	77.197998570407435
ODDS	81	2	Pack01	10000	DatePalmSeed	Mythic	21.801286633309509
ODDS	81	2	Pack01	10000	MirageFigSeed	Cosmic	0.21443888491779839
ODDS	81	2	Pack01	10000	SolarStarfruitSeed	King	0.071479628305932824
ODDS	81	2	Pack01	10000	StarfruitSeed	Secret	0.71479628305932807
ODDS	111	2	Pack01	100000	CactusSeed	Uncommon	75.71105986274948
ODDS	111	2	Pack01	100000	DatePalmSeed	Mythic	24.027741494099566
ODDS	111	2	Pack01	100000	MirageFigSeed	Cosmic	0.010000000000000002
ODDS	111	2	Pack01	100000	SolarStarfruitSeed	King	9.9999999999999991e-06
ODDS	111	2	Pack01	100000	StarfruitSeed	Secret	0.25118864315095812
ODDS	81	2	Pack01	100000	CactusSeed	Uncommon	75.427773251076701
ODDS	81	2	Pack01	100000	DatePalmSeed	Mythic	23.431498079385403
ODDS	81	2	Pack01	100000	MirageFigSeed	Cosmic	0.24444185775811897
ODDS	81	2	Pack01	100000	SolarStarfruitSeed	King	0.081480619252706318
ODDS	81	2	Pack01	100000	StarfruitSeed	Secret	0.81480619252706321
ODDS	111	2	Pack01	1000000	CactusSeed	Uncommon	72.36959111190933
ODDS	111	2	Pack01	1000000	DatePalmSeed	Mythic	27.126559931452938
ODDS	111	2	Pack01	1000000	MirageFigSeed	Cosmic	0.025118864315095805
ODDS	111	2	Pack01	1000000	SolarStarfruitSeed	King	9.9999999999999991e-05
ODDS	111	2	Pack01	1000000	StarfruitSeed	Secret	0.47863009232263853
ODDS	81	2	Pack01	1000000	CactusSeed	Uncommon	75.427773251076701
ODDS	81	2	Pack01	1000000	DatePalmSeed	Mythic	23.431498079385403
ODDS	81	2	Pack01	1000000	MirageFigSeed	Cosmic	0.24444185775811897
ODDS	81	2	Pack01	1000000	SolarStarfruitSeed	King	0.081480619252706318
ODDS	81	2	Pack01	1000000	StarfruitSeed	Secret	0.81480619252706321
ODDS	111	2	Pack01	5000000	CactusSeed	Uncommon	69.351435282977377
ODDS	111	2	Pack01	5000000	DatePalmSeed	Mythic	29.849123157088936
ODDS	111	2	Pack01	5000000	MirageFigSeed	Cosmic	0.047817624989501865
ODDS	111	2	Pack01	5000000	SolarStarfruitSeed	King	0.00050000000000000001
ODDS	111	2	Pack01	5000000	StarfruitSeed	Secret	0.75112393494418728
ODDS	81	2	Pack01	5000000	CactusSeed	Uncommon	73.736913973600366
ODDS	81	2	Pack01	5000000	DatePalmSeed	Mythic	24.988620846609017
ODDS	81	2	Pack01	5000000	MirageFigSeed	Cosmic	0.27309968138370505
ODDS	81	2	Pack01	5000000	SolarStarfruitSeed	King	0.091033227127901684
ODDS	81	2	Pack01	5000000	StarfruitSeed	Secret	0.91033227127901684
ODDS	111	2	Pack01	10000000	CactusSeed	Uncommon	69.351435282977377
ODDS	111	2	Pack01	10000000	DatePalmSeed	Mythic	29.849123157088936
ODDS	111	2	Pack01	10000000	MirageFigSeed	Cosmic	0.047817624989501865
ODDS	111	2	Pack01	10000000	SolarStarfruitSeed	King	0.00050000000000000001
ODDS	111	2	Pack01	10000000	StarfruitSeed	Secret	0.75112393494418728
ODDS	81	2	Pack01	10000000	CactusSeed	Uncommon	73.736913973600366
ODDS	81	2	Pack01	10000000	DatePalmSeed	Mythic	24.988620846609017
ODDS	81	2	Pack01	10000000	MirageFigSeed	Cosmic	0.27309968138370505
ODDS	81	2	Pack01	10000000	SolarStarfruitSeed	King	0.091033227127901684
ODDS	81	2	Pack01	10000000	StarfruitSeed	Secret	0.91033227127901684
ODDS	111	2	Pack02	1	CactusSeed	Uncommon	72.058083333083331
ODDS	111	2	Pack02	1	DatePalmSeed	Mythic	27.916666666666668
ODDS	111	2	Pack02	1	MirageFigSeed	Cosmic	0.00025000000000000001
ODDS	111	2	Pack02	1	SolarStarfruitSeed	King	2.4999999999999996e-10
ODDS	111	2	Pack02	1	StarfruitSeed	Secret	0.025000000000000001
ODDS	81	2	Pack02	1	CactusSeed	Uncommon	63
ODDS	81	2	Pack02	1	DatePalmSeed	Mythic	35.5
ODDS	81	2	Pack02	1	MirageFigSeed	Cosmic	0.40000000000000002
ODDS	81	2	Pack02	1	SolarStarfruitSeed	King	0.10000000000000001
ODDS	81	2	Pack02	1	StarfruitSeed	Secret	1
ODDS	111	2	Pack02	1.5	CactusSeed	Uncommon	71.751458868694172
ODDS	111	2	Pack02	1.5	DatePalmSeed	Mythic	28.220241467347503
ODDS	111	2	Pack02	1.5	MirageFigSeed	Cosmic	0.00029401975563116844
ODDS	111	2	Pack02	1.5	SolarStarfruitSeed	King	3.75e-10
ODDS	111	2	Pack02	1.5	StarfruitSeed	Secret	0.028005643827695336
ODDS	81	2	Pack02	1.5	CactusSeed	Uncommon	63
ODDS	81	2	Pack02	1.5	DatePalmSeed	Mythic	35.5
ODDS	81	2	Pack02	1.5	MirageFigSeed	Cosmic	0.40000000000000002
ODDS	81	2	Pack02	1.5	SolarStarfruitSeed	King	0.10000000000000001
ODDS	81	2	Pack02	1.5	StarfruitSeed	Secret	1
ODDS	111	2	Pack02	2	CactusSeed	Uncommon	71.525919390746282
ODDS	111	2	Pack02	2	DatePalmSeed	Mythic	28.443395859666147
ODDS	111	2	Pack02	2	MirageFigSeed	Cosmic	0.00032987697769322358
ODDS	111	2	Pack02	2	SolarStarfruitSeed	King	4.9999999999999993e-10
ODDS	111	2	Pack02	2	StarfruitSeed	Secret	0.030354872109876176
ODDS	81	2	Pack02	2	CactusSeed	Uncommon	63
ODDS	81	2	Pack02	2	DatePalmSeed	Mythic	35.5
ODDS	81	2	Pack02	2	MirageFigSeed	Cosmic	0.40000000000000002
ODDS	81	2	Pack02	2	SolarStarfruitSeed	King	0.10000000000000001
ODDS	81	2	Pack02	2	StarfruitSeed	Secret	1
ODDS	111	2	Pack02	5	CactusSeed	Uncommon	70.760416956947552
ODDS	111	2	Pack02	5	DatePalmSeed	Mythic	29.199874120041009
ODDS	111	2	Pack02	5	MirageFigSeed	Cosmic	0.00047591348467896966
ODDS	111	2	Pack02	5	SolarStarfruitSeed	King	1.2499999999999998e-09
ODDS	111	2	Pack02	5	StarfruitSeed	Secret	0.039233008276768774
ODDS	81	2	Pack02	5	CactusSeed	Uncommon	61.2319280767829
ODDS	81	2	Pack02	5	DatePalmSeed	Mythic	37.091483416352816
ODDS	81	2	Pack02	5	MirageFigSeed	Cosmic	0.447090268497145
ODDS	81	2	Pack02	5	SolarStarfruitSeed	King	0.11177256712428625
ODDS	81	2	Pack02	5	StarfruitSeed	Secret	1.1177256712428623
ODDS	111	2	Pack02	10	CactusSeed	Uncommon	70.129839563727884
ODDS	111	2	Pack02	10	DatePalmSeed	Mythic	29.821895944215164
ODDS	111	2	Pack02	10	MirageFigSeed	Cosmic	0.00062797160787739508
ODDS	111	2	Pack02	10	SolarStarfruitSeed	King	2.4999999999999996e-09
ODDS	111	2	Pack02	10	StarfruitSeed	Secret	0.047636517949081185
ODDS	81	2	Pack02	10	CactusSeed	Uncommon	61.2319280767829
ODDS	81	2	Pack02	10	DatePalmSeed	Mythic	37.091483416352816
ODDS	81	2	Pack02	10	MirageFigSeed	Cosmic	0.447090268497145
ODDS	81	2	Pack02	10	SolarStarfruitSeed	King	0.11177256712428625
ODDS	81	2	Pack02	10	StarfruitSeed	Secret	1.1177256712428623
ODDS	111	2	Pack02	50	CactusSeed	Uncommon	68.470119748652536
ODDS	111	2	Pack02	50	DatePalmSeed	Mythic	31.45392784210382
ODDS	111	2	Pack02	50	MirageFigSeed	Cosmic	0.0011954406247375465
ODDS	111	2	Pack02	50	SolarStarfruitSeed	King	1.2499999999999998e-08
ODDS	111	2	Pack02	50	StarfruitSeed	Secret	0.074756956118909854
ODDS	81	2	Pack02	50	CactusSeed	Uncommon	59.560387615221003
ODDS	81	2	Pack02	50	DatePalmSeed	Mythic	38.59607657764122
ODDS	81	2	Pack02	50	MirageFigSeed	Cosmic	0.4916095485700781
ODDS	81	2	Pack02	50	SolarStarfruitSeed	King	0.12290238714251953
ODDS	81	2	Pack02	50	StarfruitSeed	Secret	1.2290238714251953
ODDS	111	2	Pack02	300	CactusSeed	Uncommon	66.239067030430547
ODDS	111	2	Pack02	300	DatePalmSeed	Mythic	33.635022838302667
ODDS	111	2	Pack02	300	MirageFigSeed	Cosmic	0.0024478709059024425
ODDS	111	2	Pack02	300	SolarStarfruitSeed	King	7.4999999999999997e-08
ODDS	111	2	Pack02	300	StarfruitSeed	Secret	0.12346218536087317
ODDS	81	2	Pack02	300	CactusSeed	Uncommon	59.560387615221003
ODDS	81	2	Pack02	300	DatePalmSeed	Mythic	38.59607657764122
ODDS	81	2	Pack02	300	MirageFigSeed	Cosmic	0.4916095485700781
ODDS	81	2	Pack02	300	SolarStarfruitSeed	King	0.12290238714251953
ODDS	81	2	Pack02	300	StarfruitSeed	Secret	1.2290238714251953
ODDS	111	2	Pack02	2000	CactusSeed	Uncommon	63.321163198022056
ODDS	111	2	Pack02	2000	DatePalmSeed	Mythic	36.463603697776023
ODDS	111	2	Pack02	2000	MirageFigSeed	Cosmic	0.0052281977629563678
ODDS	111	2	Pack02	2000	SolarStarfruitSeed	King	4.9999999999999998e-07
ODDS	111	2	Pack02	2000	StarfruitSeed	Secret	0.21000440643895779
ODDS	81	2	Pack02	2000	CactusSeed	Uncommon	57.468643101482328
ODDS	81	2	Pack02	2000	DatePalmSeed	Mythic	40.478905359179016
ODDS	81	2	Pack02	2000	MirageFigSeed	Cosmic	0.54732041049030788
ODDS	81	2	Pack02	2000	SolarStarfruitSeed	King	0.13683010262257697
ODDS	81	2	Pack02	2000	StarfruitSeed	Secret	1.3683010262257698
ODDS	111	2	Pack02	10000	CactusSeed	Uncommon	60.275391860734715
ODDS	111	2	Pack02	10000	DatePalmSeed	Mythic	39.385088775362341
ODDS	111	2	Pack02	10000	MirageFigSeed	Cosmic	0.0099526792638374335
ODDS	111	2	Pack02	10000	SolarStarfruitSeed	King	2.4999999999999998e-06
ODDS	111	2	Pack02	10000	StarfruitSeed	Secret	0.32956418463910186
ODDS	81	2	Pack02	10000	CactusSeed	Uncommon	57.468643101482328
ODDS	81	2	Pack02	10000	DatePalmSeed	Mythic	40.478905359179016
ODDS	81	2	Pack02	10000	MirageFigSeed	Cosmic	0.54732041049030788
ODDS	81	2	Pack02	10000	SolarStarfruitSeed	King	0.13683010262257697
ODDS	81	2	Pack02	10000	StarfruitSeed	Secret	1.3683010262257698
ODDS	111	2	Pack02	100000	CactusSeed	Uncommon	54.714127042722978
ODDS	111	2	Pack02	100000	DatePalmSeed	Mythic	44.632876349399616
ODDS	111	2	Pack02	100000	MirageFigSeed	Cosmic	0.025000000000000012
ODDS	111	2	Pack02	100000	SolarStarfruitSeed	King	2.4999999999999998e-05
ODDS	111	2	Pack02	100000	StarfruitSeed	Secret	0.62797160787739525
ODDS	81	2	Pack02	100000	CactusSeed	Uncommon	55.051884216275262
ODDS	81	2	Pack02	100000	DatePalmSeed	Mythic	42.654287274713269
ODDS	81	2	Pack02	100000	MirageFigSeed	Cosmic	0.61168760240305842
ODDS	81	2	Pack02	100000	SolarStarfruitSeed	King	0.1529219006007646
ODDS	81	2	Pack02	100000	StarfruitSeed	Secret	1.529219006007646
ODDS	111	2	Pack02	1000000	CactusSeed	Uncommon	47.207230647110009
ODDS	111	2	Pack02	1000000	DatePalmSeed	Mythic	51.53314696129565
ODDS	111	2	Pack02	1000000	MirageFigSeed	Cosmic	0.062797160787739531
ODDS	111	2	Pack02	1000000	SolarStarfruitSeed	King	0.00025000000000000001
ODDS	111	2	Pack02	1000000	StarfruitSeed	Secret	1.1965752308065962
ODDS	81	2	Pack02	1000000	CactusSeed	Uncommon	55.051884216275262
ODDS	81	2	Pack02	1000000	DatePalmSeed	Mythic	42.654287274713269
ODDS	81	2	Pack02	1000000	MirageFigSeed	Cosmic	0.61168760240305842
ODDS	81	2	Pack02	1000000	SolarStarfruitSeed	King	0.1529219006007646
ODDS	81	2	Pack02	1000000	StarfruitSeed	Secret	1.529219006007646
ODDS	111	2	Pack02	5000000	CactusSeed	Uncommon	40.353467708668603
ODDS	111	2	Pack02	5000000	DatePalmSeed	Mythic	57.647928391497182
ODDS	111	2	Pack02	5000000	MirageFigSeed	Cosmic	0.11954406247375467
ODDS	111	2	Pack02	5000000	SolarStarfruitSeed	King	0.0012499999999999998
ODDS	111	2	Pack02	5000000	StarfruitSeed	Secret	1.8778098373604681
ODDS	81	2	Pack02	5000000	CactusSeed	Uncommon	52.830188679245282
ODDS	81	2	Pack02	5000000	DatePalmSeed	Mythic	44.654088050314463
ODDS	81	2	Pack02	5000000	MirageFigSeed	Cosmic	0.67085953878406712
ODDS	81	2	Pack02	5000000	SolarStarfruitSeed	King	0.16771488469601678
ODDS	81	2	Pack02	5000000	StarfruitSeed	Secret	1.6771488469601676
ODDS	111	2	Pack02	10000000	CactusSeed	Uncommon	40.353467708668603
ODDS	111	2	Pack02	10000000	DatePalmSeed	Mythic	57.647928391497182
ODDS	111	2	Pack02	10000000	MirageFigSeed	Cosmic	0.11954406247375467
ODDS	111	2	Pack02	10000000	SolarStarfruitSeed	King	0.0012499999999999998
ODDS	111	2	Pack02	10000000	StarfruitSeed	Secret	1.8778098373604681
ODDS	81	2	Pack02	10000000	CactusSeed	Uncommon	52.830188679245282
ODDS	81	2	Pack02	10000000	DatePalmSeed	Mythic	44.654088050314463
ODDS	81	2	Pack02	10000000	MirageFigSeed	Cosmic	0.67085953878406712
ODDS	81	2	Pack02	10000000	SolarStarfruitSeed	King	0.16771488469601678
ODDS	81	2	Pack02	10000000	StarfruitSeed	Secret	1.6771488469601676
ODDS	111	2	Pack03	1	CactusSeed	Uncommon	42.320352380352375
ODDS	111	2	Pack03	1	DatePalmSeed	Mythic	57.619047619047628
ODDS	111	2	Pack03	1	MirageFigSeed	Cosmic	0.00060000000000000006
ODDS	111	2	Pack03	1	SolarStarfruitSeed	King	6e-10
ODDS	111	2	Pack03	1	StarfruitSeed	Secret	0.059999999999999998
ODDS	81	2	Pack03	1	CactusSeed	Uncommon	25
ODDS	81	2	Pack03	1	DatePalmSeed	Mythic	72
ODDS	81	2	Pack03	1	MirageFigSeed	Cosmic	0.80000000000000004
ODDS	81	2	Pack03	1	SolarStarfruitSeed	King	0.20000000000000001
ODDS	81	2	Pack03	1	StarfruitSeed	Secret	2
ODDS	111	2	Pack03	1.5	CactusSeed	Uncommon	41.618630330223894
ODDS	111	2	Pack03	1.5	DatePalmSeed	Mythic	58.313450476276117
ODDS	111	2	Pack03	1.5	MirageFigSeed	Cosmic	0.00070564741351480421
ODDS	111	2	Pack03	1.5	SolarStarfruitSeed	King	9.000000000000001e-10
ODDS	111	2	Pack03	1.5	StarfruitSeed	Secret	0.067213545186468812
ODDS	81	2	Pack03	1.5	CactusSeed	Uncommon	25
ODDS	81	2	Pack03	1.5	DatePalmSeed	Mythic	72
ODDS	81	2	Pack03	1.5	MirageFigSeed	Cosmic	0.80000000000000004
ODDS	81	2	Pack03	1.5	SolarStarfruitSeed	King	0.20000000000000001
ODDS	81	2	Pack03	1.5	StarfruitSeed	Secret	2
ODDS	111	2	Pack03	2	CactusSeed	Uncommon	41.101808418443674
ODDS	111	2	Pack03	2	DatePalmSeed	Mythic	58.824548182546167
ODDS	111	2	Pack03	2	MirageFigSeed	Cosmic	0.00079170474646373659
ODDS	111	2	Pack03	2	SolarStarfruitSeed	King	1.2e-09
ODDS	111	2	Pack03	2	StarfruitSeed	Secret	0.072851693063702802
ODDS	81	2	Pack03	2	CactusSeed	Uncommon	25
ODDS	81	2	Pack03	2	DatePalmSeed	Mythic	72
ODDS	81	2	Pack03	2	MirageFigSeed	Cosmic	0.80000000000000004
ODDS	81	2	Pack03	2	SolarStarfruitSeed	King	0.20000000000000001
ODDS	81	2	Pack03	2	StarfruitSeed	Secret	2
ODDS	111	2	Pack03	5	CactusSeed	Uncommon	39.343613972382641
ODDS	111	2	Pack03	5	DatePalmSeed	Mythic	60.561084612389884
ODDS	111	2	Pack03	5	MirageFigSeed	Cosmic	0.0011421923632295272
ODDS	111	2	Pack03	5	SolarStarfruitSeed	King	3e-09
ODDS	111	2	Pack03	5	StarfruitSeed	Secret	0.094159219864245053
ODDS	81	2	Pack03	5	CactusSeed	Uncommon	23.618327822390174
ODDS	81	2	Pack03	5	DatePalmSeed	Mythic	73.122342938119971
ODDS	81	2	Pack03	5	MirageFigSeed	Cosmic	0.86915446386395845
ODDS	81	2	Pack03	5	SolarStarfruitSeed	King	0.21728861596598961
ODDS	81	2	Pack03	5	StarfruitSeed	Secret	2.1728861596598961
ODDS	111	2	Pack03	10	CactusSeed	Uncommon	37.890826441090027
ODDS	111	2	Pack03	10	DatePalmSeed	Mythic	61.993338777973271
ODDS	111	2	Pack03	10	MirageFigSeed	Cosmic	0.0015071318589057481
ODDS	111	2	Pack03	10	SolarStarfruitSeed	King	6e-09
ODDS	111	2	Pack03	10	StarfruitSeed	Secret	0.11432764307779482
ODDS	81	2	Pack03	10	CactusSeed	Uncommon	23.618327822390174
ODDS	81	2	Pack03	10	DatePalmSeed	Mythic	73.122342938119971
ODDS	81	2	Pack03	10	MirageFigSeed	Cosmic	0.86915446386395845
ODDS	81	2	Pack03	10	SolarStarfruitSeed	King	0.21728861596598961
ODDS	81	2	Pack03	10	StarfruitSeed	Secret	2.1728861596598961
ODDS	111	2	Pack03	50	CactusSeed	Uncommon	34.049196425522609
ODDS	111	2	Pack03	50	DatePalmSeed	Mythic	65.768517792292641
ODDS	111	2	Pack03	50	MirageFigSeed	Cosmic	0.0028690574993701116
ODDS	111	2	Pack03	50	SolarStarfruitSeed	King	2.9999999999999997e-08
ODDS	111	2	Pack03	50	StarfruitSeed	Secret	0.17941669468538365
ODDS	81	2	Pack03	50	CactusSeed	Uncommon	22.381378692927484
ODDS	81	2	Pack03	50	DatePalmSeed	Mythic	74.127126230975833
ODDS	81	2	Pack03	50	MirageFigSeed	Cosmic	0.93106535362578335
ODDS	81	2	Pack03	50	SolarStarfruitSeed	King	0.23276633840644584
ODDS	81	2	Pack03	50	StarfruitSeed	Secret	2.3276633840644583
ODDS	111	2	Pack03	300	CactusSeed	Uncommon	28.849026608753469
ODDS	111	2	Pack03	300	DatePalmSeed	Mythic	70.848789076206259
ODDS	111	2	Pack03	300	MirageFigSeed	Cosmic	0.0058748901741658621
ODDS	111	2	Pack03	300	SolarStarfruitSeed	King	1.8e-07
ODDS	111	2	Pack03	300	StarfruitSeed	Secret	0.29630924486609556
ODDS	81	2	Pack03	300	CactusSeed	Uncommon	22.381378692927484
ODDS	81	2	Pack03	300	DatePalmSeed	Mythic	74.127126230975833
ODDS	81	2	Pack03	300	MirageFigSeed	Cosmic	0.93106535362578335
ODDS	81	2	Pack03	300	SolarStarfruitSeed	King	0.23276633840644584
ODDS	81	2	Pack03	300	StarfruitSeed	Secret	2.3276633840644583
ODDS	111	2	Pack03	2000	CactusSeed	Uncommon	21.995022783083062
ODDS	111	2	Pack03	2000	DatePalmSeed	Mythic	77.488417766832356
ODDS	111	2	Pack03	2000	MirageFigSeed	Cosmic	0.01254767463109528
ODDS	111	2	Pack03	2000	SolarStarfruitSeed	King	1.1999999999999999e-06
ODDS	111	2	Pack03	2000	StarfruitSeed	Secret	0.5040105754534987
ODDS	81	2	Pack03	2000	CactusSeed	Uncommon	20.92050209205021
ODDS	81	2	Pack03	2000	DatePalmSeed	Mythic	75.313807531380746
ODDS	81	2	Pack03	2000	MirageFigSeed	Cosmic	1.0041841004184102
ODDS	81	2	Pack03	2000	SolarStarfruitSeed	King	0.25104602510460255
ODDS	81	2	Pack03	2000	StarfruitSeed	Secret	2.510460251046025
ODDS	111	2	Pack03	10000	CactusSeed	Uncommon	16.928140952140946
ODDS	111	2	Pack03	10000	DatePalmSeed	Mythic	82.257012574492009
ODDS	111	2	Pack03	10000	MirageFigSeed	Cosmic	0.02388643023320984
ODDS	111	2	Pack03	10000	SolarStarfruitSeed	King	6.000000000000001e-06
ODDS	111	2	Pack03	10000	StarfruitSeed	Secret	0.79095404313384443
ODDS	81	2	Pack03	10000	CactusSeed	Uncommon	20.92050209205021
ODDS	81	2	Pack03	10000	DatePalmSeed	Mythic	75.313807531380746
ODDS	81	2	Pack03	10000	MirageFigSeed	Cosmic	1.0041841004184102
ODDS	81	2	Pack03	10000	SolarStarfruitSeed	King	0.25104602510460255
ODDS	81	2	Pack03	10000	StarfruitSeed	Secret	2.510460251046025
ODDS	111	2	Pack03	100000	CactusSeed	Uncommon	16.928140952140946
ODDS	111	2	Pack03	100000	DatePalmSeed	Mythic	81.504667188953292
ODDS	111	2	Pack03	100000	MirageFigSeed	Cosmic	0.060000000000000019
ODDS	111	2	Pack03	100000	SolarStarfruitSeed	King	6.0000000000000008e-05
ODDS	111	2	Pack03	100000	StarfruitSeed	Secret	1.5071318589057483
ODDS	81	2	Pack03	100000	CactusSeed	Uncommon	19.342359767891683
ODDS	81	2	Pack03	100000	DatePalmSeed	Mythic	76.59574468085107
ODDS	81	2	Pack03	100000	MirageFigSeed	Cosmic	1.0831721470019342
ODDS	81	2	Pack03	100000	SolarStarfruitSeed	King	0.27079303675048355
ODDS	81	2	Pack03	100000	StarfruitSeed	Secret	2.7079303675048356
ODDS	111	2	Pack03	1000000	CactusSeed	Uncommon	16.928140952140936
ODDS	111	2	Pack03	1000000	DatePalmSeed	Mythic	80.048765308032671
ODDS	111	2	Pack03	1000000	MirageFigSeed	Cosmic	0.15071318589057484
ODDS	111	2	Pack03	1000000	SolarStarfruitSeed	King	0.00060000000000000006
ODDS	111	2	Pack03	1000000	StarfruitSeed	Secret	2.8717805539358308
ODDS	81	2	Pack03	1000000	CactusSeed	Uncommon	19.342359767891683
ODDS	81	2	Pack03	1000000	DatePalmSeed	Mythic	76.59574468085107
ODDS	81	2	Pack03	1000000	MirageFigSeed	Cosmic	1.0831721470019342
ODDS	81	2	Pack03	1000000	SolarStarfruitSeed	King	0.27079303675048355
ODDS	81	2	Pack03	1000000	StarfruitSeed	Secret	2.7079303675048356
ODDS	111	2	Pack03	5000000	CactusSeed	Uncommon	16.928140952140946
ODDS	111	2	Pack03	5000000	DatePalmSeed	Mythic	78.275209688256922
ODDS	111	2	Pack03	5000000	MirageFigSeed	Cosmic	0.28690574993701118
ODDS	111	2	Pack03	5000000	SolarStarfruitSeed	King	0.0030000000000000001
ODDS	111	2	Pack03	5000000	StarfruitSeed	Secret	4.506743609665123
ODDS	81	2	Pack03	5000000	CactusSeed	Uncommon	17.985611510791365
ODDS	81	2	Pack03	5000000	DatePalmSeed	Mythic	77.697841726618705
ODDS	81	2	Pack03	5000000	MirageFigSeed	Cosmic	1.1510791366906474
ODDS	81	2	Pack03	5000000	SolarStarfruitSeed	King	0.28776978417266186
ODDS	81	2	Pack03	5000000	StarfruitSeed	Secret	2.8776978417266186
ODDS	111	2	Pack03	10000000	CactusSeed	Uncommon	16.928140952140946
ODDS	111	2	Pack03	10000000	DatePalmSeed	Mythic	78.275209688256922
ODDS	111	2	Pack03	10000000	MirageFigSeed	Cosmic	0.28690574993701118
ODDS	111	2	Pack03	10000000	SolarStarfruitSeed	King	0.0030000000000000001
ODDS	111	2	Pack03	10000000	StarfruitSeed	Secret	4.506743609665123
ODDS	81	2	Pack03	10000000	CactusSeed	Uncommon	17.985611510791365
ODDS	81	2	Pack03	10000000	DatePalmSeed	Mythic	77.697841726618705
ODDS	81	2	Pack03	10000000	MirageFigSeed	Cosmic	1.1510791366906474
ODDS	81	2	Pack03	10000000	SolarStarfruitSeed	King	0.28776978417266186
ODDS	81	2	Pack03	10000000	StarfruitSeed	Secret	2.8776978417266186
ODDS	111	2	Pack04	1	CactusSeed	Uncommon	0
ODDS	111	2	Pack04	1	DatePalmSeed	Mythic	99.797999997999995
ODDS	111	2	Pack04	1	MirageFigSeed	Cosmic	0.002
ODDS	111	2	Pack04	1	SolarStarfruitSeed	King	1.9999999999999997e-09
ODDS	111	2	Pack04	1	StarfruitSeed	Secret	0.20000000000000001
ODDS	81	2	Pack04	1	CactusSeed	Uncommon	0
ODDS	81	2	Pack04	1	DatePalmSeed	Mythic	92
ODDS	81	2	Pack04	1	MirageFigSeed	Cosmic	2.2999999999999998
ODDS	81	2	Pack04	1	SolarStarfruitSeed	King	0.69999999999999996
ODDS	81	2	Pack04	1	StarfruitSeed	Secret	5
ODDS	111	2	Pack04	1.5	CactusSeed	Uncommon	0
ODDS	111	2	Pack04	1.5	DatePalmSeed	Mythic	99.773602688333384
ODDS	111	2	Pack04	1.5	MirageFigSeed	Cosmic	0.0023521580450493475
ODDS	111	2	Pack04	1.5	SolarStarfruitSeed	King	3e-09
ODDS	111	2	Pack04	1.5	StarfruitSeed	Secret	0.22404515062156269
ODDS	81	2	Pack04	1.5	CactusSeed	Uncommon	0
ODDS	81	2	Pack04	1.5	DatePalmSeed	Mythic	92
ODDS	81	2	Pack04	1.5	MirageFigSeed	Cosmic	2.2999999999999998
ODDS	81	2	Pack04	1.5	SolarStarfruitSeed	King	0.69999999999999996
ODDS	81	2	Pack04	1.5	StarfruitSeed	Secret	5
ODDS	111	2	Pack04	2	CactusSeed	Uncommon	0
ODDS	111	2	Pack04	2	DatePalmSeed	Mythic	99.754522003299442
ODDS	111	2	Pack04	2	MirageFigSeed	Cosmic	0.0026390158215457886
ODDS	111	2	Pack04	2	SolarStarfruitSeed	King	3.9999999999999994e-09
ODDS	111	2	Pack04	2	StarfruitSeed	Secret	0.2428389768790094
ODDS	81	2	Pack04	2	CactusSeed	Uncommon	0
ODDS	81	2	Pack04	2	DatePalmSeed	Mythic	92
ODDS	81	2	Pack04	2	MirageFigSeed	Cosmic	2.2999999999999998
ODDS	81	2	Pack04	2	SolarStarfruitSeed	King	0.69999999999999996
ODDS	81	2	Pack04	2	StarfruitSeed	Secret	5
ODDS	111	2	Pack04	5	CactusSeed	Uncommon	0
ODDS	111	2	Pack04	5	DatePalmSeed	Mythic	99.682328615908418
ODDS	111	2	Pack04	5	MirageFigSeed	Cosmic	0.0038073078774317573
ODDS	111	2	Pack04	5	SolarStarfruitSeed	King	9.9999999999999986e-09
ODDS	111	2	Pack04	5	StarfruitSeed	Secret	0.31386406621415019
ODDS	81	2	Pack04	5	CactusSeed	Uncommon	0
ODDS	81	2	Pack04	5	DatePalmSeed	Mythic	91.489361702127667
ODDS	81	2	Pack04	5	MirageFigSeed	Cosmic	2.4468085106382973
ODDS	81	2	Pack04	5	SolarStarfruitSeed	King	0.74468085106382986
ODDS	81	2	Pack04	5	StarfruitSeed	Secret	5.3191489361702127
ODDS	111	2	Pack04	10	CactusSeed	Uncommon	0
ODDS	111	2	Pack04	10	DatePalmSeed	Mythic	99.613884063544333
ODDS	111	2	Pack04	10	MirageFigSeed	Cosmic	0.0050237728630191606
ODDS	111	2	Pack04	10	SolarStarfruitSeed	King	1.9999999999999997e-08
ODDS	111	2	Pack04	10	StarfruitSeed	Secret	0.38109214359264948
ODDS	81	2	Pack04	10	CactusSeed	Uncommon	0
ODDS	81	2	Pack04	10	DatePalmSeed	Mythic	91.489361702127667
ODDS	81	2	Pack04	10	MirageFigSeed	Cosmic	2.4468085106382973
ODDS	81	2	Pack04	10	SolarStarfruitSeed	King	0.74468085106382986
ODDS	81	2	Pack04	10	StarfruitSeed	Secret	5.3191489361702127
ODDS	111	2	Pack04	50	CactusSeed	Uncommon	0
ODDS	111	2	Pack04	50	DatePalmSeed	Mythic	99.392380726050817
ODDS	111	2	Pack04	50	MirageFigSeed	Cosmic	0.009563524997900372
ODDS	111	2	Pack04	50	SolarStarfruitSeed	King	9.9999999999999982e-08
ODDS	111	2	Pack04	50	StarfruitSeed	Secret	0.59805564895127883
ODDS	81	2	Pack04	50	CactusSeed	Uncommon	0
ODDS	81	2	Pack04	50	DatePalmSeed	Mythic	91.049913941480213
ODDS	81	2	Pack04	50	MirageFigSeed	Cosmic	2.5731497418244409
ODDS	81	2	Pack04	50	SolarStarfruitSeed	King	0.7831325301204819
ODDS	81	2	Pack04	50	StarfruitSeed	Secret	5.5938037865748713
ODDS	111	2	Pack04	300	CactusSeed	Uncommon	0
ODDS	111	2	Pack04	300	DatePalmSeed	Mythic	98.992718949865804
ODDS	111	2	Pack04	300	MirageFigSeed	Cosmic	0.01958296724721954
ODDS	111	2	Pack04	300	SolarStarfruitSeed	King	5.9999999999999997e-07
ODDS	111	2	Pack04	300	StarfruitSeed	Secret	0.98769748288698533
ODDS	81	2	Pack04	300	CactusSeed	Uncommon	0
ODDS	81	2	Pack04	300	DatePalmSeed	Mythic	91.049913941480213
ODDS	81	2	Pack04	300	MirageFigSeed	Cosmic	2.5731497418244409
ODDS	81	2	Pack04	300	SolarStarfruitSeed	King	0.7831325301204819
ODDS	81	2	Pack04	300	StarfruitSeed	Secret	5.5938037865748713
ODDS	111	2	Pack04	2000	CactusSeed	Uncommon	0
ODDS	111	2	Pack04	2000	DatePalmSeed	Mythic	98.278135166384686
ODDS	111	2	Pack04	2000	MirageFigSeed	Cosmic	0.041825582103650942
ODDS	111	2	Pack04	2000	SolarStarfruitSeed	King	3.9999999999999998e-06
ODDS	111	2	Pack04	2000	StarfruitSeed	Secret	1.6800352515116623
ODDS	81	2	Pack04	2000	CactusSeed	Uncommon	0
ODDS	81	2	Pack04	2000	DatePalmSeed	Mythic	90.551181102362207
ODDS	81	2	Pack04	2000	MirageFigSeed	Cosmic	2.7165354330708662
ODDS	81	2	Pack04	2000	SolarStarfruitSeed	King	0.82677165354330695
ODDS	81	2	Pack04	2000	StarfruitSeed	Secret	5.9055118110236222
ODDS	111	2	Pack04	10000	CactusSeed	Uncommon	0
ODDS	111	2	Pack04	10000	DatePalmSeed	Mythic	97.283845088776488
ODDS	111	2	Pack04	10000	MirageFigSeed	Cosmic	0.079621434110699468
ODDS	111	2	Pack04	10000	SolarStarfruitSeed	King	1.9999999999999998e-05
ODDS	111	2	Pack04	10000	StarfruitSeed	Secret	2.6365134771128149
ODDS	81	2	Pack04	10000	CactusSeed	Uncommon	0
ODDS	81	2	Pack04	10000	DatePalmSeed	Mythic	90.551181102362207
ODDS	81	2	Pack04	10000	MirageFigSeed	Cosmic	2.7165354330708662
ODDS	81	2	Pack04	10000	SolarStarfruitSeed	King	0.82677165354330695
ODDS	81	2	Pack04	10000	StarfruitSeed	Secret	5.9055118110236222
ODDS	111	2	Pack04	100000	CactusSeed	Uncommon	0
ODDS	111	2	Pack04	100000	DatePalmSeed	Mythic	94.776027136980829
ODDS	111	2	Pack04	100000	MirageFigSeed	Cosmic	0.20000000000000009
ODDS	111	2	Pack04	100000	SolarStarfruitSeed	King	0.00019999999999999998
ODDS	111	2	Pack04	100000	StarfruitSeed	Secret	5.023772863019162
ODDS	81	2	Pack04	100000	CactusSeed	Uncommon	0
ODDS	81	2	Pack04	100000	DatePalmSeed	Mythic	90.035587188612098
ODDS	81	2	Pack04	100000	MirageFigSeed	Cosmic	2.8647686832740211
ODDS	81	2	Pack04	100000	SolarStarfruitSeed	King	0.87188612099644114
ODDS	81	2	Pack04	100000	StarfruitSeed	Secret	6.2277580071174379
ODDS	111	2	Pack04	1000000	CactusSeed	Uncommon	0
ODDS	111	2	Pack04	1000000	DatePalmSeed	Mythic	89.923020867245313
ODDS	111	2	Pack04	1000000	MirageFigSeed	Cosmic	0.50237728630191625
ODDS	111	2	Pack04	1000000	SolarStarfruitSeed	King	0.002
ODDS	111	2	Pack04	1000000	StarfruitSeed	Secret	9.5726018464527698
ODDS	81	2	Pack04	1000000	CactusSeed	Uncommon	0
ODDS	81	2	Pack04	1000000	DatePalmSeed	Mythic	90.035587188612098
ODDS	81	2	Pack04	1000000	MirageFigSeed	Cosmic	2.8647686832740211
ODDS	81	2	Pack04	1000000	SolarStarfruitSeed	King	0.87188612099644114
ODDS	81	2	Pack04	1000000	StarfruitSeed	Secret	6.2277580071174379
ODDS	111	2	Pack04	5000000	CactusSeed	Uncommon	0
ODDS	111	2	Pack04	5000000	DatePalmSeed	Mythic	84.011168801326221
ODDS	111	2	Pack04	5000000	MirageFigSeed	Cosmic	0.95635249979003734
ODDS	111	2	Pack04	5000000	SolarStarfruitSeed	King	0.0099999999999999985
ODDS	111	2	Pack04	5000000	StarfruitSeed	Secret	15.022478698883745
ODDS	81	2	Pack04	5000000	CactusSeed	Uncommon	0
ODDS	81	2	Pack04	5000000	DatePalmSeed	Mythic	89.610389610389603
ODDS	81	2	Pack04	5000000	MirageFigSeed	Cosmic	2.9870129870129865
ODDS	81	2	Pack04	5000000	SolarStarfruitSeed	King	0.90909090909090906
ODDS	81	2	Pack04	5000000	StarfruitSeed	Secret	6.4935064935064934
ODDS	111	2	Pack04	10000000	CactusSeed	Uncommon	0
ODDS	111	2	Pack04	10000000	DatePalmSeed	Mythic	84.011168801326221
ODDS	111	2	Pack04	10000000	MirageFigSeed	Cosmic	0.95635249979003734
ODDS	111	2	Pack04	10000000	SolarStarfruitSeed	King	0.0099999999999999985
ODDS	111	2	Pack04	10000000	StarfruitSeed	Secret	15.022478698883745
ODDS	81	2	Pack04	10000000	CactusSeed	Uncommon	0
ODDS	81	2	Pack04	10000000	DatePalmSeed	Mythic	89.610389610389603
ODDS	81	2	Pack04	10000000	MirageFigSeed	Cosmic	2.9870129870129865
ODDS	81	2	Pack04	10000000	SolarStarfruitSeed	King	0.90909090909090906
ODDS	81	2	Pack04	10000000	StarfruitSeed	Secret	6.4935064935064934
ODDS	111	2	Pack05	1	CactusSeed	Uncommon	0
ODDS	111	2	Pack05	1	DatePalmSeed	Mythic	99.393999993999998
ODDS	111	2	Pack05	1	MirageFigSeed	Cosmic	0.0059999999999999993
ODDS	111	2	Pack05	1	SolarStarfruitSeed	King	6e-09
ODDS	111	2	Pack05	1	StarfruitSeed	Secret	0.59999999999999998
ODDS	81	2	Pack05	1	CactusSeed	Uncommon	0
ODDS	81	2	Pack05	1	DatePalmSeed	Mythic	80
ODDS	81	2	Pack05	1	MirageFigSeed	Cosmic	6
ODDS	81	2	Pack05	1	SolarStarfruitSeed	King	2
ODDS	81	2	Pack05	1	StarfruitSeed	Secret	12
ODDS	111	2	Pack05	1.5	CactusSeed	Uncommon	0
ODDS	111	2	Pack05	1.5	DatePalmSeed	Mythic	99.320808065000165
ODDS	111	2	Pack05	1.5	MirageFigSeed	Cosmic	0.0070564741351480404
ODDS	111	2	Pack05	1.5	SolarStarfruitSeed	King	8.9999999999999995e-09
ODDS	111	2	Pack05	1.5	StarfruitSeed	Secret	0.67213545186468815
ODDS	81	2	Pack05	1.5	CactusSeed	Uncommon	0
ODDS	81	2	Pack05	1.5	DatePalmSeed	Mythic	80
ODDS	81	2	Pack05	1.5	MirageFigSeed	Cosmic	6
ODDS	81	2	Pack05	1.5	SolarStarfruitSeed	King	2
ODDS	81	2	Pack05	1.5	StarfruitSeed	Secret	12
ODDS	111	2	Pack05	2	CactusSeed	Uncommon	0
ODDS	111	2	Pack05	2	DatePalmSeed	Mythic	99.263566009898327
ODDS	111	2	Pack05	2	MirageFigSeed	Cosmic	0.0079170474646373633
ODDS	111	2	Pack05	2	SolarStarfruitSeed	King	1.2e-08
ODDS	111	2	Pack05	2	StarfruitSeed	Secret	0.72851693063702816
ODDS	81	2	Pack05	2	CactusSeed	Uncommon	0
ODDS	81	2	Pack05	2	DatePalmSeed	Mythic	80
ODDS	81	2	Pack05	2	MirageFigSeed	Cosmic	6
ODDS	81	2	Pack05	2	SolarStarfruitSeed	King	2
ODDS	81	2	Pack05	2	StarfruitSeed	Secret	12
ODDS	111	2	Pack05	5	CactusSeed	Uncommon	0
ODDS	111	2	Pack05	5	DatePalmSeed	Mythic	99.046985847725253
ODDS	111	2	Pack05	5	MirageFigSeed	Cosmic	0.01142192363229527
ODDS	111	2	Pack05	5	SolarStarfruitSeed	King	2.9999999999999997e-08
ODDS	111	2	Pack05	5	StarfruitSeed	Secret	0.9415921986424507
ODDS	81	2	Pack05	5	CactusSeed	Uncommon	0
ODDS	81	2	Pack05	5	DatePalmSeed	Mythic	78.899082568807344
ODDS	81	2	Pack05	5	MirageFigSeed	Cosmic	6.330275229357798
ODDS	81	2	Pack05	5	SolarStarfruitSeed	King	2.1100917431192658
ODDS	81	2	Pack05	5	StarfruitSeed	Secret	12.660550458715596
ODDS	111	2	Pack05	10	CactusSeed	Uncommon	0
ODDS	111	2	Pack05	10	DatePalmSeed	Mythic	98.841652190632985
ODDS	111	2	Pack05	10	MirageFigSeed	Cosmic	0.015071318589057478
ODDS	111	2	Pack05	10	SolarStarfruitSeed	King	5.9999999999999995e-08
ODDS	111	2	Pack05	10	StarfruitSeed	Secret	1.1432764307779484
ODDS	81	2	Pack05	10	CactusSeed	Uncommon	0
ODDS	81	2	Pack05	10	DatePalmSeed	Mythic	78.899082568807344
ODDS	81	2	Pack05	10	MirageFigSeed	Cosmic	6.330275229357798
ODDS	81	2	Pack05	10	SolarStarfruitSeed	King	2.1100917431192658
ODDS	81	2	Pack05	10	StarfruitSeed	Secret	12.660550458715596
ODDS	111	2	Pack05	50	CactusSeed	Uncommon	0
ODDS	111	2	Pack05	50	DatePalmSeed	Mythic	98.177142178152465
ODDS	111	2	Pack05	50	MirageFigSeed	Cosmic	0.028690574993701111
ODDS	111	2	Pack05	50	SolarStarfruitSeed	King	2.9999999999999999e-07
ODDS	111	2	Pack05	50	StarfruitSeed	Secret	1.7941669468538364
ODDS	81	2	Pack05	50	CactusSeed	Uncommon	0
ODDS	81	2	Pack05	50	DatePalmSeed	Mythic	77.966101694915253
ODDS	81	2	Pack05	50	MirageFigSeed	Cosmic	6.6101694915254248
ODDS	81	2	Pack05	50	SolarStarfruitSeed	King	2.2033898305084745
ODDS	81	2	Pack05	50	StarfruitSeed	Secret	13.22033898305085
ODDS	111	2	Pack05	300	CactusSeed	Uncommon	0
ODDS	111	2	Pack05	300	DatePalmSeed	Mythic	96.978156849597383
ODDS	111	2	Pack05	300	MirageFigSeed	Cosmic	0.058748901741658616
ODDS	111	2	Pack05	300	SolarStarfruitSeed	King	1.7999999999999999e-06
ODDS	111	2	Pack05	300	StarfruitSeed	Secret	2.963092448660956
ODDS	81	2	Pack05	300	CactusSeed	Uncommon	0
ODDS	81	2	Pack05	300	DatePalmSeed	Mythic	77.966101694915253
ODDS	81	2	Pack05	300	MirageFigSeed	Cosmic	6.6101694915254248
ODDS	81	2	Pack05	300	SolarStarfruitSeed	King	2.2033898305084745
ODDS	81	2	Pack05	300	StarfruitSeed	Secret	13.22033898305085
ODDS	111	2	Pack05	2000	CactusSeed	Uncommon	0
ODDS	111	2	Pack05	2000	DatePalmSeed	Mythic	94.834405499154059
ODDS	111	2	Pack05	2000	MirageFigSeed	Cosmic	0.12547674631095282
ODDS	111	2	Pack05	2000	SolarStarfruitSeed	King	1.1999999999999999e-05
ODDS	111	2	Pack05	2000	StarfruitSeed	Secret	5.0401057545349879
ODDS	81	2	Pack05	2000	CactusSeed	Uncommon	0
ODDS	81	2	Pack05	2000	DatePalmSeed	Mythic	76.92307692307692
ODDS	81	2	Pack05	2000	MirageFigSeed	Cosmic	6.9230769230769234
ODDS	81	2	Pack05	2000	SolarStarfruitSeed	King	2.3076923076923075
ODDS	81	2	Pack05	2000	StarfruitSeed	Secret	13.846153846153847
ODDS	111	2	Pack05	10000	CactusSeed	Uncommon	0
ODDS	111	2	Pack05	10000	DatePalmSeed	Mythic	91.851535266329449
ODDS	111	2	Pack05	10000	MirageFigSeed	Cosmic	0.23886430233209838
ODDS	111	2	Pack05	10000	SolarStarfruitSeed	King	5.9999999999999995e-05
ODDS	111	2	Pack05	10000	StarfruitSeed	Secret	7.9095404313384439
ODDS	81	2	Pack05	10000	CactusSeed	Uncommon	0
ODDS	81	2	Pack05	10000	DatePalmSeed	Mythic	76.92307692307692
ODDS	81	2	Pack05	10000	MirageFigSeed	Cosmic	6.9230769230769234
ODDS	81	2	Pack05	10000	SolarStarfruitSeed	King	2.3076923076923075
ODDS	81	2	Pack05	10000	StarfruitSeed	Secret	13.846153846153847
ODDS	111	2	Pack05	100000	CactusSeed	Uncommon	0
ODDS	111	2	Pack05	100000	DatePalmSeed	Mythic	84.328081410942517
ODDS	111	2	Pack05	100000	MirageFigSeed	Cosmic	0.60000000000000009
ODDS	111	2	Pack05	100000	SolarStarfruitSeed	King	0.00060000000000000006
ODDS	111	2	Pack05	100000	StarfruitSeed	Secret	15.071318589057487
ODDS	81	2	Pack05	100000	CactusSeed	Uncommon	0
ODDS	81	2	Pack05	100000	DatePalmSeed	Mythic	75.862068965517238
ODDS	81	2	Pack05	100000	MirageFigSeed	Cosmic	7.2413793103448274
ODDS	81	2	Pack05	100000	SolarStarfruitSeed	King	2.4137931034482758
ODDS	81	2	Pack05	100000	StarfruitSeed	Secret	14.482758620689655
ODDS	111	2	Pack05	1000000	CactusSeed	Uncommon	0
ODDS	111	2	Pack05	1000000	DatePalmSeed	Mythic	73.486868141094249
ODDS	111	2	Pack05	1000000	MirageFigSeed	Cosmic	1.5071318589057483
ODDS	111	2	Pack05	1000000	SolarStarfruitSeed	King	0.0060000000000000001
ODDS	111	2	Pack05	1000000	StarfruitSeed	Secret	25
ODDS	81	2	Pack05	1000000	CactusSeed	Uncommon	0
ODDS	81	2	Pack05	1000000	DatePalmSeed	Mythic	75.862068965517238
ODDS	81	2	Pack05	1000000	MirageFigSeed	Cosmic	7.2413793103448274
ODDS	81	2	Pack05	1000000	SolarStarfruitSeed	King	2.4137931034482758
ODDS	81	2	Pack05	1000000	StarfruitSeed	Secret	14.482758620689655
ODDS	111	2	Pack05	5000000	CactusSeed	Uncommon	0
ODDS	111	2	Pack05	5000000	DatePalmSeed	Mythic	72.100942500629884
ODDS	111	2	Pack05	5000000	MirageFigSeed	Cosmic	2.8690574993701117
ODDS	111	2	Pack05	5000000	SolarStarfruitSeed	King	0.029999999999999999
ODDS	111	2	Pack05	5000000	StarfruitSeed	Secret	25
ODDS	81	2	Pack05	5000000	CactusSeed	Uncommon	0
ODDS	81	2	Pack05	5000000	DatePalmSeed	Mythic	75
ODDS	81	2	Pack05	5000000	MirageFigSeed	Cosmic	7.5
ODDS	81	2	Pack05	5000000	SolarStarfruitSeed	King	2.5
ODDS	81	2	Pack05	5000000	StarfruitSeed	Secret	15
ODDS	111	2	Pack05	10000000	CactusSeed	Uncommon	0
ODDS	111	2	Pack05	10000000	DatePalmSeed	Mythic	72.100942500629884
ODDS	111	2	Pack05	10000000	MirageFigSeed	Cosmic	2.8690574993701117
ODDS	111	2	Pack05	10000000	SolarStarfruitSeed	King	0.029999999999999999
ODDS	111	2	Pack05	10000000	StarfruitSeed	Secret	25
ODDS	81	2	Pack05	10000000	CactusSeed	Uncommon	0
ODDS	81	2	Pack05	10000000	DatePalmSeed	Mythic	75
ODDS	81	2	Pack05	10000000	MirageFigSeed	Cosmic	7.5
ODDS	81	2	Pack05	10000000	SolarStarfruitSeed	King	2.5
ODDS	81	2	Pack05	10000000	StarfruitSeed	Secret	15
ODDS	111	2	Pack06	1	CactusSeed	Uncommon	0
ODDS	111	2	Pack06	1	DatePalmSeed	Mythic	97.979999980000002
ODDS	111	2	Pack06	1	MirageFigSeed	Cosmic	0.02
ODDS	111	2	Pack06	1	SolarStarfruitSeed	King	2e-08
ODDS	111	2	Pack06	1	StarfruitSeed	Secret	2
ODDS	81	2	Pack06	1	CactusSeed	Uncommon	0
ODDS	81	2	Pack06	1	DatePalmSeed	Mythic	65
ODDS	81	2	Pack06	1	MirageFigSeed	Cosmic	10
ODDS	81	2	Pack06	1	SolarStarfruitSeed	King	3
ODDS	81	2	Pack06	1	StarfruitSeed	Secret	22
ODDS	111	2	Pack06	1.5	CactusSeed	Uncommon	0
ODDS	111	2	Pack06	1.5	DatePalmSeed	Mythic	97.736026883333878
ODDS	111	2	Pack06	1.5	MirageFigSeed	Cosmic	0.023521580450493473
ODDS	111	2	Pack06	1.5	SolarStarfruitSeed	King	2.9999999999999997e-08
ODDS	111	2	Pack06	1.5	StarfruitSeed	Secret	2.2404515062156269
ODDS	81	2	Pack06	1.5	CactusSeed	Uncommon	0
ODDS	81	2	Pack06	1.5	DatePalmSeed	Mythic	65
ODDS	81	2	Pack06	1.5	MirageFigSeed	Cosmic	10
ODDS	81	2	Pack06	1.5	SolarStarfruitSeed	King	3
ODDS	81	2	Pack06	1.5	StarfruitSeed	Secret	22
ODDS	111	2	Pack06	2	CactusSeed	Uncommon	0
ODDS	111	2	Pack06	2	DatePalmSeed	Mythic	97.54522003299445
ODDS	111	2	Pack06	2	MirageFigSeed	Cosmic	0.026390158215457885
ODDS	111	2	Pack06	2	SolarStarfruitSeed	King	4.0000000000000001e-08
ODDS	111	2	Pack06	2	StarfruitSeed	Secret	2.4283897687900939
ODDS	81	2	Pack06	2	CactusSeed	Uncommon	0
ODDS	81	2	Pack06	2	DatePalmSeed	Mythic	65
ODDS	81	2	Pack06	2	MirageFigSeed	Cosmic	10
ODDS	81	2	Pack06	2	SolarStarfruitSeed	King	3
ODDS	81	2	Pack06	2	StarfruitSeed	Secret	22
ODDS	111	2	Pack06	5	CactusSeed	Uncommon	0
ODDS	111	2	Pack06	5	DatePalmSeed	Mythic	96.823286159084176
ODDS	111	2	Pack06	5	MirageFigSeed	Cosmic	0.038073078774317572
ODDS	111	2	Pack06	5	SolarStarfruitSeed	King	1.0000000000000001e-07
ODDS	111	2	Pack06	5	StarfruitSeed	Secret	3.1386406621415022
ODDS	81	2	Pack06	5	CactusSeed	Uncommon	0
ODDS	81	2	Pack06	5	DatePalmSeed	Mythic	63.450624290578887
ODDS	81	2	Pack06	5	MirageFigSeed	Cosmic	10.442678774120317
ODDS	81	2	Pack06	5	SolarStarfruitSeed	King	3.1328036322360955
ODDS	81	2	Pack06	5	StarfruitSeed	Secret	22.973893303064695
ODDS	111	2	Pack06	10	CactusSeed	Uncommon	0
ODDS	111	2	Pack06	10	DatePalmSeed	Mythic	96.138840635443316
ODDS	111	2	Pack06	10	MirageFigSeed	Cosmic	0.050237728630191603
ODDS	111	2	Pack06	10	SolarStarfruitSeed	King	2.0000000000000002e-07
ODDS	111	2	Pack06	10	StarfruitSeed	Secret	3.8109214359264945
ODDS	81	2	Pack06	10	CactusSeed	Uncommon	0
ODDS	81	2	Pack06	10	DatePalmSeed	Mythic	63.450624290578887
ODDS	81	2	Pack06	10	MirageFigSeed	Cosmic	10.442678774120317
ODDS	81	2	Pack06	10	SolarStarfruitSeed	King	3.1328036322360955
ODDS	81	2	Pack06	10	StarfruitSeed	Secret	22.973893303064695
ODDS	111	2	Pack06	50	CactusSeed	Uncommon	0
ODDS	111	2	Pack06	50	DatePalmSeed	Mythic	93.923807260508212
ODDS	111	2	Pack06	50	MirageFigSeed	Cosmic	0.095635249979003717
ODDS	111	2	Pack06	50	SolarStarfruitSeed	King	9.9999999999999995e-07
ODDS	111	2	Pack06	50	StarfruitSeed	Secret	5.9805564895127885
ODDS	81	2	Pack06	50	CactusSeed	Uncommon	0
ODDS	81	2	Pack06	50	DatePalmSeed	Mythic	62.162162162162161
ODDS	81	2	Pack06	50	MirageFigSeed	Cosmic	10.810810810810811
ODDS	81	2	Pack06	50	SolarStarfruitSeed	King	3.2432432432432439
ODDS	81	2	Pack06	50	StarfruitSeed	Secret	23.783783783783782
ODDS	111	2	Pack06	300	CactusSeed	Uncommon	0
ODDS	111	2	Pack06	300	DatePalmSeed	Mythic	89.927189498657938
ODDS	111	2	Pack06	300	MirageFigSeed	Cosmic	0.19582967247219538
ODDS	111	2	Pack06	300	SolarStarfruitSeed	King	6.000000000000001e-06
ODDS	111	2	Pack06	300	StarfruitSeed	Secret	9.8769748288698533
ODDS	81	2	Pack06	300	CactusSeed	Uncommon	0
ODDS	81	2	Pack06	300	DatePalmSeed	Mythic	62.162162162162161
ODDS	81	2	Pack06	300	MirageFigSeed	Cosmic	10.810810810810811
ODDS	81	2	Pack06	300	SolarStarfruitSeed	King	3.2432432432432439
ODDS	81	2	Pack06	300	StarfruitSeed	Secret	23.783783783783782
ODDS	111	2	Pack06	2000	CactusSeed	Uncommon	0
ODDS	111	2	Pack06	2000	DatePalmSeed	Mythic	82.781351663846863
ODDS	111	2	Pack06	2000	MirageFigSeed	Cosmic	0.41825582103650938
ODDS	111	2	Pack06	2000	SolarStarfruitSeed	King	4.0000000000000003e-05
ODDS	111	2	Pack06	2000	StarfruitSeed	Secret	16.800352515116625
ODDS	81	2	Pack06	2000	CactusSeed	Uncommon	0
ODDS	81	2	Pack06	2000	DatePalmSeed	Mythic	60.747663551401871
ODDS	81	2	Pack06	2000	MirageFigSeed	Cosmic	11.214953271028037
ODDS	81	2	Pack06	2000	SolarStarfruitSeed	King	3.3644859813084111
ODDS	81	2	Pack06	2000	StarfruitSeed	Secret	24.672897196261683
ODDS	111	2	Pack06	10000	CactusSeed	Uncommon	0
ODDS	111	2	Pack06	10000	DatePalmSeed	Mythic	74.203585658893005
ODDS	111	2	Pack06	10000	MirageFigSeed	Cosmic	0.79621434110699463
ODDS	111	2	Pack06	10000	SolarStarfruitSeed	King	0.00019999999999999998
ODDS	111	2	Pack06	10000	StarfruitSeed	Secret	25
ODDS	81	2	Pack06	10000	CactusSeed	Uncommon	0
ODDS	81	2	Pack06	10000	DatePalmSeed	Mythic	60.747663551401871
ODDS	81	2	Pack06	10000	MirageFigSeed	Cosmic	11.214953271028037
ODDS	81	2	Pack06	10000	SolarStarfruitSeed	King	3.3644859813084111
ODDS	81	2	Pack06	10000	StarfruitSeed	Secret	24.672897196261683
ODDS	111	2	Pack06	100000	CactusSeed	Uncommon	0
ODDS	111	2	Pack06	100000	DatePalmSeed	Mythic	72.998000000000005
ODDS	111	2	Pack06	100000	MirageFigSeed	Cosmic	2.0000000000000009
ODDS	111	2	Pack06	100000	SolarStarfruitSeed	King	0.002
ODDS	111	2	Pack06	100000	StarfruitSeed	Secret	25
ODDS	81	2	Pack06	100000	CactusSeed	Uncommon	0
ODDS	81	2	Pack06	100000	DatePalmSeed	Mythic	59.336099585062243
ODDS	81	2	Pack06	100000	MirageFigSeed	Cosmic	11.618257261410788
ODDS	81	2	Pack06	100000	SolarStarfruitSeed	King	3.4854771784232366
ODDS	81	2	Pack06	100000	StarfruitSeed	Secret	25.560165975103736
ODDS	111	2	Pack06	1000000	CactusSeed	Uncommon	0
ODDS	111	2	Pack06	1000000	DatePalmSeed	Mythic	69.980000000000004
ODDS	111	2	Pack06	1000000	MirageFigSeed	Cosmic	5
ODDS	111	2	Pack06	1000000	SolarStarfruitSeed	King	0.02
ODDS	111	2	Pack06	1000000	StarfruitSeed	Secret	25
ODDS	81	2	Pack06	1000000	CactusSeed	Uncommon	0
ODDS	81	2	Pack06	1000000	DatePalmSeed	Mythic	59.336099585062243
ODDS	81	2	Pack06	1000000	MirageFigSeed	Cosmic	11.618257261410788
ODDS	81	2	Pack06	1000000	SolarStarfruitSeed	King	3.4854771784232366
ODDS	81	2	Pack06	1000000	StarfruitSeed	Secret	25.560165975103736
ODDS	111	2	Pack06	5000000	CactusSeed	Uncommon	0
ODDS	111	2	Pack06	5000000	DatePalmSeed	Mythic	69.900000000000006
ODDS	111	2	Pack06	5000000	MirageFigSeed	Cosmic	5
ODDS	111	2	Pack06	5000000	SolarStarfruitSeed	King	0.10000000000000001
ODDS	111	2	Pack06	5000000	StarfruitSeed	Secret	25
ODDS	81	2	Pack06	5000000	CactusSeed	Uncommon	0
ODDS	81	2	Pack06	5000000	DatePalmSeed	Mythic	58.208955223880594
ODDS	81	2	Pack06	5000000	MirageFigSeed	Cosmic	11.940298507462687
ODDS	81	2	Pack06	5000000	SolarStarfruitSeed	King	3.5820895522388061
ODDS	81	2	Pack06	5000000	StarfruitSeed	Secret	26.268656716417912
ODDS	111	2	Pack06	10000000	CactusSeed	Uncommon	0
ODDS	111	2	Pack06	10000000	DatePalmSeed	Mythic	69.900000000000006
ODDS	111	2	Pack06	10000000	MirageFigSeed	Cosmic	5
ODDS	111	2	Pack06	10000000	SolarStarfruitSeed	King	0.10000000000000001
ODDS	111	2	Pack06	10000000	StarfruitSeed	Secret	25
ODDS	81	2	Pack06	10000000	CactusSeed	Uncommon	0
ODDS	81	2	Pack06	10000000	DatePalmSeed	Mythic	58.208955223880594
ODDS	81	2	Pack06	10000000	MirageFigSeed	Cosmic	11.940298507462687
ODDS	81	2	Pack06	10000000	SolarStarfruitSeed	King	3.5820895522388061
ODDS	81	2	Pack06	10000000	StarfruitSeed	Secret	26.268656716417912
ODDS	111	3	Pack01	1	SnowdropSeed	Uncommon	83.656566666566661
ODDS	111	3	Pack01	1	IceberrySeed	Rare	12.5
ODDS	111	3	Pack01	1	WinterPineSeed	Legendary	3.3333333333333335
ODDS	111	3	Pack01	1	CrystalLilySeed	Mythic	0.5
ODDS	111	3	Pack01	1	SilentFrostbellSeed	Secret	0.01
ODDS	111	3	Pack01	1	PolarStarbloomSeed	Cosmic	9.9999999999999991e-05
ODDS	111	3	Pack01	1	WinterCrownwoodSeed	King	1e-10
ODDS	81	3	Pack01	1	SnowdropSeed	Uncommon	81
ODDS	81	3	Pack01	1	IceberrySeed	Rare	13
ODDS	81	3	Pack01	1	WinterPineSeed	Legendary	4
ODDS	81	3	Pack01	1	CrystalLilySeed	Mythic	1.3
ODDS	81	3	Pack01	1	SilentFrostbellSeed	Secret	0.5
ODDS	81	3	Pack01	1	PolarStarbloomSeed	Cosmic	0.14999999999999999
ODDS	81	3	Pack01	1	WinterCrownwoodSeed	King	0.050000000000000003
ODDS	111	3	Pack01	1.5	SnowdropSeed	Uncommon	83.511937527753474
ODDS	111	3	Pack01	1.5	IceberrySeed	Rare	12.5
ODDS	111	3	Pack01	1.5	WinterPineSeed	Legendary	3.4432300986209716
ODDS	111	3	Pack01	1.5	CrystalLilySeed	Mythic	0.53351250804222239
ODDS	111	3	Pack01	1.5	SilentFrostbellSeed	Secret	0.011202257531078135
ODDS	111	3	Pack01	1.5	PolarStarbloomSeed	Cosmic	0.00011760790225246736
ODDS	111	3	Pack01	1.5	WinterCrownwoodSeed	King	1.5e-10
ODDS	81	3	Pack01	1.5	SnowdropSeed	Uncommon	81
ODDS	81	3	Pack01	1.5	IceberrySeed	Rare	13
ODDS	81	3	Pack01	1.5	WinterPineSeed	Legendary	4
ODDS	81	3	Pack01	1.5	CrystalLilySeed	Mythic	1.3
ODDS	81	3	Pack01	1.5	SilentFrostbellSeed	Secret	0.5
ODDS	81	3	Pack01	1.5	PolarStarbloomSeed	Cosmic	0.14999999999999999
ODDS	81	3	Pack01	1.5	WinterCrownwoodSeed	King	0.050000000000000003
ODDS	111	3	Pack01	2	SnowdropSeed	Uncommon	83.405689062590923
ODDS	111	3	Pack01	2	IceberrySeed	Rare	12.5
ODDS	111	3	Pack01	2	WinterPineSeed	Legendary	3.5233934685379347
ODDS	111	3	Pack01	2	CrystalLilySeed	Mythic	0.55864356903611001
ODDS	111	3	Pack01	2	SilentFrostbellSeed	Secret	0.01214194884395047
ODDS	111	3	Pack01	2	PolarStarbloomSeed	Cosmic	0.00013195079107728943
ODDS	111	3	Pack01	2	WinterCrownwoodSeed	King	2.0000000000000001e-10
ODDS	81	3	Pack01	2	SnowdropSeed	Uncommon	81
ODDS	81	3	Pack01	2	IceberrySeed	Rare	13
ODDS	81	3	Pack01	2	WinterPineSeed	Legendary	4
ODDS	81	3	Pack01	2	CrystalLilySeed	Mythic	1.3
ODDS	81	3	Pack01	2	SilentFrostbellSeed	Secret	0.5
ODDS	81	3	Pack01	2	PolarStarbloomSeed	Cosmic	0.14999999999999999
ODDS	81	3	Pack01	2	WinterCrownwoodSeed	King	0.050000000000000003
ODDS	111	3	Pack01	5	SnowdropSeed	Uncommon	83.045892474941667
ODDS	111	3	Pack01	5	IceberrySeed	Rare	12.5
ODDS	111	3	Pack01	5	WinterPineSeed	Legendary	3.7913715391867622
ODDS	111	3	Pack01	5	CrystalLilySeed	Mythic	0.646852416666993
ODDS	111	3	Pack01	5	SilentFrostbellSeed	Secret	0.015693203310707511
ODDS	111	3	Pack01	5	PolarStarbloomSeed	Cosmic	0.00019036539387158784
ODDS	111	3	Pack01	5	WinterCrownwoodSeed	King	4.9999999999999993e-10
ODDS	81	3	Pack01	5	SnowdropSeed	Uncommon	80.595010074376262
ODDS	81	3	Pack01	5	IceberrySeed	Rare	12.935001616875203
ODDS	81	3	Pack01	5	WinterPineSeed	Legendary	4.2785005348125669
ODDS	81	3	Pack01	5	CrystalLilySeed	Mythic	1.3905126738140843
ODDS	81	3	Pack01	5	SilentFrostbellSeed	Secret	0.57212507151563385
ODDS	81	3	Pack01	5	PolarStarbloomSeed	Cosmic	0.17163752145469019
ODDS	81	3	Pack01	5	WinterCrownwoodSeed	King	0.057212507151563397
ODDS	111	3	Pack01	10	SnowdropSeed	Uncommon	82.750426202412868
ODDS	111	3	Pack01	10	IceberrySeed	Rare	12.5
ODDS	111	3	Pack01	10	WinterPineSeed	Legendary	4.0075481153913763
ODDS	111	3	Pack01	10	CrystalLilySeed	Mythic	0.72271988537296372
ODDS	111	3	Pack01	10	SilentFrostbellSeed	Secret	0.019054607179632473
ODDS	111	3	Pack01	10	PolarStarbloomSeed	Cosmic	0.00025118864315095801
ODDS	111	3	Pack01	10	WinterCrownwoodSeed	King	9.9999999999999986e-10
ODDS	81	3	Pack01	10	SnowdropSeed	Uncommon	80.595010074376262
ODDS	81	3	Pack01	10	IceberrySeed	Rare	12.935001616875203
ODDS	81	3	Pack01	10	WinterPineSeed	Legendary	4.2785005348125669
ODDS	81	3	Pack01	10	CrystalLilySeed	Mythic	1.3905126738140843
ODDS	81	3	Pack01	10	SilentFrostbellSeed	Secret	0.57212507151563385
ODDS	81	3	Pack01	10	PolarStarbloomSeed	Cosmic	0.17163752145469019
ODDS	81	3	Pack01	10	WinterCrownwoodSeed	King	0.057212507151563397
ODDS	111	3	Pack01	50	SnowdropSeed	Uncommon	81.976401667464032
ODDS	111	3	Pack01	50	IceberrySeed	Rare	12.5
ODDS	111	3	Pack01	50	WinterPineSeed	Legendary	4.5582311599849241
ODDS	111	3	Pack01	50	CrystalLilySeed	Mythic	0.93498620885358752
ODDS	111	3	Pack01	50	SilentFrostbellSeed	Secret	0.029902782447563944
ODDS	111	3	Pack01	50	PolarStarbloomSeed	Cosmic	0.00047817624989501855
ODDS	111	3	Pack01	50	WinterCrownwoodSeed	King	5.0000000000000001e-09
ODDS	81	3	Pack01	50	SnowdropSeed	Uncommon	80.194049799514886
ODDS	81	3	Pack01	50	IceberrySeed	Rare	12.870649967823375
ODDS	81	3	Pack01	50	WinterPineSeed	Legendary	4.5542299886144244
ODDS	81	3	Pack01	50	CrystalLilySeed	Mythic	1.4801247462996883
ODDS	81	3	Pack01	50	SilentFrostbellSeed	Secret	0.64353249839116877
ODDS	81	3	Pack01	50	PolarStarbloomSeed	Cosmic	0.19305974951735064
ODDS	81	3	Pack01	50	WinterCrownwoodSeed	King	0.064353249839116874
ODDS	111	3	Pack01	300	SnowdropSeed	Uncommon	80.943474918130249
ODDS	111	3	Pack01	300	IceberrySeed	Rare	12.5
ODDS	111	3	Pack01	300	WinterPineSeed	Legendary	5.260759470209905
ODDS	111	3	Pack01	300	CrystalLilySeed	Mythic	1.2454015591531438
ODDS	111	3	Pack01	300	SilentFrostbellSeed	Secret	0.049384874144349271
ODDS	111	3	Pack01	300	PolarStarbloomSeed	Cosmic	0.00097914836236097694
ODDS	111	3	Pack01	300	WinterCrownwoodSeed	King	2.9999999999999997e-08
ODDS	81	3	Pack01	300	SnowdropSeed	Uncommon	80.194049799514886
ODDS	81	3	Pack01	300	IceberrySeed	Rare	12.870649967823375
ODDS	81	3	Pack01	300	WinterPineSeed	Legendary	4.5542299886144244
ODDS	81	3	Pack01	300	CrystalLilySeed	Mythic	1.4801247462996883
ODDS	81	3	Pack01	300	SilentFrostbellSeed	Secret	0.64353249839116877
ODDS	81	3	Pack01	300	PolarStarbloomSeed	Cosmic	0.19305974951735064
ODDS	81	3	Pack01	300	WinterCrownwoodSeed	King	0.064353249839116874
ODDS	111	3	Pack01	2000	SnowdropSeed	Uncommon	79.603874061281758
ODDS	111	3	Pack01	2000	IceberrySeed	Rare	12.5
ODDS	111	3	Pack01	2000	WinterPineSeed	Legendary	6.122956089635359
ODDS	111	3	Pack01	2000	CrystalLilySeed	Mythic	1.6870766074021228
ODDS	111	3	Pack01	2000	SilentFrostbellSeed	Secret	0.08400176257558313
ODDS	111	3	Pack01	2000	PolarStarbloomSeed	Cosmic	0.0020912791051825468
ODDS	111	3	Pack01	2000	WinterCrownwoodSeed	King	2.0000000000000002e-07
ODDS	81	3	Pack01	2000	SnowdropSeed	Uncommon	79.665601180231135
ODDS	81	3	Pack01	2000	IceberrySeed	Rare	12.785837226456849
ODDS	81	3	Pack01	2000	WinterPineSeed	Legendary	4.9176297024834028
ODDS	81	3	Pack01	2000	CrystalLilySeed	Mythic	1.5982296533071061
ODDS	81	3	Pack01	2000	SilentFrostbellSeed	Secret	0.73764445537251044
ODDS	81	3	Pack01	2000	PolarStarbloomSeed	Cosmic	0.2212933366117531
ODDS	81	3	Pack01	2000	WinterCrownwoodSeed	King	0.073764445537251061
ODDS	111	3	Pack01	10000	SnowdropSeed	Uncommon	78.217292657057854
ODDS	111	3	Pack01	10000	IceberrySeed	Rare	12.5
ODDS	111	3	Pack01	10000	WinterPineSeed	Legendary	6.9643204361801327
ODDS	111	3	Pack01	10000	CrystalLilySeed	Mythic	2.1825791612008301
ODDS	111	3	Pack01	10000	SilentFrostbellSeed	Secret	0.13182567385564076
ODDS	111	3	Pack01	10000	PolarStarbloomSeed	Cosmic	0.0039810717055349734
ODDS	111	3	Pack01	10000	WinterCrownwoodSeed	King	9.9999999999999995e-07
ODDS	81	3	Pack01	10000	SnowdropSeed	Uncommon	79.665601180231135
ODDS	81	3	Pack01	10000	IceberrySeed	Rare	12.785837226456849
ODDS	81	3	Pack01	10000	WinterPineSeed	Legendary	4.9176297024834028
ODDS	81	3	Pack01	10000	CrystalLilySeed	Mythic	1.5982296533071061
ODDS	81	3	Pack01	10000	SilentFrostbellSeed	Secret	0.73764445537251044
ODDS	81	3	Pack01	10000	PolarStarbloomSeed	Cosmic	0.2212933366117531
ODDS	81	3	Pack01	10000	WinterCrownwoodSeed	King	0.073764445537251061
ODDS	111	3	Pack01	100000	SnowdropSeed	Uncommon	75.71105986274948
ODDS	111	3	Pack01	100000	IceberrySeed	Rare	12.5
ODDS	111	3	Pack01	100000	WinterPineSeed	Legendary	8.3729547716986001
ODDS	111	3	Pack01	100000	CrystalLilySeed	Mythic	3.1547867224009667
ODDS	111	3	Pack01	100000	SilentFrostbellSeed	Secret	0.25118864315095812
ODDS	111	3	Pack01	100000	PolarStarbloomSeed	Cosmic	0.010000000000000002
ODDS	111	3	Pack01	100000	WinterCrownwoodSeed	King	9.9999999999999991e-06
ODDS	81	3	Pack01	100000	SnowdropSeed	Uncommon	79.014754298256307
ODDS	81	3	Pack01	100000	IceberrySeed	Rare	12.681380319473234
ODDS	81	3	Pack01	100000	WinterPineSeed	Legendary	5.3651993659309838
ODDS	81	3	Pack01	100000	CrystalLilySeed	Mythic	1.7436897939275697
ODDS	81	3	Pack01	100000	SilentFrostbellSeed	Secret	0.85355444457992924
ODDS	81	3	Pack01	100000	PolarStarbloomSeed	Cosmic	0.25606633337397877
ODDS	81	3	Pack01	100000	WinterCrownwoodSeed	King	0.085355444457992924
ODDS	111	3	Pack01	1000000	SnowdropSeed	Uncommon	72.36959111190933
ODDS	111	3	Pack01	1000000	IceberrySeed	Rare	12.5
ODDS	111	3	Pack01	1000000	WinterPineSeed	Legendary	10.066505734673386
ODDS	111	3	Pack01	1000000	CrystalLilySeed	Mythic	4.5600541967795492
ODDS	111	3	Pack01	1000000	SilentFrostbellSeed	Secret	0.47863009232263853
ODDS	111	3	Pack01	1000000	PolarStarbloomSeed	Cosmic	0.025118864315095805
ODDS	111	3	Pack01	1000000	WinterCrownwoodSeed	King	9.9999999999999991e-05
ODDS	81	3	Pack01	1000000	SnowdropSeed	Uncommon	79.014754298256307
ODDS	81	3	Pack01	1000000	IceberrySeed	Rare	12.681380319473234
ODDS	81	3	Pack01	1000000	WinterPineSeed	Legendary	5.3651993659309838
ODDS	81	3	Pack01	1000000	CrystalLilySeed	Mythic	1.7436897939275697
ODDS	81	3	Pack01	1000000	SilentFrostbellSeed	Secret	0.85355444457992924
ODDS	81	3	Pack01	1000000	PolarStarbloomSeed	Cosmic	0.25606633337397877
ODDS	81	3	Pack01	1000000	WinterCrownwoodSeed	King	0.085355444457992924
ODDS	111	3	Pack01	5000000	SnowdropSeed	Uncommon	69.351435282977377
ODDS	111	3	Pack01	5000000	IceberrySeed	Rare	12.5
ODDS	111	3	Pack01	5000000	WinterPineSeed	Legendary	11.449759002450303
ODDS	111	3	Pack01	5000000	CrystalLilySeed	Mythic	5.8993641546386293
ODDS	111	3	Pack01	5000000	SilentFrostbellSeed	Secret	0.75112393494418728
ODDS	111	3	Pack01	5000000	PolarStarbloomSeed	Cosmic	0.047817624989501865
ODDS	111	3	Pack01	5000000	WinterCrownwoodSeed	King	0.00050000000000000001
ODDS	81	3	Pack01	5000000	SnowdropSeed	Uncommon	78.374455732946302
ODDS	81	3	Pack01	5000000	IceberrySeed	Rare	12.578616352201259
ODDS	81	3	Pack01	5000000	WinterPineSeed	Legendary	5.8055152394775043
ODDS	81	3	Pack01	5000000	CrystalLilySeed	Mythic	1.8867924528301891
ODDS	81	3	Pack01	5000000	SilentFrostbellSeed	Secret	0.96758587324625067
ODDS	81	3	Pack01	5000000	PolarStarbloomSeed	Cosmic	0.29027576197387522
ODDS	81	3	Pack01	5000000	WinterCrownwoodSeed	King	0.09675858732462507
ODDS	111	3	Pack01	10000000	SnowdropSeed	Uncommon	69.351435282977377
ODDS	111	3	Pack01	10000000	IceberrySeed	Rare	12.5
ODDS	111	3	Pack01	10000000	WinterPineSeed	Legendary	11.449759002450303
ODDS	111	3	Pack01	10000000	CrystalLilySeed	Mythic	5.8993641546386293
ODDS	111	3	Pack01	10000000	SilentFrostbellSeed	Secret	0.75112393494418728
ODDS	111	3	Pack01	10000000	PolarStarbloomSeed	Cosmic	0.047817624989501865
ODDS	111	3	Pack01	10000000	WinterCrownwoodSeed	King	0.00050000000000000001
ODDS	81	3	Pack01	10000000	SnowdropSeed	Uncommon	78.374455732946302
ODDS	81	3	Pack01	10000000	IceberrySeed	Rare	12.578616352201259
ODDS	81	3	Pack01	10000000	WinterPineSeed	Legendary	5.8055152394775043
ODDS	81	3	Pack01	10000000	CrystalLilySeed	Mythic	1.8867924528301891
ODDS	81	3	Pack01	10000000	SilentFrostbellSeed	Secret	0.96758587324625067
ODDS	81	3	Pack01	10000000	PolarStarbloomSeed	Cosmic	0.29027576197387522
ODDS	81	3	Pack01	10000000	WinterCrownwoodSeed	King	0.09675858732462507
ODDS	111	3	Pack02	1	SnowdropSeed	Uncommon	72.058083333083331
ODDS	111	3	Pack02	1	IceberrySeed	Rare	20
ODDS	111	3	Pack02	1	WinterPineSeed	Legendary	6.666666666666667
ODDS	111	3	Pack02	1	CrystalLilySeed	Mythic	1.25
ODDS	111	3	Pack02	1	SilentFrostbellSeed	Secret	0.025000000000000001
ODDS	111	3	Pack02	1	PolarStarbloomSeed	Cosmic	0.00025000000000000001
ODDS	111	3	Pack02	1	WinterCrownwoodSeed	King	2.4999999999999996e-10
ODDS	81	3	Pack02	1	SnowdropSeed	Uncommon	63
ODDS	81	3	Pack02	1	IceberrySeed	Rare	25
ODDS	81	3	Pack02	1	WinterPineSeed	Legendary	8
ODDS	81	3	Pack02	1	CrystalLilySeed	Mythic	2.5
ODDS	81	3	Pack02	1	SilentFrostbellSeed	Secret	1
ODDS	81	3	Pack02	1	PolarStarbloomSeed	Cosmic	0.40000000000000002
ODDS	81	3	Pack02	1	WinterCrownwoodSeed	King	0.10000000000000001
ODDS	111	3	Pack02	1.5	SnowdropSeed	Uncommon	71.751458868694172
ODDS	111	3	Pack02	1.5	IceberrySeed	Rare	20
ODDS	111	3	Pack02	1.5	WinterPineSeed	Legendary	6.8864601972419432
ODDS	111	3	Pack02	1.5	CrystalLilySeed	Mythic	1.333781270105556
ODDS	111	3	Pack02	1.5	SilentFrostbellSeed	Secret	0.028005643827695336
ODDS	111	3	Pack02	1.5	PolarStarbloomSeed	Cosmic	0.00029401975563116844
ODDS	111	3	Pack02	1.5	WinterCrownwoodSeed	King	3.75e-10
ODDS	81	3	Pack02	1.5	SnowdropSeed	Uncommon	63
ODDS	81	3	Pack02	1.5	IceberrySeed	Rare	25
ODDS	81	3	Pack02	1.5	WinterPineSeed	Legendary	8
ODDS	81	3	Pack02	1.5	CrystalLilySeed	Mythic	2.5
ODDS	81	3	Pack02	1.5	SilentFrostbellSeed	Secret	1
ODDS	81	3	Pack02	1.5	PolarStarbloomSeed	Cosmic	0.40000000000000002
ODDS	81	3	Pack02	1.5	WinterCrownwoodSeed	King	0.10000000000000001
ODDS	111	3	Pack02	2	SnowdropSeed	Uncommon	71.525919390746282
ODDS	111	3	Pack02	2	IceberrySeed	Rare	20
ODDS	111	3	Pack02	2	WinterPineSeed	Legendary	7.0467869370758693
ODDS	111	3	Pack02	2	CrystalLilySeed	Mythic	1.3966089225902751
ODDS	111	3	Pack02	2	SilentFrostbellSeed	Secret	0.030354872109876176
ODDS	111	3	Pack02	2	PolarStarbloomSeed	Cosmic	0.00032987697769322358
ODDS	111	3	Pack02	2	WinterCrownwoodSeed	King	4.9999999999999993e-10
ODDS	81	3	Pack02	2	SnowdropSeed	Uncommon	63
ODDS	81	3	Pack02	2	IceberrySeed	Rare	25
ODDS	81	3	Pack02	2	WinterPineSeed	Legendary	8
ODDS	81	3	Pack02	2	CrystalLilySeed	Mythic	2.5
ODDS	81	3	Pack02	2	SilentFrostbellSeed	Secret	1
ODDS	81	3	Pack02	2	PolarStarbloomSeed	Cosmic	0.40000000000000002
ODDS	81	3	Pack02	2	WinterCrownwoodSeed	King	0.10000000000000001
ODDS	111	3	Pack02	5	SnowdropSeed	Uncommon	70.760416956947552
ODDS	111	3	Pack02	5	IceberrySeed	Rare	20
ODDS	111	3	Pack02	5	WinterPineSeed	Legendary	7.5827430783735243
ODDS	111	3	Pack02	5	CrystalLilySeed	Mythic	1.6171310416674824
ODDS	111	3	Pack02	5	SilentFrostbellSeed	Secret	0.039233008276768774
ODDS	111	3	Pack02	5	PolarStarbloomSeed	Cosmic	0.00047591348467896966
ODDS	111	3	Pack02	5	WinterCrownwoodSeed	King	1.2499999999999998e-09
ODDS	81	3	Pack02	5	SnowdropSeed	Uncommon	62.368518747679751
ODDS	81	3	Pack02	5	IceberrySeed	Rare	24.749412201460217
ODDS	81	3	Pack02	5	WinterPineSeed	Legendary	8.5137977973023151
ODDS	81	3	Pack02	5	CrystalLilySeed	Mythic	2.6605618116569736
ODDS	81	3	Pack02	5	SilentFrostbellSeed	Secret	1.1384729612671698
ODDS	81	3	Pack02	5	PolarStarbloomSeed	Cosmic	0.45538918450686799
ODDS	81	3	Pack02	5	WinterCrownwoodSeed	King	0.113847296126717
ODDS	111	3	Pack02	10	SnowdropSeed	Uncommon	70.12983956372787
ODDS	111	3	Pack02	10	IceberrySeed	Rare	20
ODDS	111	3	Pack02	10	WinterPineSeed	Legendary	8.0150962307827527
ODDS	111	3	Pack02	10	CrystalLilySeed	Mythic	1.8067997134324092
ODDS	111	3	Pack02	10	SilentFrostbellSeed	Secret	0.047636517949081185
ODDS	111	3	Pack02	10	PolarStarbloomSeed	Cosmic	0.00062797160787739508
ODDS	111	3	Pack02	10	WinterCrownwoodSeed	King	2.4999999999999996e-09
ODDS	81	3	Pack02	10	SnowdropSeed	Uncommon	62.368518747679751
ODDS	81	3	Pack02	10	IceberrySeed	Rare	24.749412201460217
ODDS	81	3	Pack02	10	WinterPineSeed	Legendary	8.5137977973023151
ODDS	81	3	Pack02	10	CrystalLilySeed	Mythic	2.6605618116569736
ODDS	81	3	Pack02	10	SilentFrostbellSeed	Secret	1.1384729612671698
ODDS	81	3	Pack02	10	PolarStarbloomSeed	Cosmic	0.45538918450686799
ODDS	81	3	Pack02	10	WinterCrownwoodSeed	King	0.113847296126717
ODDS	111	3	Pack02	50	SnowdropSeed	Uncommon	68.470119748652536
ODDS	111	3	Pack02	50	IceberrySeed	Rare	20
ODDS	111	3	Pack02	50	WinterPineSeed	Legendary	9.1164623199698482
ODDS	111	3	Pack02	50	CrystalLilySeed	Mythic	2.3374655221339689
ODDS	111	3	Pack02	50	SilentFrostbellSeed	Secret	0.074756956118909854
ODDS	111	3	Pack02	50	PolarStarbloomSeed	Cosmic	0.0011954406247375465
ODDS	111	3	Pack02	50	WinterCrownwoodSeed	King	1.2499999999999998e-08
ODDS	81	3	Pack02	50	SnowdropSeed	Uncommon	61.749571183533455
ODDS	81	3	Pack02	50	IceberrySeed	Rare	24.50379808870375
ODDS	81	3	Pack02	50	WinterPineSeed	Legendary	9.0173976966429787
ODDS	81	3	Pack02	50	CrystalLilySeed	Mythic	2.8179367802009314
ODDS	81	3	Pack02	50	SilentFrostbellSeed	Secret	1.274197500612595
ODDS	81	3	Pack02	50	PolarStarbloomSeed	Cosmic	0.50967900024503798
ODDS	81	3	Pack02	50	WinterCrownwoodSeed	King	0.1274197500612595
ODDS	111	3	Pack02	300	SnowdropSeed	Uncommon	66.239067030430547
ODDS	111	3	Pack02	300	IceberrySeed	Rare	20
ODDS	111	3	Pack02	300	WinterPineSeed	Legendary	10.52151894041981
ODDS	111	3	Pack02	300	CrystalLilySeed	Mythic	3.1135038978828593
ODDS	111	3	Pack02	300	SilentFrostbellSeed	Secret	0.12346218536087317
ODDS	111	3	Pack02	300	PolarStarbloomSeed	Cosmic	0.0024478709059024425
ODDS	111	3	Pack02	300	WinterCrownwoodSeed	King	7.4999999999999997e-08
ODDS	81	3	Pack02	300	SnowdropSeed	Uncommon	61.749571183533455
ODDS	81	3	Pack02	300	IceberrySeed	Rare	24.50379808870375
ODDS	81	3	Pack02	300	WinterPineSeed	Legendary	9.0173976966429787
ODDS	81	3	Pack02	300	CrystalLilySeed	Mythic	2.8179367802009314
ODDS	81	3	Pack02	300	SilentFrostbellSeed	Secret	1.274197500612595
ODDS	81	3	Pack02	300	PolarStarbloomSeed	Cosmic	0.50967900024503798
ODDS	81	3	Pack02	300	WinterCrownwoodSeed	King	0.1274197500612595
ODDS	111	3	Pack02	2000	SnowdropSeed	Uncommon	63.321163198022056
ODDS	111	3	Pack02	2000	IceberrySeed	Rare	20
ODDS	111	3	Pack02	2000	WinterPineSeed	Legendary	12.245912179270718
ODDS	111	3	Pack02	2000	CrystalLilySeed	Mythic	4.2176915185053074
ODDS	111	3	Pack02	2000	SilentFrostbellSeed	Secret	0.21000440643895779
ODDS	111	3	Pack02	2000	PolarStarbloomSeed	Cosmic	0.0052281977629563678
ODDS	111	3	Pack02	2000	WinterCrownwoodSeed	King	4.9999999999999998e-07
ODDS	81	3	Pack02	2000	SnowdropSeed	Uncommon	60.943168077388151
ODDS	81	3	Pack02	2000	IceberrySeed	Rare	24.183796856106408
ODDS	81	3	Pack02	2000	WinterPineSeed	Legendary	9.6735187424425639
ODDS	81	3	Pack02	2000	CrystalLilySeed	Mythic	3.022974607013301
ODDS	81	3	Pack02	2000	SilentFrostbellSeed	Secret	1.4510278113663846
ODDS	81	3	Pack02	2000	PolarStarbloomSeed	Cosmic	0.58041112454655386
ODDS	81	3	Pack02	2000	WinterCrownwoodSeed	King	0.14510278113663846
ODDS	111	3	Pack02	10000	SnowdropSeed	Uncommon	60.275391860734715
ODDS	111	3	Pack02	10000	IceberrySeed	Rare	20
ODDS	111	3	Pack02	10000	WinterPineSeed	Legendary	13.928640872360265
ODDS	111	3	Pack02	10000	CrystalLilySeed	Mythic	5.4564479030020756
ODDS	111	3	Pack02	10000	SilentFrostbellSeed	Secret	0.32956418463910186
ODDS	111	3	Pack02	10000	PolarStarbloomSeed	Cosmic	0.0099526792638374335
ODDS	111	3	Pack02	10000	WinterCrownwoodSeed	King	2.4999999999999998e-06
ODDS	81	3	Pack02	10000	SnowdropSeed	Uncommon	60.943168077388151
ODDS	81	3	Pack02	10000	IceberrySeed	Rare	24.183796856106408
ODDS	81	3	Pack02	10000	WinterPineSeed	Legendary	9.6735187424425639
ODDS	81	3	Pack02	10000	CrystalLilySeed	Mythic	3.022974607013301
ODDS	81	3	Pack02	10000	SilentFrostbellSeed	Secret	1.4510278113663846
ODDS	81	3	Pack02	10000	PolarStarbloomSeed	Cosmic	0.58041112454655386
ODDS	81	3	Pack02	10000	WinterCrownwoodSeed	King	0.14510278113663846
ODDS	111	3	Pack02	100000	SnowdropSeed	Uncommon	54.714127042722978
ODDS	111	3	Pack02	100000	IceberrySeed	Rare	20
ODDS	111	3	Pack02	100000	WinterPineSeed	Legendary	16.7459095433972
ODDS	111	3	Pack02	100000	CrystalLilySeed	Mythic	7.8869668060024161
ODDS	111	3	Pack02	100000	SilentFrostbellSeed	Secret	0.62797160787739525
ODDS	111	3	Pack02	100000	PolarStarbloomSeed	Cosmic	0.025000000000000012
ODDS	111	3	Pack02	100000	WinterCrownwoodSeed	King	2.4999999999999998e-05
ODDS	81	3	Pack02	100000	SnowdropSeed	Uncommon	59.964306960142771
ODDS	81	3	Pack02	100000	IceberrySeed	Rare	23.795359904818561
ODDS	81	3	Pack02	100000	WinterPineSeed	Legendary	10.469958358120167
ODDS	81	3	Pack02	100000	CrystalLilySeed	Mythic	3.271861986912552
ODDS	81	3	Pack02	100000	SilentFrostbellSeed	Secret	1.6656751933372993
ODDS	81	3	Pack02	100000	PolarStarbloomSeed	Cosmic	0.66627007733491972
ODDS	81	3	Pack02	100000	WinterCrownwoodSeed	King	0.16656751933372993
ODDS	111	3	Pack02	1000000	SnowdropSeed	Uncommon	47.207230647110009
ODDS	111	3	Pack02	1000000	IceberrySeed	Rare	20
ODDS	111	3	Pack02	1000000	WinterPineSeed	Legendary	20.133011469346773
ODDS	111	3	Pack02	1000000	CrystalLilySeed	Mythic	11.400135491948873
ODDS	111	3	Pack02	1000000	SilentFrostbellSeed	Secret	1.1965752308065962
ODDS	111	3	Pack02	1000000	PolarStarbloomSeed	Cosmic	0.062797160787739531
ODDS	111	3	Pack02	1000000	WinterCrownwoodSeed	King	0.00025000000000000001
ODDS	81	3	Pack02	1000000	SnowdropSeed	Uncommon	59.964306960142771
ODDS	81	3	Pack02	1000000	IceberrySeed	Rare	23.795359904818561
ODDS	81	3	Pack02	1000000	WinterPineSeed	Legendary	10.469958358120167
ODDS	81	3	Pack02	1000000	CrystalLilySeed	Mythic	3.271861986912552
ODDS	81	3	Pack02	1000000	SilentFrostbellSeed	Secret	1.6656751933372993
ODDS	81	3	Pack02	1000000	PolarStarbloomSeed	Cosmic	0.66627007733491972
ODDS	81	3	Pack02	1000000	WinterCrownwoodSeed	King	0.16656751933372993
ODDS	111	3	Pack02	5000000	SnowdropSeed	Uncommon	40.353467708668589
ODDS	111	3	Pack02	5000000	IceberrySeed	Rare	20
ODDS	111	3	Pack02	5000000	WinterPineSeed	Legendary	22.899518004900607
ODDS	111	3	Pack02	5000000	CrystalLilySeed	Mythic	14.748410386596575
ODDS	111	3	Pack02	5000000	SilentFrostbellSeed	Secret	1.8778098373604681
ODDS	111	3	Pack02	5000000	PolarStarbloomSeed	Cosmic	0.11954406247375467
ODDS	111	3	Pack02	5000000	WinterCrownwoodSeed	King	0.0012499999999999998
ODDS	81	3	Pack02	5000000	SnowdropSeed	Uncommon	59.016393442622949
ODDS	81	3	Pack02	5000000	IceberrySeed	Rare	23.419203747072601
ODDS	81	3	Pack02	5000000	WinterPineSeed	Legendary	11.241217798594848
ODDS	81	3	Pack02	5000000	CrystalLilySeed	Mythic	3.5128805620608898
ODDS	81	3	Pack02	5000000	SilentFrostbellSeed	Secret	1.873536299765808
ODDS	81	3	Pack02	5000000	PolarStarbloomSeed	Cosmic	0.74941451990632324
ODDS	81	3	Pack02	5000000	WinterCrownwoodSeed	King	0.18735362997658081
ODDS	111	3	Pack02	10000000	SnowdropSeed	Uncommon	40.353467708668589
ODDS	111	3	Pack02	10000000	IceberrySeed	Rare	20
ODDS	111	3	Pack02	10000000	WinterPineSeed	Legendary	22.899518004900607
ODDS	111	3	Pack02	10000000	CrystalLilySeed	Mythic	14.748410386596575
ODDS	111	3	Pack02	10000000	SilentFrostbellSeed	Secret	1.8778098373604681
ODDS	111	3	Pack02	10000000	PolarStarbloomSeed	Cosmic	0.11954406247375467
ODDS	111	3	Pack02	10000000	WinterCrownwoodSeed	King	0.0012499999999999998
ODDS	81	3	Pack02	10000000	SnowdropSeed	Uncommon	59.016393442622949
ODDS	81	3	Pack02	10000000	IceberrySeed	Rare	23.419203747072601
ODDS	81	3	Pack02	10000000	WinterPineSeed	Legendary	11.241217798594848
ODDS	81	3	Pack02	10000000	CrystalLilySeed	Mythic	3.5128805620608898
ODDS	81	3	Pack02	10000000	SilentFrostbellSeed	Secret	1.873536299765808
ODDS	81	3	Pack02	10000000	PolarStarbloomSeed	Cosmic	0.74941451990632324
ODDS	81	3	Pack02	10000000	WinterCrownwoodSeed	King	0.18735362997658081
ODDS	111	3	Pack03	1	SnowdropSeed	Uncommon	42.320352380352375
ODDS	111	3	Pack03	1	IceberrySeed	Rare	40
ODDS	111	3	Pack03	1	WinterPineSeed	Legendary	14.285714285714285
ODDS	111	3	Pack03	1	CrystalLilySeed	Mythic	3.3333333333333335
ODDS	111	3	Pack03	1	SilentFrostbellSeed	Secret	0.059999999999999998
ODDS	111	3	Pack03	1	PolarStarbloomSeed	Cosmic	0.00060000000000000006
ODDS	111	3	Pack03	1	WinterCrownwoodSeed	King	6e-10
ODDS	81	3	Pack03	1	SnowdropSeed	Uncommon	25
ODDS	81	3	Pack03	1	IceberrySeed	Rare	48
ODDS	81	3	Pack03	1	WinterPineSeed	Legendary	18
ODDS	81	3	Pack03	1	CrystalLilySeed	Mythic	6
ODDS	81	3	Pack03	1	SilentFrostbellSeed	Secret	2
ODDS	81	3	Pack03	1	PolarStarbloomSeed	Cosmic	0.80000000000000004
ODDS	81	3	Pack03	1	WinterCrownwoodSeed	King	0.20000000000000001
ODDS	111	3	Pack03	1.5	SnowdropSeed	Uncommon	41.618630330223894
ODDS	111	3	Pack03	1.5	IceberrySeed	Rare	40
ODDS	111	3	Pack03	1.5	WinterPineSeed	Legendary	14.756700422661307
ODDS	111	3	Pack03	1.5	CrystalLilySeed	Mythic	3.5567500536148158
ODDS	111	3	Pack03	1.5	SilentFrostbellSeed	Secret	0.067213545186468812
ODDS	111	3	Pack03	1.5	PolarStarbloomSeed	Cosmic	0.00070564741351480421
ODDS	111	3	Pack03	1.5	WinterCrownwoodSeed	King	9.000000000000001e-10
ODDS	81	3	Pack03	1.5	SnowdropSeed	Uncommon	25
ODDS	81	3	Pack03	1.5	IceberrySeed	Rare	48
ODDS	81	3	Pack03	1.5	WinterPineSeed	Legendary	18
ODDS	81	3	Pack03	1.5	CrystalLilySeed	Mythic	6
ODDS	81	3	Pack03	1.5	SilentFrostbellSeed	Secret	2
ODDS	81	3	Pack03	1.5	PolarStarbloomSeed	Cosmic	0.80000000000000004
ODDS	81	3	Pack03	1.5	WinterCrownwoodSeed	King	0.20000000000000001
ODDS	111	3	Pack03	2	SnowdropSeed	Uncommon	41.101808418443667
ODDS	111	3	Pack03	2	IceberrySeed	Rare	40
ODDS	111	3	Pack03	2	WinterPineSeed	Legendary	15.100257722305432
ODDS	111	3	Pack03	2	CrystalLilySeed	Mythic	3.7242904602407334
ODDS	111	3	Pack03	2	SilentFrostbellSeed	Secret	0.072851693063702802
ODDS	111	3	Pack03	2	PolarStarbloomSeed	Cosmic	0.00079170474646373659
ODDS	111	3	Pack03	2	WinterCrownwoodSeed	King	1.2e-09
ODDS	81	3	Pack03	2	SnowdropSeed	Uncommon	25
ODDS	81	3	Pack03	2	IceberrySeed	Rare	48
ODDS	81	3	Pack03	2	WinterPineSeed	Legendary	18
ODDS	81	3	Pack03	2	CrystalLilySeed	Mythic	6
ODDS	81	3	Pack03	2	SilentFrostbellSeed	Secret	2
ODDS	81	3	Pack03	2	PolarStarbloomSeed	Cosmic	0.80000000000000004
ODDS	81	3	Pack03	2	WinterCrownwoodSeed	King	0.20000000000000001
ODDS	111	3	Pack03	5	SnowdropSeed	Uncommon	39.343613972382641
ODDS	111	3	Pack03	5	IceberrySeed	Rare	40
ODDS	111	3	Pack03	5	WinterPineSeed	Legendary	16.248735167943266
ODDS	111	3	Pack03	5	CrystalLilySeed	Mythic	4.3123494444466202
ODDS	111	3	Pack03	5	SilentFrostbellSeed	Secret	0.094159219864245053
ODDS	111	3	Pack03	5	PolarStarbloomSeed	Cosmic	0.0011421923632295272
ODDS	111	3	Pack03	5	WinterCrownwoodSeed	King	3e-09
ODDS	81	3	Pack03	5	SnowdropSeed	Uncommon	24.449877750611247
ODDS	81	3	Pack03	5	IceberrySeed	Rare	46.943765281173597
ODDS	81	3	Pack03	5	WinterPineSeed	Legendary	18.924205378973102
ODDS	81	3	Pack03	5	CrystalLilySeed	Mythic	6.3080684596577008
ODDS	81	3	Pack03	5	SilentFrostbellSeed	Secret	2.2493887530562344
ODDS	81	3	Pack03	5	PolarStarbloomSeed	Cosmic	0.89975550122249393
ODDS	81	3	Pack03	5	WinterCrownwoodSeed	King	0.22493887530562348
ODDS	111	3	Pack03	10	SnowdropSeed	Uncommon	37.89082644109002
ODDS	111	3	Pack03	10	IceberrySeed	Rare	40
ODDS	111	3	Pack03	10	WinterPineSeed	Legendary	17.175206208820185
ODDS	111	3	Pack03	10	CrystalLilySeed	Mythic	4.8181325691530912
ODDS	111	3	Pack03	10	SilentFrostbellSeed	Secret	0.11432764307779482
ODDS	111	3	Pack03	10	PolarStarbloomSeed	Cosmic	0.0015071318589057481
ODDS	111	3	Pack03	10	WinterCrownwoodSeed	King	6e-09
ODDS	81	3	Pack03	10	SnowdropSeed	Uncommon	24.449877750611247
ODDS	81	3	Pack03	10	IceberrySeed	Rare	46.943765281173597
ODDS	81	3	Pack03	10	WinterPineSeed	Legendary	18.924205378973102
ODDS	81	3	Pack03	10	CrystalLilySeed	Mythic	6.3080684596577008
ODDS	81	3	Pack03	10	SilentFrostbellSeed	Secret	2.2493887530562344
ODDS	81	3	Pack03	10	PolarStarbloomSeed	Cosmic	0.89975550122249393
ODDS	81	3	Pack03	10	WinterCrownwoodSeed	King	0.22493887530562348
ODDS	111	3	Pack03	50	SnowdropSeed	Uncommon	34.049196425522595
ODDS	111	3	Pack03	50	IceberrySeed	Rare	40
ODDS	111	3	Pack03	50	WinterPineSeed	Legendary	19.535276399935388
ODDS	111	3	Pack03	50	CrystalLilySeed	Mythic	6.2332413923572503
ODDS	111	3	Pack03	50	SilentFrostbellSeed	Secret	0.17941669468538365
ODDS	111	3	Pack03	50	PolarStarbloomSeed	Cosmic	0.0028690574993701116
ODDS	111	3	Pack03	50	WinterCrownwoodSeed	King	2.9999999999999997e-08
ODDS	81	3	Pack03	50	SnowdropSeed	Uncommon	23.923444976076553
ODDS	81	3	Pack03	50	IceberrySeed	Rare	45.933014354066977
ODDS	81	3	Pack03	50	WinterPineSeed	Legendary	19.808612440191386
ODDS	81	3	Pack03	50	CrystalLilySeed	Mythic	6.6028708133971286
ODDS	81	3	Pack03	50	SilentFrostbellSeed	Secret	2.4880382775119614
ODDS	81	3	Pack03	50	PolarStarbloomSeed	Cosmic	0.99521531100478455
ODDS	81	3	Pack03	50	WinterCrownwoodSeed	King	0.24880382775119614
ODDS	111	3	Pack03	300	SnowdropSeed	Uncommon	28.849026608753469
ODDS	111	3	Pack03	300	IceberrySeed	Rare	40
ODDS	111	3	Pack03	300	WinterPineSeed	Legendary	22.546112015185305
ODDS	111	3	Pack03	300	CrystalLilySeed	Mythic	8.3026770610209581
ODDS	111	3	Pack03	300	SilentFrostbellSeed	Secret	0.29630924486609556
ODDS	111	3	Pack03	300	PolarStarbloomSeed	Cosmic	0.0058748901741658621
ODDS	111	3	Pack03	300	WinterCrownwoodSeed	King	1.8e-07
ODDS	81	3	Pack03	300	SnowdropSeed	Uncommon	23.923444976076553
ODDS	81	3	Pack03	300	IceberrySeed	Rare	45.933014354066977
ODDS	81	3	Pack03	300	WinterPineSeed	Legendary	19.808612440191386
ODDS	81	3	Pack03	300	CrystalLilySeed	Mythic	6.6028708133971286
ODDS	81	3	Pack03	300	SilentFrostbellSeed	Secret	2.4880382775119614
ODDS	81	3	Pack03	300	PolarStarbloomSeed	Cosmic	0.99521531100478455
ODDS	81	3	Pack03	300	WinterCrownwoodSeed	King	0.24880382775119614
ODDS	111	3	Pack03	2000	SnowdropSeed	Uncommon	21.995022783083051
ODDS	111	3	Pack03	2000	IceberrySeed	Rare	40
ODDS	111	3	Pack03	2000	WinterPineSeed	Legendary	26.241240384151538
ODDS	111	3	Pack03	2000	CrystalLilySeed	Mythic	11.247177382680819
ODDS	111	3	Pack03	2000	SilentFrostbellSeed	Secret	0.5040105754534987
ODDS	111	3	Pack03	2000	PolarStarbloomSeed	Cosmic	0.01254767463109528
ODDS	111	3	Pack03	2000	WinterCrownwoodSeed	King	1.1999999999999999e-06
ODDS	81	3	Pack03	2000	SnowdropSeed	Uncommon	23.255813953488371
ODDS	81	3	Pack03	2000	IceberrySeed	Rare	44.651162790697676
ODDS	81	3	Pack03	2000	WinterPineSeed	Legendary	20.930232558139537
ODDS	81	3	Pack03	2000	CrystalLilySeed	Mythic	6.9767441860465116
ODDS	81	3	Pack03	2000	SilentFrostbellSeed	Secret	2.7906976744186047
ODDS	81	3	Pack03	2000	PolarStarbloomSeed	Cosmic	1.1162790697674421
ODDS	81	3	Pack03	2000	WinterCrownwoodSeed	King	0.27906976744186052
ODDS	111	3	Pack03	10000	SnowdropSeed	Uncommon	16.928140952140946
ODDS	111	3	Pack03	10000	IceberrySeed	Rare	40
ODDS	111	3	Pack03	10000	WinterPineSeed	Legendary	27.706484833153127
ODDS	111	3	Pack03	10000	CrystalLilySeed	Mythic	14.550527741338867
ODDS	111	3	Pack03	10000	SilentFrostbellSeed	Secret	0.79095404313384443
ODDS	111	3	Pack03	10000	PolarStarbloomSeed	Cosmic	0.02388643023320984
ODDS	111	3	Pack03	10000	WinterCrownwoodSeed	King	6.000000000000001e-06
ODDS	81	3	Pack03	10000	SnowdropSeed	Uncommon	23.255813953488371
ODDS	81	3	Pack03	10000	IceberrySeed	Rare	44.651162790697676
ODDS	81	3	Pack03	10000	WinterPineSeed	Legendary	20.930232558139537
ODDS	81	3	Pack03	10000	CrystalLilySeed	Mythic	6.9767441860465116
ODDS	81	3	Pack03	10000	SilentFrostbellSeed	Secret	2.7906976744186047
ODDS	81	3	Pack03	10000	PolarStarbloomSeed	Cosmic	1.1162790697674421
ODDS	81	3	Pack03	10000	WinterCrownwoodSeed	King	0.27906976744186052
ODDS	111	3	Pack03	100000	SnowdropSeed	Uncommon	16.928140952140968
ODDS	111	3	Pack03	100000	IceberrySeed	Rare	40
ODDS	111	3	Pack03	100000	WinterPineSeed	Legendary	20.472755706280182
ODDS	111	3	Pack03	100000	CrystalLilySeed	Mythic	21.031911482673106
ODDS	111	3	Pack03	100000	SilentFrostbellSeed	Secret	1.5071318589057483
ODDS	111	3	Pack03	100000	PolarStarbloomSeed	Cosmic	0.060000000000000019
ODDS	111	3	Pack03	100000	WinterCrownwoodSeed	King	6.0000000000000008e-05
ODDS	81	3	Pack03	100000	SnowdropSeed	Uncommon	22.471910112359552
ODDS	81	3	Pack03	100000	IceberrySeed	Rare	43.146067415730336
ODDS	81	3	Pack03	100000	WinterPineSeed	Legendary	22.247191011235955
ODDS	81	3	Pack03	100000	CrystalLilySeed	Mythic	7.415730337078652
ODDS	81	3	Pack03	100000	SilentFrostbellSeed	Secret	3.1460674157303372
ODDS	81	3	Pack03	100000	PolarStarbloomSeed	Cosmic	1.2584269662921348
ODDS	81	3	Pack03	100000	WinterCrownwoodSeed	King	0.3146067415730337
ODDS	111	3	Pack03	1000000	SnowdropSeed	Uncommon	16.928140952140946
ODDS	111	3	Pack03	1000000	IceberrySeed	Rare	40
ODDS	111	3	Pack03	1000000	WinterPineSeed	Legendary	9.6484039961689749
ODDS	111	3	Pack03	1000000	CrystalLilySeed	Mythic	30.400361311863662
ODDS	111	3	Pack03	1000000	SilentFrostbellSeed	Secret	2.8717805539358308
ODDS	111	3	Pack03	1000000	PolarStarbloomSeed	Cosmic	0.15071318589057484
ODDS	111	3	Pack03	1000000	WinterCrownwoodSeed	King	0.00060000000000000006
ODDS	81	3	Pack03	1000000	SnowdropSeed	Uncommon	22.471910112359552
ODDS	81	3	Pack03	1000000	IceberrySeed	Rare	43.146067415730336
ODDS	81	3	Pack03	1000000	WinterPineSeed	Legendary	22.247191011235955
ODDS	81	3	Pack03	1000000	CrystalLilySeed	Mythic	7.415730337078652
ODDS	81	3	Pack03	1000000	SilentFrostbellSeed	Secret	3.1460674157303372
ODDS	81	3	Pack03	1000000	PolarStarbloomSeed	Cosmic	1.2584269662921348
ODDS	81	3	Pack03	1000000	WinterCrownwoodSeed	King	0.3146067415730337
ODDS	111	3	Pack03	5000000	SnowdropSeed	Uncommon	16.928140952140946
ODDS	111	3	Pack03	5000000	IceberrySeed	Rare	40
ODDS	111	3	Pack03	5000000	WinterPineSeed	Legendary	7.1428571428571397
ODDS	111	3	Pack03	5000000	CrystalLilySeed	Mythic	31.132352545399772
ODDS	111	3	Pack03	5000000	SilentFrostbellSeed	Secret	4.506743609665123
ODDS	111	3	Pack03	5000000	PolarStarbloomSeed	Cosmic	0.28690574993701118
ODDS	111	3	Pack03	5000000	WinterCrownwoodSeed	King	0.0030000000000000001
ODDS	81	3	Pack03	5000000	SnowdropSeed	Uncommon	21.739130434782609
ODDS	81	3	Pack03	5000000	IceberrySeed	Rare	41.739130434782609
ODDS	81	3	Pack03	5000000	WinterPineSeed	Legendary	23.478260869565219
ODDS	81	3	Pack03	5000000	CrystalLilySeed	Mythic	7.8260869565217392
ODDS	81	3	Pack03	5000000	SilentFrostbellSeed	Secret	3.4782608695652173
ODDS	81	3	Pack03	5000000	PolarStarbloomSeed	Cosmic	1.3913043478260869
ODDS	81	3	Pack03	5000000	WinterCrownwoodSeed	King	0.34782608695652173
ODDS	111	3	Pack03	10000000	SnowdropSeed	Uncommon	16.928140952140946
ODDS	111	3	Pack03	10000000	IceberrySeed	Rare	40
ODDS	111	3	Pack03	10000000	WinterPineSeed	Legendary	7.1428571428571397
ODDS	111	3	Pack03	10000000	CrystalLilySeed	Mythic	31.132352545399772
ODDS	111	3	Pack03	10000000	SilentFrostbellSeed	Secret	4.506743609665123
ODDS	111	3	Pack03	10000000	PolarStarbloomSeed	Cosmic	0.28690574993701118
ODDS	111	3	Pack03	10000000	WinterCrownwoodSeed	King	0.0030000000000000001
ODDS	81	3	Pack03	10000000	SnowdropSeed	Uncommon	21.739130434782609
ODDS	81	3	Pack03	10000000	IceberrySeed	Rare	41.739130434782609
ODDS	81	3	Pack03	10000000	WinterPineSeed	Legendary	23.478260869565219
ODDS	81	3	Pack03	10000000	CrystalLilySeed	Mythic	7.8260869565217392
ODDS	81	3	Pack03	10000000	SilentFrostbellSeed	Secret	3.4782608695652173
ODDS	81	3	Pack03	10000000	PolarStarbloomSeed	Cosmic	1.3913043478260869
ODDS	81	3	Pack03	10000000	WinterCrownwoodSeed	King	0.34782608695652173
ODDS	111	3	Pack04	1	SnowdropSeed	Uncommon	0
ODDS	111	3	Pack04	1	IceberrySeed	Rare	56.464666664666666
ODDS	111	3	Pack04	1	WinterPineSeed	Legendary	33.333333333333329
ODDS	111	3	Pack04	1	CrystalLilySeed	Mythic	10
ODDS	111	3	Pack04	1	SilentFrostbellSeed	Secret	0.20000000000000001
ODDS	111	3	Pack04	1	PolarStarbloomSeed	Cosmic	0.002
ODDS	111	3	Pack04	1	WinterCrownwoodSeed	King	1.9999999999999997e-09
ODDS	81	3	Pack04	1	SnowdropSeed	Uncommon	0
ODDS	81	3	Pack04	1	IceberrySeed	Rare	45
ODDS	81	3	Pack04	1	WinterPineSeed	Legendary	32
ODDS	81	3	Pack04	1	CrystalLilySeed	Mythic	15
ODDS	81	3	Pack04	1	SilentFrostbellSeed	Secret	5
ODDS	81	3	Pack04	1	PolarStarbloomSeed	Cosmic	2.2999999999999998
ODDS	81	3	Pack04	1	WinterCrownwoodSeed	King	0.69999999999999996
ODDS	111	3	Pack04	1.5	SnowdropSeed	Uncommon	0
ODDS	111	3	Pack04	1.5	IceberrySeed	Rare	54.671051541279226
ODDS	111	3	Pack04	1.5	WinterPineSeed	Legendary	34.432300986209711
ODDS	111	3	Pack04	1.5	CrystalLilySeed	Mythic	10.670250160844448
ODDS	111	3	Pack04	1.5	SilentFrostbellSeed	Secret	0.22404515062156269
ODDS	111	3	Pack04	1.5	PolarStarbloomSeed	Cosmic	0.0023521580450493475
ODDS	111	3	Pack04	1.5	WinterCrownwoodSeed	King	3e-09
ODDS	81	3	Pack04	1.5	SnowdropSeed	Uncommon	0
ODDS	81	3	Pack04	1.5	IceberrySeed	Rare	45
ODDS	81	3	Pack04	1.5	WinterPineSeed	Legendary	32
ODDS	81	3	Pack04	1.5	CrystalLilySeed	Mythic	15
ODDS	81	3	Pack04	1.5	SilentFrostbellSeed	Secret	5
ODDS	81	3	Pack04	1.5	PolarStarbloomSeed	Cosmic	2.2999999999999998
ODDS	81	3	Pack04	1.5	WinterCrownwoodSeed	King	0.69999999999999996
ODDS	111	3	Pack04	2	SnowdropSeed	Uncommon	0
ODDS	111	3	Pack04	2	IceberrySeed	Rare	53.34771593719789
ODDS	111	3	Pack04	2	WinterPineSeed	Legendary	35.233934685379339
ODDS	111	3	Pack04	2	CrystalLilySeed	Mythic	11.172871380722201
ODDS	111	3	Pack04	2	SilentFrostbellSeed	Secret	0.2428389768790094
ODDS	111	3	Pack04	2	PolarStarbloomSeed	Cosmic	0.0026390158215457886
ODDS	111	3	Pack04	2	WinterCrownwoodSeed	King	3.9999999999999994e-09
ODDS	81	3	Pack04	2	SnowdropSeed	Uncommon	0
ODDS	81	3	Pack04	2	IceberrySeed	Rare	45
ODDS	81	3	Pack04	2	WinterPineSeed	Legendary	32
ODDS	81	3	Pack04	2	CrystalLilySeed	Mythic	15
ODDS	81	3	Pack04	2	SilentFrostbellSeed	Secret	5
ODDS	81	3	Pack04	2	PolarStarbloomSeed	Cosmic	2.2999999999999998
ODDS	81	3	Pack04	2	WinterCrownwoodSeed	King	0.69999999999999996
ODDS	111	3	Pack04	5	SnowdropSeed	Uncommon	0
ODDS	111	3	Pack04	5	IceberrySeed	Rare	48.831564890700932
ODDS	111	3	Pack04	5	WinterPineSeed	Legendary	37.913715391867619
ODDS	111	3	Pack04	5	CrystalLilySeed	Mythic	12.93704833333986
ODDS	111	3	Pack04	5	SilentFrostbellSeed	Secret	0.31386406621415019
ODDS	111	3	Pack04	5	PolarStarbloomSeed	Cosmic	0.0038073078774317573
ODDS	111	3	Pack04	5	WinterCrownwoodSeed	King	9.9999999999999986e-09
ODDS	81	3	Pack04	5	SnowdropSeed	Uncommon	0
ODDS	81	3	Pack04	5	IceberrySeed	Rare	42.969682501790402
ODDS	81	3	Pack04	5	WinterPineSeed	Legendary	32.847935068035326
ODDS	81	3	Pack04	5	CrystalLilySeed	Mythic	15.397469563141559
ODDS	81	3	Pack04	5	SilentFrostbellSeed	Secret	5.4905705418954396
ODDS	81	3	Pack04	5	PolarStarbloomSeed	Cosmic	2.525662449271902
ODDS	81	3	Pack04	5	WinterCrownwoodSeed	King	0.76867987586536157
ODDS	111	3	Pack04	10	SnowdropSeed	Uncommon	0
ODDS	111	3	Pack04	10	IceberrySeed	Rare	45.084005202171284
ODDS	111	3	Pack04	10	WinterPineSeed	Legendary	40.075481153913763
ODDS	111	3	Pack04	10	CrystalLilySeed	Mythic	14.454397707459274
ODDS	111	3	Pack04	10	SilentFrostbellSeed	Secret	0.38109214359264948
ODDS	111	3	Pack04	10	PolarStarbloomSeed	Cosmic	0.0050237728630191606
ODDS	111	3	Pack04	10	WinterCrownwoodSeed	King	1.9999999999999997e-08
ODDS	81	3	Pack04	10	SnowdropSeed	Uncommon	0
ODDS	81	3	Pack04	10	IceberrySeed	Rare	42.969682501790402
ODDS	81	3	Pack04	10	WinterPineSeed	Legendary	32.847935068035326
ODDS	81	3	Pack04	10	CrystalLilySeed	Mythic	15.397469563141559
ODDS	81	3	Pack04	10	SilentFrostbellSeed	Secret	5.4905705418954396
ODDS	81	3	Pack04	10	PolarStarbloomSeed	Cosmic	2.525662449271902
ODDS	81	3	Pack04	10	WinterCrownwoodSeed	King	0.76867987586536157
ODDS	111	3	Pack04	50	SnowdropSeed	Uncommon	0
ODDS	111	3	Pack04	50	IceberrySeed	Rare	35.110344949129832
ODDS	111	3	Pack04	50	WinterPineSeed	Legendary	45.582311599849234
ODDS	111	3	Pack04	50	CrystalLilySeed	Mythic	18.699724177071751
ODDS	111	3	Pack04	50	SilentFrostbellSeed	Secret	0.59805564895127883
ODDS	111	3	Pack04	50	PolarStarbloomSeed	Cosmic	0.009563524997900372
ODDS	111	3	Pack04	50	WinterCrownwoodSeed	King	9.9999999999999982e-08
ODDS	81	3	Pack04	50	SnowdropSeed	Uncommon	0
ODDS	81	3	Pack04	50	IceberrySeed	Rare	41.114664230242127
ODDS	81	3	Pack04	50	WinterPineSeed	Legendary	33.622658748286888
ODDS	81	3	Pack04	50	CrystalLilySeed	Mythic	15.760621288259481
ODDS	81	3	Pack04	50	SilentFrostbellSeed	Secret	5.9387848332571957
ODDS	81	3	Pack04	50	PolarStarbloomSeed	Cosmic	2.7318410232983101
ODDS	81	3	Pack04	50	WinterCrownwoodSeed	King	0.83142987665600732
ODDS	111	3	Pack04	300	SnowdropSeed	Uncommon	0
ODDS	111	3	Pack04	300	IceberrySeed	Rare	24.084687766802915
ODDS	111	3	Pack04	300	WinterPineSeed	Legendary	50
ODDS	111	3	Pack04	300	CrystalLilySeed	Mythic	24.908031183062874
ODDS	111	3	Pack04	300	SilentFrostbellSeed	Secret	0.98769748288698533
ODDS	111	3	Pack04	300	PolarStarbloomSeed	Cosmic	0.01958296724721954
ODDS	111	3	Pack04	300	WinterCrownwoodSeed	King	5.9999999999999997e-07
ODDS	81	3	Pack04	300	SnowdropSeed	Uncommon	0
ODDS	81	3	Pack04	300	IceberrySeed	Rare	41.114664230242127
ODDS	81	3	Pack04	300	WinterPineSeed	Legendary	33.622658748286888
ODDS	81	3	Pack04	300	CrystalLilySeed	Mythic	15.760621288259481
ODDS	81	3	Pack04	300	SilentFrostbellSeed	Secret	5.9387848332571957
ODDS	81	3	Pack04	300	PolarStarbloomSeed	Cosmic	2.7318410232983101
ODDS	81	3	Pack04	300	WinterCrownwoodSeed	King	0.83142987665600732
ODDS	111	3	Pack04	2000	SnowdropSeed	Uncommon	0
ODDS	111	3	Pack04	2000	IceberrySeed	Rare	22.58586666586665
ODDS	111	3	Pack04	2000	WinterPineSeed	Legendary	41.95073635247558
ODDS	111	3	Pack04	2000	CrystalLilySeed	Mythic	33.741532148042459
ODDS	111	3	Pack04	2000	SilentFrostbellSeed	Secret	1.6800352515116623
ODDS	111	3	Pack04	2000	PolarStarbloomSeed	Cosmic	0.041825582103650942
ODDS	111	3	Pack04	2000	WinterCrownwoodSeed	King	3.9999999999999998e-06
ODDS	81	3	Pack04	2000	SnowdropSeed	Uncommon	0
ODDS	81	3	Pack04	2000	IceberrySeed	Rare	38.876889848812098
ODDS	81	3	Pack04	2000	WinterPineSeed	Legendary	34.557235421166304
ODDS	81	3	Pack04	2000	CrystalLilySeed	Mythic	16.198704103671705
ODDS	81	3	Pack04	2000	SilentFrostbellSeed	Secret	6.4794816414686824
ODDS	81	3	Pack04	2000	PolarStarbloomSeed	Cosmic	2.9805615550755942
ODDS	81	3	Pack04	2000	WinterCrownwoodSeed	King	0.90712742980561545
ODDS	111	3	Pack04	10000	SnowdropSeed	Uncommon	0
ODDS	111	3	Pack04	10000	IceberrySeed	Rare	22.585866665866671
ODDS	111	3	Pack04	10000	WinterPineSeed	Legendary	31.046395198893219
ODDS	111	3	Pack04	10000	CrystalLilySeed	Mythic	43.651583224016605
ODDS	111	3	Pack04	10000	SilentFrostbellSeed	Secret	2.6365134771128149
ODDS	111	3	Pack04	10000	PolarStarbloomSeed	Cosmic	0.079621434110699468
ODDS	111	3	Pack04	10000	WinterCrownwoodSeed	King	1.9999999999999998e-05
ODDS	81	3	Pack04	10000	SnowdropSeed	Uncommon	0
ODDS	81	3	Pack04	10000	IceberrySeed	Rare	38.876889848812098
ODDS	81	3	Pack04	10000	WinterPineSeed	Legendary	34.557235421166304
ODDS	81	3	Pack04	10000	CrystalLilySeed	Mythic	16.198704103671705
ODDS	81	3	Pack04	10000	SilentFrostbellSeed	Secret	6.4794816414686824
ODDS	81	3	Pack04	10000	PolarStarbloomSeed	Cosmic	2.9805615550755942
ODDS	81	3	Pack04	10000	WinterCrownwoodSeed	King	0.90712742980561545
ODDS	111	3	Pack04	100000	SnowdropSeed	Uncommon	0
ODDS	111	3	Pack04	100000	IceberrySeed	Rare	22.585866665866671
ODDS	111	3	Pack04	100000	WinterPineSeed	Legendary	27.190160471114176
ODDS	111	3	Pack04	100000	CrystalLilySeed	Mythic	45
ODDS	111	3	Pack04	100000	SilentFrostbellSeed	Secret	5.023772863019162
ODDS	111	3	Pack04	100000	PolarStarbloomSeed	Cosmic	0.20000000000000009
ODDS	111	3	Pack04	100000	WinterCrownwoodSeed	King	0.00019999999999999998
ODDS	81	3	Pack04	100000	SnowdropSeed	Uncommon	0
ODDS	81	3	Pack04	100000	IceberrySeed	Rare	36.400404448938325
ODDS	81	3	Pack04	100000	WinterPineSeed	Legendary	35.591506572295245
ODDS	81	3	Pack04	100000	CrystalLilySeed	Mythic	16.683518705763397
ODDS	81	3	Pack04	100000	SilentFrostbellSeed	Secret	7.0778564206268957
ODDS	81	3	Pack04	100000	PolarStarbloomSeed	Cosmic	3.2558139534883717
ODDS	81	3	Pack04	100000	WinterCrownwoodSeed	King	0.99089989888776531
ODDS	111	3	Pack04	1000000	SnowdropSeed	Uncommon	0
ODDS	111	3	Pack04	1000000	IceberrySeed	Rare	22.585866665866671
ODDS	111	3	Pack04	1000000	WinterPineSeed	Legendary	22.337154201378652
ODDS	111	3	Pack04	1000000	CrystalLilySeed	Mythic	45
ODDS	111	3	Pack04	1000000	SilentFrostbellSeed	Secret	9.5726018464527698
ODDS	111	3	Pack04	1000000	PolarStarbloomSeed	Cosmic	0.50237728630191625
ODDS	111	3	Pack04	1000000	WinterCrownwoodSeed	King	0.002
ODDS	81	3	Pack04	1000000	SnowdropSeed	Uncommon	0
ODDS	81	3	Pack04	1000000	IceberrySeed	Rare	36.400404448938325
ODDS	81	3	Pack04	1000000	WinterPineSeed	Legendary	35.591506572295245
ODDS	81	3	Pack04	1000000	CrystalLilySeed	Mythic	16.683518705763397
ODDS	81	3	Pack04	1000000	SilentFrostbellSeed	Secret	7.0778564206268957
ODDS	81	3	Pack04	1000000	PolarStarbloomSeed	Cosmic	3.2558139534883717
ODDS	81	3	Pack04	1000000	WinterCrownwoodSeed	King	0.99089989888776531
ODDS	111	3	Pack04	5000000	SnowdropSeed	Uncommon	0
ODDS	111	3	Pack04	5000000	IceberrySeed	Rare	22.585866665866661
ODDS	111	3	Pack04	5000000	WinterPineSeed	Legendary	16.666666666666664
ODDS	111	3	Pack04	5000000	CrystalLilySeed	Mythic	44.758635468792903
ODDS	111	3	Pack04	5000000	SilentFrostbellSeed	Secret	15.022478698883745
ODDS	111	3	Pack04	5000000	PolarStarbloomSeed	Cosmic	0.95635249979003734
ODDS	111	3	Pack04	5000000	WinterCrownwoodSeed	King	0.0099999999999999985
ODDS	81	3	Pack04	5000000	SnowdropSeed	Uncommon	0
ODDS	81	3	Pack04	5000000	IceberrySeed	Rare	34.220532319391637
ODDS	81	3	Pack04	5000000	WinterPineSeed	Legendary	36.50190114068441
ODDS	81	3	Pack04	5000000	CrystalLilySeed	Mythic	17.110266159695819
ODDS	81	3	Pack04	5000000	SilentFrostbellSeed	Secret	7.6045627376425857
ODDS	81	3	Pack04	5000000	PolarStarbloomSeed	Cosmic	3.4980988593155891
ODDS	81	3	Pack04	5000000	WinterCrownwoodSeed	King	1.064638783269962
ODDS	111	3	Pack04	10000000	SnowdropSeed	Uncommon	0
ODDS	111	3	Pack04	10000000	IceberrySeed	Rare	22.585866665866661
ODDS	111	3	Pack04	10000000	WinterPineSeed	Legendary	16.666666666666664
ODDS	111	3	Pack04	10000000	CrystalLilySeed	Mythic	44.758635468792903
ODDS	111	3	Pack04	10000000	SilentFrostbellSeed	Secret	15.022478698883745
ODDS	111	3	Pack04	10000000	PolarStarbloomSeed	Cosmic	0.95635249979003734
ODDS	111	3	Pack04	10000000	WinterCrownwoodSeed	King	0.0099999999999999985
ODDS	81	3	Pack04	10000000	SnowdropSeed	Uncommon	0
ODDS	81	3	Pack04	10000000	IceberrySeed	Rare	34.220532319391637
ODDS	81	3	Pack04	10000000	WinterPineSeed	Legendary	36.50190114068441
ODDS	81	3	Pack04	10000000	CrystalLilySeed	Mythic	17.110266159695819
ODDS	81	3	Pack04	10000000	SilentFrostbellSeed	Secret	7.6045627376425857
ODDS	81	3	Pack04	10000000	PolarStarbloomSeed	Cosmic	3.4980988593155891
ODDS	81	3	Pack04	10000000	WinterCrownwoodSeed	King	1.064638783269962
ODDS	111	3	Pack05	1	SnowdropSeed	Uncommon	0
ODDS	111	3	Pack05	1	IceberrySeed	Rare	34.393999994000005
ODDS	111	3	Pack05	1	WinterPineSeed	Legendary	40
ODDS	111	3	Pack05	1	CrystalLilySeed	Mythic	25
ODDS	111	3	Pack05	1	SilentFrostbellSeed	Secret	0.59999999999999998
ODDS	111	3	Pack05	1	PolarStarbloomSeed	Cosmic	0.0059999999999999993
ODDS	111	3	Pack05	1	WinterCrownwoodSeed	King	6e-09
ODDS	81	3	Pack05	1	SnowdropSeed	Uncommon	0
ODDS	81	3	Pack05	1	IceberrySeed	Rare	10
ODDS	81	3	Pack05	1	WinterPineSeed	Legendary	40
ODDS	81	3	Pack05	1	CrystalLilySeed	Mythic	30
ODDS	81	3	Pack05	1	SilentFrostbellSeed	Secret	12
ODDS	81	3	Pack05	1	PolarStarbloomSeed	Cosmic	6
ODDS	81	3	Pack05	1	WinterCrownwoodSeed	King	2
ODDS	111	3	Pack05	1.5	SnowdropSeed	Uncommon	0
ODDS	111	3	Pack05	1.5	IceberrySeed	Rare	31.326421479437382
ODDS	111	3	Pack05	1.5	WinterPineSeed	Legendary	41.318761183451656
ODDS	111	3	Pack05	1.5	CrystalLilySeed	Mythic	26.67562540211112
ODDS	111	3	Pack05	1.5	SilentFrostbellSeed	Secret	0.67213545186468815
ODDS	111	3	Pack05	1.5	PolarStarbloomSeed	Cosmic	0.0070564741351480404
ODDS	111	3	Pack05	1.5	WinterCrownwoodSeed	King	8.9999999999999995e-09
ODDS	81	3	Pack05	1.5	SnowdropSeed	Uncommon	0
ODDS	81	3	Pack05	1.5	IceberrySeed	Rare	10
ODDS	81	3	Pack05	1.5	WinterPineSeed	Legendary	40
ODDS	81	3	Pack05	1.5	CrystalLilySeed	Mythic	30
ODDS	81	3	Pack05	1.5	SilentFrostbellSeed	Secret	12
ODDS	81	3	Pack05	1.5	PolarStarbloomSeed	Cosmic	6
ODDS	81	3	Pack05	1.5	WinterCrownwoodSeed	King	2
ODDS	111	3	Pack05	2	SnowdropSeed	Uncommon	0
ODDS	111	3	Pack05	2	IceberrySeed	Rare	29.050665935637632
ODDS	111	3	Pack05	2	WinterPineSeed	Legendary	42.280721622455211
ODDS	111	3	Pack05	2	CrystalLilySeed	Mythic	27.932178451805502
ODDS	111	3	Pack05	2	SilentFrostbellSeed	Secret	0.72851693063702816
ODDS	111	3	Pack05	2	PolarStarbloomSeed	Cosmic	0.0079170474646373633
ODDS	111	3	Pack05	2	WinterCrownwoodSeed	King	1.2e-08
ODDS	81	3	Pack05	2	SnowdropSeed	Uncommon	0
ODDS	81	3	Pack05	2	IceberrySeed	Rare	10
ODDS	81	3	Pack05	2	WinterPineSeed	Legendary	40
ODDS	81	3	Pack05	2	CrystalLilySeed	Mythic	30
ODDS	81	3	Pack05	2	SilentFrostbellSeed	Secret	12
ODDS	81	3	Pack05	2	PolarStarbloomSeed	Cosmic	6
ODDS	81	3	Pack05	2	WinterCrownwoodSeed	King	2
ODDS	111	3	Pack05	5	SnowdropSeed	Uncommon	0
ODDS	111	3	Pack05	5	IceberrySeed	Rare	21.20790654413446
ODDS	111	3	Pack05	5	WinterPineSeed	Legendary	45.496458470241151
ODDS	111	3	Pack05	5	CrystalLilySeed	Mythic	32.342620833349649
ODDS	111	3	Pack05	5	SilentFrostbellSeed	Secret	0.9415921986424507
ODDS	111	3	Pack05	5	PolarStarbloomSeed	Cosmic	0.01142192363229527
ODDS	111	3	Pack05	5	WinterCrownwoodSeed	King	2.9999999999999997e-08
ODDS	81	3	Pack05	5	SnowdropSeed	Uncommon	0
ODDS	81	3	Pack05	5	IceberrySeed	Rare	9.2378752886836022
ODDS	81	3	Pack05	5	WinterPineSeed	Legendary	39.722863741339495
ODDS	81	3	Pack05	5	CrystalLilySeed	Mythic	29.792147806004618
ODDS	81	3	Pack05	5	SilentFrostbellSeed	Secret	12.748267898383371
ODDS	81	3	Pack05	5	PolarStarbloomSeed	Cosmic	6.3741339491916857
ODDS	81	3	Pack05	5	WinterCrownwoodSeed	King	2.1247113163972284
ODDS	111	3	Pack05	10	SnowdropSeed	Uncommon	0
ODDS	111	3	Pack05	10	IceberrySeed	Rare	14.615080537288282
ODDS	111	3	Pack05	10	WinterPineSeed	Legendary	48.090577384696523
ODDS	111	3	Pack05	10	CrystalLilySeed	Mythic	36.135994268648183
ODDS	111	3	Pack05	10	SilentFrostbellSeed	Secret	1.1432764307779484
ODDS	111	3	Pack05	10	PolarStarbloomSeed	Cosmic	0.015071318589057478
ODDS	111	3	Pack05	10	WinterCrownwoodSeed	King	5.9999999999999995e-08
ODDS	81	3	Pack05	10	SnowdropSeed	Uncommon	0
ODDS	81	3	Pack05	10	IceberrySeed	Rare	9.2378752886836022
ODDS	81	3	Pack05	10	WinterPineSeed	Legendary	39.722863741339495
ODDS	81	3	Pack05	10	CrystalLilySeed	Mythic	29.792147806004618
ODDS	81	3	Pack05	10	SilentFrostbellSeed	Secret	12.748267898383371
ODDS	81	3	Pack05	10	PolarStarbloomSeed	Cosmic	6.3741339491916857
ODDS	81	3	Pack05	10	WinterCrownwoodSeed	King	2.1247113163972284
ODDS	111	3	Pack05	50	SnowdropSeed	Uncommon	0
ODDS	111	3	Pack05	50	IceberrySeed	Rare	13.7575999976
ODDS	111	3	Pack05	50	WinterPineSeed	Legendary	39.419542180552455
ODDS	111	3	Pack05	50	CrystalLilySeed	Mythic	45
ODDS	111	3	Pack05	50	SilentFrostbellSeed	Secret	1.7941669468538364
ODDS	111	3	Pack05	50	PolarStarbloomSeed	Cosmic	0.028690574993701111
ODDS	111	3	Pack05	50	WinterCrownwoodSeed	King	2.9999999999999999e-07
ODDS	81	3	Pack05	50	SnowdropSeed	Uncommon	0
ODDS	81	3	Pack05	50	IceberrySeed	Rare	8.5836909871244647
ODDS	81	3	Pack05	50	WinterPineSeed	Legendary	39.484978540772538
ODDS	81	3	Pack05	50	CrystalLilySeed	Mythic	29.613733905579402
ODDS	81	3	Pack05	50	SilentFrostbellSeed	Secret	13.390557939914167
ODDS	81	3	Pack05	50	PolarStarbloomSeed	Cosmic	6.6952789699570836
ODDS	81	3	Pack05	50	WinterCrownwoodSeed	King	2.2317596566523608
ODDS	111	3	Pack05	300	SnowdropSeed	Uncommon	0
ODDS	111	3	Pack05	300	IceberrySeed	Rare	13.7575999976
ODDS	111	3	Pack05	300	WinterPineSeed	Legendary	38.220556851997387
ODDS	111	3	Pack05	300	CrystalLilySeed	Mythic	45
ODDS	111	3	Pack05	300	SilentFrostbellSeed	Secret	2.963092448660956
ODDS	111	3	Pack05	300	PolarStarbloomSeed	Cosmic	0.058748901741658616
ODDS	111	3	Pack05	300	WinterCrownwoodSeed	King	1.7999999999999999e-06
ODDS	81	3	Pack05	300	SnowdropSeed	Uncommon	0
ODDS	81	3	Pack05	300	IceberrySeed	Rare	8.5836909871244647
ODDS	81	3	Pack05	300	WinterPineSeed	Legendary	39.484978540772538
ODDS	81	3	Pack05	300	CrystalLilySeed	Mythic	29.613733905579402
ODDS	81	3	Pack05	300	SilentFrostbellSeed	Secret	13.390557939914167
ODDS	81	3	Pack05	300	PolarStarbloomSeed	Cosmic	6.6952789699570836
ODDS	81	3	Pack05	300	WinterCrownwoodSeed	King	2.2317596566523608
ODDS	111	3	Pack05	2000	SnowdropSeed	Uncommon	0
ODDS	111	3	Pack05	2000	IceberrySeed	Rare	13.757599997600012
ODDS	111	3	Pack05	2000	WinterPineSeed	Legendary	36.076805501554055
ODDS	111	3	Pack05	2000	CrystalLilySeed	Mythic	45
ODDS	111	3	Pack05	2000	SilentFrostbellSeed	Secret	5.0401057545349879
ODDS	111	3	Pack05	2000	PolarStarbloomSeed	Cosmic	0.12547674631095282
ODDS	111	3	Pack05	2000	WinterCrownwoodSeed	King	1.1999999999999999e-05
ODDS	81	3	Pack05	2000	SnowdropSeed	Uncommon	0
ODDS	81	3	Pack05	2000	IceberrySeed	Rare	7.8431372549019605
ODDS	81	3	Pack05	2000	WinterPineSeed	Legendary	39.215686274509807
ODDS	81	3	Pack05	2000	CrystalLilySeed	Mythic	29.411764705882351
ODDS	81	3	Pack05	2000	SilentFrostbellSeed	Secret	14.117647058823529
ODDS	81	3	Pack05	2000	PolarStarbloomSeed	Cosmic	7.0588235294117645
ODDS	81	3	Pack05	2000	WinterCrownwoodSeed	King	2.3529411764705883
ODDS	111	3	Pack05	10000	SnowdropSeed	Uncommon	0
ODDS	111	3	Pack05	10000	IceberrySeed	Rare	13.7575999976
ODDS	111	3	Pack05	10000	WinterPineSeed	Legendary	33.09393526872946
ODDS	111	3	Pack05	10000	CrystalLilySeed	Mythic	45
ODDS	111	3	Pack05	10000	SilentFrostbellSeed	Secret	7.9095404313384439
ODDS	111	3	Pack05	10000	PolarStarbloomSeed	Cosmic	0.23886430233209838
ODDS	111	3	Pack05	10000	WinterCrownwoodSeed	King	5.9999999999999995e-05
ODDS	81	3	Pack05	10000	SnowdropSeed	Uncommon	0
ODDS	81	3	Pack05	10000	IceberrySeed	Rare	7.8431372549019605
ODDS	81	3	Pack05	10000	WinterPineSeed	Legendary	39.215686274509807
ODDS	81	3	Pack05	10000	CrystalLilySeed	Mythic	29.411764705882351
ODDS	81	3	Pack05	10000	SilentFrostbellSeed	Secret	14.117647058823529
ODDS	81	3	Pack05	10000	PolarStarbloomSeed	Cosmic	7.0588235294117645
ODDS	81	3	Pack05	10000	WinterCrownwoodSeed	King	2.3529411764705883
ODDS	111	3	Pack05	100000	SnowdropSeed	Uncommon	0
ODDS	111	3	Pack05	100000	IceberrySeed	Rare	13.7575999976
ODDS	111	3	Pack05	100000	WinterPineSeed	Legendary	25.570481413342527
ODDS	111	3	Pack05	100000	CrystalLilySeed	Mythic	45
ODDS	111	3	Pack05	100000	SilentFrostbellSeed	Secret	15.071318589057487
ODDS	111	3	Pack05	100000	PolarStarbloomSeed	Cosmic	0.60000000000000009
ODDS	111	3	Pack05	100000	WinterCrownwoodSeed	King	0.00060000000000000006
ODDS	81	3	Pack05	100000	SnowdropSeed	Uncommon	0
ODDS	81	3	Pack05	100000	IceberrySeed	Rare	7.0796460176991154
ODDS	81	3	Pack05	100000	WinterPineSeed	Legendary	38.938053097345133
ODDS	81	3	Pack05	100000	CrystalLilySeed	Mythic	29.20353982300885
ODDS	81	3	Pack05	100000	SilentFrostbellSeed	Secret	14.867256637168142
ODDS	81	3	Pack05	100000	PolarStarbloomSeed	Cosmic	7.4336283185840708
ODDS	81	3	Pack05	100000	WinterCrownwoodSeed	King	2.4778761061946901
ODDS	111	3	Pack05	1000000	SnowdropSeed	Uncommon	0
ODDS	111	3	Pack05	1000000	IceberrySeed	Rare	13.757599997599989
ODDS	111	3	Pack05	1000000	WinterPineSeed	Legendary	20
ODDS	111	3	Pack05	1000000	CrystalLilySeed	Mythic	39.729268143494266
ODDS	111	3	Pack05	1000000	SilentFrostbellSeed	Secret	25
ODDS	111	3	Pack05	1000000	PolarStarbloomSeed	Cosmic	1.5071318589057483
ODDS	111	3	Pack05	1000000	WinterCrownwoodSeed	King	0.0060000000000000001
ODDS	81	3	Pack05	1000000	SnowdropSeed	Uncommon	0
ODDS	81	3	Pack05	1000000	IceberrySeed	Rare	7.0796460176991154
ODDS	81	3	Pack05	1000000	WinterPineSeed	Legendary	38.938053097345133
ODDS	81	3	Pack05	1000000	CrystalLilySeed	Mythic	29.20353982300885
ODDS	81	3	Pack05	1000000	SilentFrostbellSeed	Secret	14.867256637168142
ODDS	81	3	Pack05	1000000	PolarStarbloomSeed	Cosmic	7.4336283185840708
ODDS	81	3	Pack05	1000000	WinterCrownwoodSeed	King	2.4778761061946901
ODDS	111	3	Pack05	5000000	SnowdropSeed	Uncommon	0
ODDS	111	3	Pack05	5000000	IceberrySeed	Rare	13.757599997600012
ODDS	111	3	Pack05	5000000	WinterPineSeed	Legendary	20
ODDS	111	3	Pack05	5000000	CrystalLilySeed	Mythic	38.343342503029888
ODDS	111	3	Pack05	5000000	SilentFrostbellSeed	Secret	25
ODDS	111	3	Pack05	5000000	PolarStarbloomSeed	Cosmic	2.8690574993701117
ODDS	111	3	Pack05	5000000	WinterCrownwoodSeed	King	0.029999999999999999
ODDS	81	3	Pack05	5000000	SnowdropSeed	Uncommon	0
ODDS	81	3	Pack05	5000000	IceberrySeed	Rare	6.4516129032258061
ODDS	81	3	Pack05	5000000	WinterPineSeed	Legendary	38.70967741935484
ODDS	81	3	Pack05	5000000	CrystalLilySeed	Mythic	29.032258064516128
ODDS	81	3	Pack05	5000000	SilentFrostbellSeed	Secret	15.483870967741936
ODDS	81	3	Pack05	5000000	PolarStarbloomSeed	Cosmic	7.741935483870968
ODDS	81	3	Pack05	5000000	WinterCrownwoodSeed	King	2.5806451612903225
ODDS	111	3	Pack05	10000000	SnowdropSeed	Uncommon	0
ODDS	111	3	Pack05	10000000	IceberrySeed	Rare	13.757599997600012
ODDS	111	3	Pack05	10000000	WinterPineSeed	Legendary	20
ODDS	111	3	Pack05	10000000	CrystalLilySeed	Mythic	38.343342503029888
ODDS	111	3	Pack05	10000000	SilentFrostbellSeed	Secret	25
ODDS	111	3	Pack05	10000000	PolarStarbloomSeed	Cosmic	2.8690574993701117
ODDS	111	3	Pack05	10000000	WinterCrownwoodSeed	King	0.029999999999999999
ODDS	81	3	Pack05	10000000	SnowdropSeed	Uncommon	0
ODDS	81	3	Pack05	10000000	IceberrySeed	Rare	6.4516129032258061
ODDS	81	3	Pack05	10000000	WinterPineSeed	Legendary	38.70967741935484
ODDS	81	3	Pack05	10000000	CrystalLilySeed	Mythic	29.032258064516128
ODDS	81	3	Pack05	10000000	SilentFrostbellSeed	Secret	15.483870967741936
ODDS	81	3	Pack05	10000000	PolarStarbloomSeed	Cosmic	7.741935483870968
ODDS	81	3	Pack05	10000000	WinterCrownwoodSeed	King	2.5806451612903225
ODDS	111	3	Pack06	1	SnowdropSeed	Uncommon	0
ODDS	111	3	Pack06	1	IceberrySeed	Rare	0
ODDS	111	3	Pack06	1	WinterPineSeed	Legendary	57.979999979999995
ODDS	111	3	Pack06	1	CrystalLilySeed	Mythic	40
ODDS	111	3	Pack06	1	SilentFrostbellSeed	Secret	2
ODDS	111	3	Pack06	1	PolarStarbloomSeed	Cosmic	0.02
ODDS	111	3	Pack06	1	WinterCrownwoodSeed	King	2e-08
ODDS	81	3	Pack06	1	SnowdropSeed	Uncommon	0
ODDS	81	3	Pack06	1	IceberrySeed	Rare	0
ODDS	81	3	Pack06	1	WinterPineSeed	Legendary	20
ODDS	81	3	Pack06	1	CrystalLilySeed	Mythic	45
ODDS	81	3	Pack06	1	SilentFrostbellSeed	Secret	22
ODDS	81	3	Pack06	1	PolarStarbloomSeed	Cosmic	10
ODDS	81	3	Pack06	1	WinterCrownwoodSeed	King	3
ODDS	111	3	Pack06	1.5	SnowdropSeed	Uncommon	0
ODDS	111	3	Pack06	1.5	IceberrySeed	Rare	0
ODDS	111	3	Pack06	1.5	WinterPineSeed	Legendary	55.055026239956085
ODDS	111	3	Pack06	1.5	CrystalLilySeed	Mythic	42.681000643377793
ODDS	111	3	Pack06	1.5	SilentFrostbellSeed	Secret	2.2404515062156269
ODDS	111	3	Pack06	1.5	PolarStarbloomSeed	Cosmic	0.023521580450493473
ODDS	111	3	Pack06	1.5	WinterCrownwoodSeed	King	2.9999999999999997e-08
ODDS	81	3	Pack06	1.5	SnowdropSeed	Uncommon	0
ODDS	81	3	Pack06	1.5	IceberrySeed	Rare	0
ODDS	81	3	Pack06	1.5	WinterPineSeed	Legendary	20
ODDS	81	3	Pack06	1.5	CrystalLilySeed	Mythic	45
ODDS	81	3	Pack06	1.5	SilentFrostbellSeed	Secret	22
ODDS	81	3	Pack06	1.5	PolarStarbloomSeed	Cosmic	10
ODDS	81	3	Pack06	1.5	WinterCrownwoodSeed	King	3
ODDS	111	3	Pack06	2	SnowdropSeed	Uncommon	0
ODDS	111	3	Pack06	2	IceberrySeed	Rare	0
ODDS	111	3	Pack06	2	WinterPineSeed	Legendary	52.853734510105646
ODDS	111	3	Pack06	2	CrystalLilySeed	Mythic	44.691485522888804
ODDS	111	3	Pack06	2	SilentFrostbellSeed	Secret	2.4283897687900939
ODDS	111	3	Pack06	2	PolarStarbloomSeed	Cosmic	0.026390158215457885
ODDS	111	3	Pack06	2	WinterCrownwoodSeed	King	4.0000000000000001e-08
ODDS	81	3	Pack06	2	SnowdropSeed	Uncommon	0
ODDS	81	3	Pack06	2	IceberrySeed	Rare	0
ODDS	81	3	Pack06	2	WinterPineSeed	Legendary	20
ODDS	81	3	Pack06	2	CrystalLilySeed	Mythic	45
ODDS	81	3	Pack06	2	SilentFrostbellSeed	Secret	22
ODDS	81	3	Pack06	2	PolarStarbloomSeed	Cosmic	10
ODDS	81	3	Pack06	2	WinterCrownwoodSeed	King	3
ODDS	111	3	Pack06	5	SnowdropSeed	Uncommon	0
ODDS	111	3	Pack06	5	IceberrySeed	Rare	0
ODDS	111	3	Pack06	5	WinterPineSeed	Legendary	51.823286159084184
ODDS	111	3	Pack06	5	CrystalLilySeed	Mythic	45
ODDS	111	3	Pack06	5	SilentFrostbellSeed	Secret	3.1386406621415022
ODDS	111	3	Pack06	5	PolarStarbloomSeed	Cosmic	0.038073078774317572
ODDS	111	3	Pack06	5	WinterCrownwoodSeed	King	1.0000000000000001e-07
ODDS	81	3	Pack06	5	SnowdropSeed	Uncommon	0
ODDS	81	3	Pack06	5	IceberrySeed	Rare	0
ODDS	81	3	Pack06	5	WinterPineSeed	Legendary	19.523269012485812
ODDS	81	3	Pack06	5	CrystalLilySeed	Mythic	43.927355278093074
ODDS	81	3	Pack06	5	SilentFrostbellSeed	Secret	22.973893303064695
ODDS	81	3	Pack06	5	PolarStarbloomSeed	Cosmic	10.442678774120317
ODDS	81	3	Pack06	5	WinterCrownwoodSeed	King	3.1328036322360955
ODDS	111	3	Pack06	10	SnowdropSeed	Uncommon	0
ODDS	111	3	Pack06	10	IceberrySeed	Rare	0
ODDS	111	3	Pack06	10	WinterPineSeed	Legendary	51.138840635443316
ODDS	111	3	Pack06	10	CrystalLilySeed	Mythic	45
ODDS	111	3	Pack06	10	SilentFrostbellSeed	Secret	3.8109214359264945
ODDS	111	3	Pack06	10	PolarStarbloomSeed	Cosmic	0.050237728630191603
ODDS	111	3	Pack06	10	WinterCrownwoodSeed	King	2.0000000000000002e-07
ODDS	81	3	Pack06	10	SnowdropSeed	Uncommon	0
ODDS	81	3	Pack06	10	IceberrySeed	Rare	0
ODDS	81	3	Pack06	10	WinterPineSeed	Legendary	19.523269012485812
ODDS	81	3	Pack06	10	CrystalLilySeed	Mythic	43.927355278093074
ODDS	81	3	Pack06	10	SilentFrostbellSeed	Secret	22.973893303064695
ODDS	81	3	Pack06	10	PolarStarbloomSeed	Cosmic	10.442678774120317
ODDS	81	3	Pack06	10	WinterCrownwoodSeed	King	3.1328036322360955
ODDS	111	3	Pack06	50	SnowdropSeed	Uncommon	0
ODDS	111	3	Pack06	50	IceberrySeed	Rare	0
ODDS	111	3	Pack06	50	WinterPineSeed	Legendary	48.923807260508212
ODDS	111	3	Pack06	50	CrystalLilySeed	Mythic	45
ODDS	111	3	Pack06	50	SilentFrostbellSeed	Secret	5.9805564895127885
ODDS	111	3	Pack06	50	PolarStarbloomSeed	Cosmic	0.095635249979003717
ODDS	111	3	Pack06	50	WinterCrownwoodSeed	King	9.9999999999999995e-07
ODDS	81	3	Pack06	50	SnowdropSeed	Uncommon	0
ODDS	81	3	Pack06	50	IceberrySeed	Rare	0
ODDS	81	3	Pack06	50	WinterPineSeed	Legendary	19.126819126819125
ODDS	81	3	Pack06	50	CrystalLilySeed	Mythic	43.035343035343026
ODDS	81	3	Pack06	50	SilentFrostbellSeed	Secret	23.783783783783782
ODDS	81	3	Pack06	50	PolarStarbloomSeed	Cosmic	10.810810810810811
ODDS	81	3	Pack06	50	WinterCrownwoodSeed	King	3.2432432432432439
ODDS	111	3	Pack06	300	SnowdropSeed	Uncommon	0
ODDS	111	3	Pack06	300	IceberrySeed	Rare	0
ODDS	111	3	Pack06	300	WinterPineSeed	Legendary	44.927189498657953
ODDS	111	3	Pack06	300	CrystalLilySeed	Mythic	45
ODDS	111	3	Pack06	300	SilentFrostbellSeed	Secret	9.8769748288698533
ODDS	111	3	Pack06	300	PolarStarbloomSeed	Cosmic	0.19582967247219538
ODDS	111	3	Pack06	300	WinterCrownwoodSeed	King	6.000000000000001e-06
ODDS	81	3	Pack06	300	SnowdropSeed	Uncommon	0
ODDS	81	3	Pack06	300	IceberrySeed	Rare	0
ODDS	81	3	Pack06	300	WinterPineSeed	Legendary	19.126819126819125
ODDS	81	3	Pack06	300	CrystalLilySeed	Mythic	43.035343035343026
ODDS	81	3	Pack06	300	SilentFrostbellSeed	Secret	23.783783783783782
ODDS	81	3	Pack06	300	PolarStarbloomSeed	Cosmic	10.810810810810811
ODDS	81	3	Pack06	300	WinterCrownwoodSeed	King	3.2432432432432439
ODDS	111	3	Pack06	2000	SnowdropSeed	Uncommon	0
ODDS	111	3	Pack06	2000	IceberrySeed	Rare	0
ODDS	111	3	Pack06	2000	WinterPineSeed	Legendary	37.781351663846863
ODDS	111	3	Pack06	2000	CrystalLilySeed	Mythic	45
ODDS	111	3	Pack06	2000	SilentFrostbellSeed	Secret	16.800352515116625
ODDS	111	3	Pack06	2000	PolarStarbloomSeed	Cosmic	0.41825582103650938
ODDS	111	3	Pack06	2000	WinterCrownwoodSeed	King	4.0000000000000003e-05
ODDS	81	3	Pack06	2000	SnowdropSeed	Uncommon	0
ODDS	81	3	Pack06	2000	IceberrySeed	Rare	0
ODDS	81	3	Pack06	2000	WinterPineSeed	Legendary	18.691588785046729
ODDS	81	3	Pack06	2000	CrystalLilySeed	Mythic	42.056074766355138
ODDS	81	3	Pack06	2000	SilentFrostbellSeed	Secret	24.672897196261683
ODDS	81	3	Pack06	2000	PolarStarbloomSeed	Cosmic	11.214953271028037
ODDS	81	3	Pack06	2000	WinterCrownwoodSeed	King	3.3644859813084111
ODDS	111	3	Pack06	10000	SnowdropSeed	Uncommon	0
ODDS	111	3	Pack06	10000	IceberrySeed	Rare	0
ODDS	111	3	Pack06	10000	WinterPineSeed	Legendary	29.203585658893005
ODDS	111	3	Pack06	10000	CrystalLilySeed	Mythic	45
ODDS	111	3	Pack06	10000	SilentFrostbellSeed	Secret	25
ODDS	111	3	Pack06	10000	PolarStarbloomSeed	Cosmic	0.79621434110699463
ODDS	111	3	Pack06	10000	WinterCrownwoodSeed	King	0.00019999999999999998
ODDS	81	3	Pack06	10000	SnowdropSeed	Uncommon	0
ODDS	81	3	Pack06	10000	IceberrySeed	Rare	0
ODDS	81	3	Pack06	10000	WinterPineSeed	Legendary	18.691588785046729
ODDS	81	3	Pack06	10000	CrystalLilySeed	Mythic	42.056074766355138
ODDS	81	3	Pack06	10000	SilentFrostbellSeed	Secret	24.672897196261683
ODDS	81	3	Pack06	10000	PolarStarbloomSeed	Cosmic	11.214953271028037
ODDS	81	3	Pack06	10000	WinterCrownwoodSeed	King	3.3644859813084111
ODDS	111	3	Pack06	100000	SnowdropSeed	Uncommon	0
ODDS	111	3	Pack06	100000	IceberrySeed	Rare	0
ODDS	111	3	Pack06	100000	WinterPineSeed	Legendary	27.99799999999999
ODDS	111	3	Pack06	100000	CrystalLilySeed	Mythic	45
ODDS	111	3	Pack06	100000	SilentFrostbellSeed	Secret	25
ODDS	111	3	Pack06	100000	PolarStarbloomSeed	Cosmic	2.0000000000000009
ODDS	111	3	Pack06	100000	WinterCrownwoodSeed	King	0.002
ODDS	81	3	Pack06	100000	SnowdropSeed	Uncommon	0
ODDS	81	3	Pack06	100000	IceberrySeed	Rare	0
ODDS	81	3	Pack06	100000	WinterPineSeed	Legendary	18.257261410788381
ODDS	81	3	Pack06	100000	CrystalLilySeed	Mythic	41.078838174273862
ODDS	81	3	Pack06	100000	SilentFrostbellSeed	Secret	25.560165975103736
ODDS	81	3	Pack06	100000	PolarStarbloomSeed	Cosmic	11.618257261410788
ODDS	81	3	Pack06	100000	WinterCrownwoodSeed	King	3.4854771784232366
ODDS	111	3	Pack06	1000000	SnowdropSeed	Uncommon	0
ODDS	111	3	Pack06	1000000	IceberrySeed	Rare	0
ODDS	111	3	Pack06	1000000	WinterPineSeed	Legendary	24.980000000000004
ODDS	111	3	Pack06	1000000	CrystalLilySeed	Mythic	45
ODDS	111	3	Pack06	1000000	SilentFrostbellSeed	Secret	25
ODDS	111	3	Pack06	1000000	PolarStarbloomSeed	Cosmic	5
ODDS	111	3	Pack06	1000000	WinterCrownwoodSeed	King	0.02
ODDS	81	3	Pack06	1000000	SnowdropSeed	Uncommon	0
ODDS	81	3	Pack06	1000000	IceberrySeed	Rare	0
ODDS	81	3	Pack06	1000000	WinterPineSeed	Legendary	18.257261410788381
ODDS	81	3	Pack06	1000000	CrystalLilySeed	Mythic	41.078838174273862
ODDS	81	3	Pack06	1000000	SilentFrostbellSeed	Secret	25.560165975103736
ODDS	81	3	Pack06	1000000	PolarStarbloomSeed	Cosmic	11.618257261410788
ODDS	81	3	Pack06	1000000	WinterCrownwoodSeed	King	3.4854771784232366
ODDS	111	3	Pack06	5000000	SnowdropSeed	Uncommon	0
ODDS	111	3	Pack06	5000000	IceberrySeed	Rare	0
ODDS	111	3	Pack06	5000000	WinterPineSeed	Legendary	24.899999999999999
ODDS	111	3	Pack06	5000000	CrystalLilySeed	Mythic	45
ODDS	111	3	Pack06	5000000	SilentFrostbellSeed	Secret	25
ODDS	111	3	Pack06	5000000	PolarStarbloomSeed	Cosmic	5
ODDS	111	3	Pack06	5000000	WinterCrownwoodSeed	King	0.10000000000000001
ODDS	81	3	Pack06	5000000	SnowdropSeed	Uncommon	0
ODDS	81	3	Pack06	5000000	IceberrySeed	Rare	0
ODDS	81	3	Pack06	5000000	WinterPineSeed	Legendary	17.910447761194028
ODDS	81	3	Pack06	5000000	CrystalLilySeed	Mythic	40.298507462686565
ODDS	81	3	Pack06	5000000	SilentFrostbellSeed	Secret	26.268656716417912
ODDS	81	3	Pack06	5000000	PolarStarbloomSeed	Cosmic	11.940298507462687
ODDS	81	3	Pack06	5000000	WinterCrownwoodSeed	King	3.5820895522388061
ODDS	111	3	Pack06	10000000	SnowdropSeed	Uncommon	0
ODDS	111	3	Pack06	10000000	IceberrySeed	Rare	0
ODDS	111	3	Pack06	10000000	WinterPineSeed	Legendary	24.899999999999999
ODDS	111	3	Pack06	10000000	CrystalLilySeed	Mythic	45
ODDS	111	3	Pack06	10000000	SilentFrostbellSeed	Secret	25
ODDS	111	3	Pack06	10000000	PolarStarbloomSeed	Cosmic	5
ODDS	111	3	Pack06	10000000	WinterCrownwoodSeed	King	0.10000000000000001
ODDS	81	3	Pack06	10000000	SnowdropSeed	Uncommon	0
ODDS	81	3	Pack06	10000000	IceberrySeed	Rare	0
ODDS	81	3	Pack06	10000000	WinterPineSeed	Legendary	17.910447761194028
ODDS	81	3	Pack06	10000000	CrystalLilySeed	Mythic	40.298507462686565
ODDS	81	3	Pack06	10000000	SilentFrostbellSeed	Secret	26.268656716417912
ODDS	81	3	Pack06	10000000	PolarStarbloomSeed	Cosmic	11.940298507462687
ODDS	81	3	Pack06	10000000	WinterCrownwoodSeed	King	3.5820895522388061
ODDS	111	4	Pack01	1	FirePepperSeed	Rare	32.218855555522225
ODDS	111	4	Pack01	1	EmberBloomSeed	Rare	32.218855555522225
ODDS	111	4	Pack01	1	AshRoseSeed	Rare	32.218855555522225
ODDS	111	4	Pack01	1	LavaLotusSeed	Legendary	3.3333333333333335
ODDS	111	4	Pack01	1	ObsidianMawSeed	Secret	0.01
ODDS	111	4	Pack01	1	SupernovaBloomSeed	Cosmic	9.9999999999999991e-05
ODDS	111	4	Pack01	1	EmberEmperorSeed	King	1e-10
ODDS	81	4	Pack01	1	FirePepperSeed	Rare	31.333333333333329
ODDS	81	4	Pack01	1	EmberBloomSeed	Rare	31.333333333333329
ODDS	81	4	Pack01	1	AshRoseSeed	Rare	31.333333333333329
ODDS	81	4	Pack01	1	LavaLotusSeed	Legendary	4
ODDS	81	4	Pack01	1	ObsidianMawSeed	Secret	1.8
ODDS	81	4	Pack01	1	SupernovaBloomSeed	Cosmic	0.14999999999999999
ODDS	81	4	Pack01	1	EmberEmperorSeed	King	0.050000000000000003
ODDS	111	4	Pack01	1.5	FirePepperSeed	Rare	32.181816678598565
ODDS	111	4	Pack01	1.5	EmberBloomSeed	Rare	32.181816678598565
ODDS	111	4	Pack01	1.5	AshRoseSeed	Rare	32.181816678598565
ODDS	111	4	Pack01	1.5	LavaLotusSeed	Legendary	3.4432300986209716
ODDS	111	4	Pack01	1.5	ObsidianMawSeed	Secret	0.011202257531078135
ODDS	111	4	Pack01	1.5	SupernovaBloomSeed	Cosmic	0.00011760790225246736
ODDS	111	4	Pack01	1.5	EmberEmperorSeed	King	1.5e-10
ODDS	81	4	Pack01	1.5	FirePepperSeed	Rare	31.333333333333329
ODDS	81	4	Pack01	1.5	EmberBloomSeed	Rare	31.333333333333329
ODDS	81	4	Pack01	1.5	AshRoseSeed	Rare	31.333333333333329
ODDS	81	4	Pack01	1.5	LavaLotusSeed	Legendary	4
ODDS	81	4	Pack01	1.5	ObsidianMawSeed	Secret	1.8
ODDS	81	4	Pack01	1.5	SupernovaBloomSeed	Cosmic	0.14999999999999999
ODDS	81	4	Pack01	1.5	EmberEmperorSeed	King	0.050000000000000003
ODDS	111	4	Pack01	2	FirePepperSeed	Rare	32.154777543875682
ODDS	111	4	Pack01	2	EmberBloomSeed	Rare	32.154777543875682
ODDS	111	4	Pack01	2	AshRoseSeed	Rare	32.154777543875682
ODDS	111	4	Pack01	2	LavaLotusSeed	Legendary	3.5233934685379347
ODDS	111	4	Pack01	2	ObsidianMawSeed	Secret	0.01214194884395047
ODDS	111	4	Pack01	2	SupernovaBloomSeed	Cosmic	0.00013195079107728943
ODDS	111	4	Pack01	2	EmberEmperorSeed	King	2.0000000000000001e-10
ODDS	81	4	Pack01	2	FirePepperSeed	Rare	31.333333333333329
ODDS	81	4	Pack01	2	EmberBloomSeed	Rare	31.333333333333329
ODDS	81	4	Pack01	2	AshRoseSeed	Rare	31.333333333333329
ODDS	81	4	Pack01	2	LavaLotusSeed	Legendary	4
ODDS	81	4	Pack01	2	ObsidianMawSeed	Secret	1.8
ODDS	81	4	Pack01	2	SupernovaBloomSeed	Cosmic	0.14999999999999999
ODDS	81	4	Pack01	2	EmberEmperorSeed	King	0.050000000000000003
ODDS	111	4	Pack01	5	FirePepperSeed	Rare	32.064248297202887
ODDS	111	4	Pack01	5	EmberBloomSeed	Rare	32.064248297202887
ODDS	111	4	Pack01	5	AshRoseSeed	Rare	32.064248297202887
ODDS	111	4	Pack01	5	LavaLotusSeed	Legendary	3.7913715391867622
ODDS	111	4	Pack01	5	ObsidianMawSeed	Secret	0.015693203310707511
ODDS	111	4	Pack01	5	SupernovaBloomSeed	Cosmic	0.00019036539387158784
ODDS	111	4	Pack01	5	EmberEmperorSeed	King	4.9999999999999993e-10
ODDS	81	4	Pack01	5	FirePepperSeed	Rare	31.146454605699137
ODDS	81	4	Pack01	5	EmberBloomSeed	Rare	31.146454605699137
ODDS	81	4	Pack01	5	AshRoseSeed	Rare	31.146454605699137
ODDS	81	4	Pack01	5	LavaLotusSeed	Legendary	4.2743538767395632
ODDS	81	4	Pack01	5	ObsidianMawSeed	Secret	2.0576540755467194
ODDS	81	4	Pack01	5	SupernovaBloomSeed	Cosmic	0.17147117296222664
ODDS	81	4	Pack01	5	EmberEmperorSeed	King	0.057157057654075548
ODDS	111	4	Pack01	10	FirePepperSeed	Rare	31.991048695928615
ODDS	111	4	Pack01	10	EmberBloomSeed	Rare	31.991048695928615
ODDS	111	4	Pack01	10	AshRoseSeed	Rare	31.991048695928615
ODDS	111	4	Pack01	10	LavaLotusSeed	Legendary	4.0075481153913763
ODDS	111	4	Pack01	10	ObsidianMawSeed	Secret	0.019054607179632473
ODDS	111	4	Pack01	10	SupernovaBloomSeed	Cosmic	0.00025118864315095801
ODDS	111	4	Pack01	10	EmberEmperorSeed	King	9.9999999999999986e-10
ODDS	81	4	Pack01	10	FirePepperSeed	Rare	31.146454605699137
ODDS	81	4	Pack01	10	EmberBloomSeed	Rare	31.146454605699137
ODDS	81	4	Pack01	10	AshRoseSeed	Rare	31.146454605699137
ODDS	81	4	Pack01	10	LavaLotusSeed	Legendary	4.2743538767395632
ODDS	81	4	Pack01	10	ObsidianMawSeed	Secret	2.0576540755467194
ODDS	81	4	Pack01	10	SupernovaBloomSeed	Cosmic	0.17147117296222664
ODDS	81	4	Pack01	10	EmberEmperorSeed	King	0.057157057654075548
ODDS	111	4	Pack01	50	FirePepperSeed	Rare	31.80379595877254
ODDS	111	4	Pack01	50	EmberBloomSeed	Rare	31.80379595877254
ODDS	111	4	Pack01	50	AshRoseSeed	Rare	31.80379595877254
ODDS	111	4	Pack01	50	LavaLotusSeed	Legendary	4.5582311599849241
ODDS	111	4	Pack01	50	ObsidianMawSeed	Secret	0.029902782447563944
ODDS	111	4	Pack01	50	SupernovaBloomSeed	Cosmic	0.00047817624989501855
ODDS	111	4	Pack01	50	EmberEmperorSeed	King	5.0000000000000001e-09
ODDS	81	4	Pack01	50	FirePepperSeed	Rare	30.961791831357051
ODDS	81	4	Pack01	50	EmberBloomSeed	Rare	30.961791831357051
ODDS	81	4	Pack01	50	AshRoseSeed	Rare	30.961791831357051
ODDS	81	4	Pack01	50	LavaLotusSeed	Legendary	4.545454545454545
ODDS	81	4	Pack01	50	ObsidianMawSeed	Secret	2.3122529644268779
ODDS	81	4	Pack01	50	SupernovaBloomSeed	Cosmic	0.19268774703557315
ODDS	81	4	Pack01	50	EmberEmperorSeed	King	0.064229249011857711
ODDS	111	4	Pack01	300	FirePepperSeed	Rare	31.562958825761129
ODDS	111	4	Pack01	300	EmberBloomSeed	Rare	31.562958825761129
ODDS	111	4	Pack01	300	AshRoseSeed	Rare	31.562958825761129
ODDS	111	4	Pack01	300	LavaLotusSeed	Legendary	5.260759470209905
ODDS	111	4	Pack01	300	ObsidianMawSeed	Secret	0.049384874144349271
ODDS	111	4	Pack01	300	SupernovaBloomSeed	Cosmic	0.00097914836236097694
ODDS	111	4	Pack01	300	EmberEmperorSeed	King	2.9999999999999997e-08
ODDS	81	4	Pack01	300	FirePepperSeed	Rare	30.961791831357051
ODDS	81	4	Pack01	300	EmberBloomSeed	Rare	30.961791831357051
ODDS	81	4	Pack01	300	AshRoseSeed	Rare	30.961791831357051
ODDS	81	4	Pack01	300	LavaLotusSeed	Legendary	4.545454545454545
ODDS	81	4	Pack01	300	ObsidianMawSeed	Secret	2.3122529644268779
ODDS	81	4	Pack01	300	SupernovaBloomSeed	Cosmic	0.19268774703557315
ODDS	81	4	Pack01	300	EmberEmperorSeed	King	0.064229249011857711
ODDS	111	4	Pack01	2000	FirePepperSeed	Rare	31.263650222894622
ODDS	111	4	Pack01	2000	EmberBloomSeed	Rare	31.263650222894622
ODDS	111	4	Pack01	2000	AshRoseSeed	Rare	31.263650222894622
ODDS	111	4	Pack01	2000	LavaLotusSeed	Legendary	6.122956089635359
ODDS	111	4	Pack01	2000	ObsidianMawSeed	Secret	0.08400176257558313
ODDS	111	4	Pack01	2000	SupernovaBloomSeed	Cosmic	0.0020912791051825468
ODDS	111	4	Pack01	2000	EmberEmperorSeed	King	2.0000000000000002e-07
ODDS	81	4	Pack01	2000	FirePepperSeed	Rare	30.718954248366011
ODDS	81	4	Pack01	2000	EmberBloomSeed	Rare	30.718954248366011
ODDS	81	4	Pack01	2000	AshRoseSeed	Rare	30.718954248366011
ODDS	81	4	Pack01	2000	LavaLotusSeed	Legendary	4.9019607843137258
ODDS	81	4	Pack01	2000	ObsidianMawSeed	Secret	2.6470588235294117
ODDS	81	4	Pack01	2000	SupernovaBloomSeed	Cosmic	0.22058823529411761
ODDS	81	4	Pack01	2000	EmberEmperorSeed	King	0.073529411764705885
ODDS	111	4	Pack01	10000	FirePepperSeed	Rare	30.966623939419563
ODDS	111	4	Pack01	10000	EmberBloomSeed	Rare	30.966623939419563
ODDS	111	4	Pack01	10000	AshRoseSeed	Rare	30.966623939419563
ODDS	111	4	Pack01	10000	LavaLotusSeed	Legendary	6.9643204361801327
ODDS	111	4	Pack01	10000	ObsidianMawSeed	Secret	0.13182567385564076
ODDS	111	4	Pack01	10000	SupernovaBloomSeed	Cosmic	0.0039810717055349734
ODDS	111	4	Pack01	10000	EmberEmperorSeed	King	9.9999999999999995e-07
ODDS	81	4	Pack01	10000	FirePepperSeed	Rare	30.718954248366011
ODDS	81	4	Pack01	10000	EmberBloomSeed	Rare	30.718954248366011
ODDS	81	4	Pack01	10000	AshRoseSeed	Rare	30.718954248366011
ODDS	81	4	Pack01	10000	LavaLotusSeed	Legendary	4.9019607843137258
ODDS	81	4	Pack01	10000	ObsidianMawSeed	Secret	2.6470588235294117
ODDS	81	4	Pack01	10000	SupernovaBloomSeed	Cosmic	0.22058823529411761
ODDS	81	4	Pack01	10000	EmberEmperorSeed	King	0.073529411764705885
ODDS	111	4	Pack01	100000	FirePepperSeed	Rare	30.455282195050149
ODDS	111	4	Pack01	100000	EmberBloomSeed	Rare	30.455282195050149
ODDS	111	4	Pack01	100000	AshRoseSeed	Rare	30.455282195050149
ODDS	111	4	Pack01	100000	LavaLotusSeed	Legendary	8.3729547716986001
ODDS	111	4	Pack01	100000	ObsidianMawSeed	Secret	0.25118864315095812
ODDS	111	4	Pack01	100000	SupernovaBloomSeed	Cosmic	0.010000000000000002
ODDS	111	4	Pack01	100000	EmberEmperorSeed	King	9.9999999999999991e-06
ODDS	81	4	Pack01	100000	FirePepperSeed	Rare	30.420711974110024
ODDS	81	4	Pack01	100000	EmberBloomSeed	Rare	30.420711974110024
ODDS	81	4	Pack01	100000	AshRoseSeed	Rare	30.420711974110024
ODDS	81	4	Pack01	100000	LavaLotusSeed	Legendary	5.3398058252427179
ODDS	81	4	Pack01	100000	ObsidianMawSeed	Secret	3.0582524271844655
ODDS	81	4	Pack01	100000	SupernovaBloomSeed	Cosmic	0.25485436893203878
ODDS	81	4	Pack01	100000	EmberEmperorSeed	King	0.084951456310679602
ODDS	111	4	Pack01	1000000	FirePepperSeed	Rare	29.809881769562956
ODDS	111	4	Pack01	1000000	EmberBloomSeed	Rare	29.809881769562956
ODDS	111	4	Pack01	1000000	AshRoseSeed	Rare	29.809881769562956
ODDS	111	4	Pack01	1000000	LavaLotusSeed	Legendary	10.066505734673386
ODDS	111	4	Pack01	1000000	ObsidianMawSeed	Secret	0.47863009232263853
ODDS	111	4	Pack01	1000000	SupernovaBloomSeed	Cosmic	0.025118864315095805
ODDS	111	4	Pack01	1000000	EmberEmperorSeed	King	9.9999999999999991e-05
ODDS	81	4	Pack01	1000000	FirePepperSeed	Rare	30.420711974110024
ODDS	81	4	Pack01	1000000	EmberBloomSeed	Rare	30.420711974110024
ODDS	81	4	Pack01	1000000	AshRoseSeed	Rare	30.420711974110024
ODDS	81	4	Pack01	1000000	LavaLotusSeed	Legendary	5.3398058252427179
ODDS	81	4	Pack01	1000000	ObsidianMawSeed	Secret	3.0582524271844655
ODDS	81	4	Pack01	1000000	SupernovaBloomSeed	Cosmic	0.25485436893203878
ODDS	81	4	Pack01	1000000	EmberEmperorSeed	King	0.084951456310679602
ODDS	111	4	Pack01	5000000	FirePepperSeed	Rare	29.25026647920534
ODDS	111	4	Pack01	5000000	EmberBloomSeed	Rare	29.25026647920534
ODDS	111	4	Pack01	5000000	AshRoseSeed	Rare	29.25026647920534
ODDS	111	4	Pack01	5000000	LavaLotusSeed	Legendary	11.449759002450303
ODDS	111	4	Pack01	5000000	ObsidianMawSeed	Secret	0.75112393494418728
ODDS	111	4	Pack01	5000000	SupernovaBloomSeed	Cosmic	0.047817624989501865
ODDS	111	4	Pack01	5000000	EmberEmperorSeed	King	0.00050000000000000001
ODDS	81	4	Pack01	5000000	FirePepperSeed	Rare	30.128205128205128
ODDS	81	4	Pack01	5000000	EmberBloomSeed	Rare	30.128205128205128
ODDS	81	4	Pack01	5000000	AshRoseSeed	Rare	30.128205128205128
ODDS	81	4	Pack01	5000000	LavaLotusSeed	Legendary	5.7692307692307701
ODDS	81	4	Pack01	5000000	ObsidianMawSeed	Secret	3.4615384615384621
ODDS	81	4	Pack01	5000000	SupernovaBloomSeed	Cosmic	0.28846153846153849
ODDS	81	4	Pack01	5000000	EmberEmperorSeed	King	0.096153846153846173
ODDS	111	4	Pack01	10000000	FirePepperSeed	Rare	29.25026647920534
ODDS	111	4	Pack01	10000000	EmberBloomSeed	Rare	29.25026647920534
ODDS	111	4	Pack01	10000000	AshRoseSeed	Rare	29.25026647920534
ODDS	111	4	Pack01	10000000	LavaLotusSeed	Legendary	11.449759002450303
ODDS	111	4	Pack01	10000000	ObsidianMawSeed	Secret	0.75112393494418728
ODDS	111	4	Pack01	10000000	SupernovaBloomSeed	Cosmic	0.047817624989501865
ODDS	111	4	Pack01	10000000	EmberEmperorSeed	King	0.00050000000000000001
ODDS	81	4	Pack01	10000000	FirePepperSeed	Rare	30.128205128205128
ODDS	81	4	Pack01	10000000	EmberBloomSeed	Rare	30.128205128205128
ODDS	81	4	Pack01	10000000	AshRoseSeed	Rare	30.128205128205128
ODDS	81	4	Pack01	10000000	LavaLotusSeed	Legendary	5.7692307692307701
ODDS	81	4	Pack01	10000000	ObsidianMawSeed	Secret	3.4615384615384621
ODDS	81	4	Pack01	10000000	SupernovaBloomSeed	Cosmic	0.28846153846153849
ODDS	81	4	Pack01	10000000	EmberEmperorSeed	King	0.096153846153846173
ODDS	111	4	Pack02	1	FirePepperSeed	Rare	31.102694444361113
ODDS	111	4	Pack02	1	EmberBloomSeed	Rare	31.102694444361113
ODDS	111	4	Pack02	1	AshRoseSeed	Rare	31.102694444361113
ODDS	111	4	Pack02	1	LavaLotusSeed	Legendary	6.666666666666667
ODDS	111	4	Pack02	1	ObsidianMawSeed	Secret	0.025000000000000001
ODDS	111	4	Pack02	1	SupernovaBloomSeed	Cosmic	0.00025000000000000001
ODDS	111	4	Pack02	1	EmberEmperorSeed	King	2.4999999999999996e-10
ODDS	81	4	Pack02	1	FirePepperSeed	Rare	29.333333333333329
ODDS	81	4	Pack02	1	EmberBloomSeed	Rare	29.333333333333329
ODDS	81	4	Pack02	1	AshRoseSeed	Rare	29.333333333333329
ODDS	81	4	Pack02	1	LavaLotusSeed	Legendary	8
ODDS	81	4	Pack02	1	ObsidianMawSeed	Secret	3.5
ODDS	81	4	Pack02	1	SupernovaBloomSeed	Cosmic	0.40000000000000002
ODDS	81	4	Pack02	1	EmberEmperorSeed	King	0.10000000000000001
ODDS	111	4	Pack02	1.5	FirePepperSeed	Rare	31.028413379599911
ODDS	111	4	Pack02	1.5	EmberBloomSeed	Rare	31.028413379599911
ODDS	111	4	Pack02	1.5	AshRoseSeed	Rare	31.028413379599911
ODDS	111	4	Pack02	1.5	LavaLotusSeed	Legendary	6.8864601972419432
ODDS	111	4	Pack02	1.5	ObsidianMawSeed	Secret	0.028005643827695336
ODDS	111	4	Pack02	1.5	SupernovaBloomSeed	Cosmic	0.00029401975563116844
ODDS	111	4	Pack02	1.5	EmberEmperorSeed	King	3.75e-10
ODDS	81	4	Pack02	1.5	FirePepperSeed	Rare	29.333333333333329
ODDS	81	4	Pack02	1.5	EmberBloomSeed	Rare	29.333333333333329
ODDS	81	4	Pack02	1.5	AshRoseSeed	Rare	29.333333333333329
ODDS	81	4	Pack02	1.5	LavaLotusSeed	Legendary	8
ODDS	81	4	Pack02	1.5	ObsidianMawSeed	Secret	3.5
ODDS	81	4	Pack02	1.5	SupernovaBloomSeed	Cosmic	0.40000000000000002
ODDS	81	4	Pack02	1.5	EmberEmperorSeed	King	0.10000000000000001
ODDS	111	4	Pack02	2	FirePepperSeed	Rare	30.974176104445522
ODDS	111	4	Pack02	2	EmberBloomSeed	Rare	30.974176104445522
ODDS	111	4	Pack02	2	AshRoseSeed	Rare	30.974176104445522
ODDS	111	4	Pack02	2	LavaLotusSeed	Legendary	7.0467869370758693
ODDS	111	4	Pack02	2	ObsidianMawSeed	Secret	0.030354872109876176
ODDS	111	4	Pack02	2	SupernovaBloomSeed	Cosmic	0.00032987697769322358
ODDS	111	4	Pack02	2	EmberEmperorSeed	King	4.9999999999999993e-10
ODDS	81	4	Pack02	2	FirePepperSeed	Rare	29.333333333333329
ODDS	81	4	Pack02	2	EmberBloomSeed	Rare	29.333333333333329
ODDS	81	4	Pack02	2	AshRoseSeed	Rare	29.333333333333329
ODDS	81	4	Pack02	2	LavaLotusSeed	Legendary	8
ODDS	81	4	Pack02	2	ObsidianMawSeed	Secret	3.5
ODDS	81	4	Pack02	2	SupernovaBloomSeed	Cosmic	0.40000000000000002
ODDS	81	4	Pack02	2	EmberEmperorSeed	King	0.10000000000000001
ODDS	111	4	Pack02	5	FirePepperSeed	Rare	30.792515999538345
ODDS	111	4	Pack02	5	EmberBloomSeed	Rare	30.792515999538345
ODDS	111	4	Pack02	5	AshRoseSeed	Rare	30.792515999538345
ODDS	111	4	Pack02	5	LavaLotusSeed	Legendary	7.5827430783735243
ODDS	111	4	Pack02	5	ObsidianMawSeed	Secret	0.039233008276768774
ODDS	111	4	Pack02	5	SupernovaBloomSeed	Cosmic	0.00047591348467896966
ODDS	111	4	Pack02	5	EmberEmperorSeed	King	1.2499999999999998e-09
ODDS	81	4	Pack02	5	FirePepperSeed	Rare	28.985507246376812
ODDS	81	4	Pack02	5	EmberBloomSeed	Rare	28.985507246376812
ODDS	81	4	Pack02	5	AshRoseSeed	Rare	28.985507246376812
ODDS	81	4	Pack02	5	LavaLotusSeed	Legendary	8.4980237154150213
ODDS	81	4	Pack02	5	ObsidianMawSeed	Secret	3.9772727272727271
ODDS	81	4	Pack02	5	SupernovaBloomSeed	Cosmic	0.45454545454545459
ODDS	81	4	Pack02	5	EmberEmperorSeed	King	0.11363636363636365
ODDS	111	4	Pack02	10	FirePepperSeed	Rare	30.645546425720099
ODDS	111	4	Pack02	10	EmberBloomSeed	Rare	30.645546425720099
ODDS	111	4	Pack02	10	AshRoseSeed	Rare	30.645546425720099
ODDS	111	4	Pack02	10	LavaLotusSeed	Legendary	8.0150962307827527
ODDS	111	4	Pack02	10	ObsidianMawSeed	Secret	0.047636517949081185
ODDS	111	4	Pack02	10	SupernovaBloomSeed	Cosmic	0.00062797160787739508
ODDS	111	4	Pack02	10	EmberEmperorSeed	King	2.4999999999999996e-09
ODDS	81	4	Pack02	10	FirePepperSeed	Rare	28.985507246376812
ODDS	81	4	Pack02	10	EmberBloomSeed	Rare	28.985507246376812
ODDS	81	4	Pack02	10	AshRoseSeed	Rare	28.985507246376812
ODDS	81	4	Pack02	10	LavaLotusSeed	Legendary	8.4980237154150213
ODDS	81	4	Pack02	10	ObsidianMawSeed	Secret	3.9772727272727271
ODDS	81	4	Pack02	10	SupernovaBloomSeed	Cosmic	0.45454545454545459
ODDS	81	4	Pack02	10	EmberEmperorSeed	King	0.11363636363636365
ODDS	111	4	Pack02	50	FirePepperSeed	Rare	30.269195090262169
ODDS	111	4	Pack02	50	EmberBloomSeed	Rare	30.269195090262169
ODDS	111	4	Pack02	50	AshRoseSeed	Rare	30.269195090262169
ODDS	111	4	Pack02	50	LavaLotusSeed	Legendary	9.1164623199698482
ODDS	111	4	Pack02	50	ObsidianMawSeed	Secret	0.074756956118909854
ODDS	111	4	Pack02	50	SupernovaBloomSeed	Cosmic	0.0011954406247375465
ODDS	111	4	Pack02	50	EmberEmperorSeed	King	1.2499999999999998e-08
ODDS	81	4	Pack02	50	FirePepperSeed	Rare	28.645833333333332
ODDS	81	4	Pack02	50	EmberBloomSeed	Rare	28.645833333333332
ODDS	81	4	Pack02	50	AshRoseSeed	Rare	28.645833333333332
ODDS	81	4	Pack02	50	LavaLotusSeed	Legendary	8.984375
ODDS	81	4	Pack02	50	ObsidianMawSeed	Secret	4.443359375
ODDS	81	4	Pack02	50	SupernovaBloomSeed	Cosmic	0.5078125
ODDS	81	4	Pack02	50	EmberEmperorSeed	King	0.126953125
ODDS	111	4	Pack02	300	FirePepperSeed	Rare	29.784190309437804
ODDS	111	4	Pack02	300	EmberBloomSeed	Rare	29.784190309437804
ODDS	111	4	Pack02	300	AshRoseSeed	Rare	29.784190309437804
ODDS	111	4	Pack02	300	LavaLotusSeed	Legendary	10.52151894041981
ODDS	111	4	Pack02	300	ObsidianMawSeed	Secret	0.12346218536087317
ODDS	111	4	Pack02	300	SupernovaBloomSeed	Cosmic	0.0024478709059024425
ODDS	111	4	Pack02	300	EmberEmperorSeed	King	7.4999999999999997e-08
ODDS	81	4	Pack02	300	FirePepperSeed	Rare	28.645833333333332
ODDS	81	4	Pack02	300	EmberBloomSeed	Rare	28.645833333333332
ODDS	81	4	Pack02	300	AshRoseSeed	Rare	28.645833333333332
ODDS	81	4	Pack02	300	LavaLotusSeed	Legendary	8.984375
ODDS	81	4	Pack02	300	ObsidianMawSeed	Secret	4.443359375
ODDS	81	4	Pack02	300	SupernovaBloomSeed	Cosmic	0.5078125
ODDS	81	4	Pack02	300	EmberEmperorSeed	King	0.126953125
ODDS	111	4	Pack02	2000	FirePepperSeed	Rare	29.179618238842458
ODDS	111	4	Pack02	2000	EmberBloomSeed	Rare	29.179618238842458
ODDS	111	4	Pack02	2000	AshRoseSeed	Rare	29.179618238842458
ODDS	111	4	Pack02	2000	LavaLotusSeed	Legendary	12.245912179270718
ODDS	111	4	Pack02	2000	ObsidianMawSeed	Secret	0.21000440643895779
ODDS	111	4	Pack02	2000	SupernovaBloomSeed	Cosmic	0.0052281977629563678
ODDS	111	4	Pack02	2000	EmberEmperorSeed	King	4.9999999999999998e-07
ODDS	81	4	Pack02	2000	FirePepperSeed	Rare	28.205128205128201
ODDS	81	4	Pack02	2000	EmberBloomSeed	Rare	28.205128205128201
ODDS	81	4	Pack02	2000	AshRoseSeed	Rare	28.205128205128201
ODDS	81	4	Pack02	2000	LavaLotusSeed	Legendary	9.615384615384615
ODDS	81	4	Pack02	2000	ObsidianMawSeed	Secret	5.0480769230769234
ODDS	81	4	Pack02	2000	SupernovaBloomSeed	Cosmic	0.57692307692307698
ODDS	81	4	Pack02	2000	EmberEmperorSeed	King	0.14423076923076925
ODDS	111	4	Pack02	10000	FirePepperSeed	Rare	28.577279921245598
ODDS	111	4	Pack02	10000	EmberBloomSeed	Rare	28.577279921245598
ODDS	111	4	Pack02	10000	AshRoseSeed	Rare	28.577279921245598
ODDS	111	4	Pack02	10000	LavaLotusSeed	Legendary	13.928640872360265
ODDS	111	4	Pack02	10000	ObsidianMawSeed	Secret	0.32956418463910186
ODDS	111	4	Pack02	10000	SupernovaBloomSeed	Cosmic	0.0099526792638374335
ODDS	111	4	Pack02	10000	EmberEmperorSeed	King	2.4999999999999998e-06
ODDS	81	4	Pack02	10000	FirePepperSeed	Rare	28.205128205128201
ODDS	81	4	Pack02	10000	EmberBloomSeed	Rare	28.205128205128201
ODDS	81	4	Pack02	10000	AshRoseSeed	Rare	28.205128205128201
ODDS	81	4	Pack02	10000	LavaLotusSeed	Legendary	9.615384615384615
ODDS	81	4	Pack02	10000	ObsidianMawSeed	Secret	5.0480769230769234
ODDS	81	4	Pack02	10000	SupernovaBloomSeed	Cosmic	0.57692307692307698
ODDS	81	4	Pack02	10000	EmberEmperorSeed	King	0.14423076923076925
ODDS	111	4	Pack02	100000	FirePepperSeed	Rare	27.533697949575135
ODDS	111	4	Pack02	100000	EmberBloomSeed	Rare	27.533697949575135
ODDS	111	4	Pack02	100000	AshRoseSeed	Rare	27.533697949575135
ODDS	111	4	Pack02	100000	LavaLotusSeed	Legendary	16.7459095433972
ODDS	111	4	Pack02	100000	ObsidianMawSeed	Secret	0.62797160787739525
ODDS	111	4	Pack02	100000	SupernovaBloomSeed	Cosmic	0.025000000000000012
ODDS	111	4	Pack02	100000	EmberEmperorSeed	King	2.4999999999999998e-05
ODDS	81	4	Pack02	100000	FirePepperSeed	Rare	27.672955974842765
ODDS	81	4	Pack02	100000	EmberBloomSeed	Rare	27.672955974842765
ODDS	81	4	Pack02	100000	AshRoseSeed	Rare	27.672955974842765
ODDS	81	4	Pack02	100000	LavaLotusSeed	Legendary	10.377358490566039
ODDS	81	4	Pack02	100000	ObsidianMawSeed	Secret	5.7783018867924527
ODDS	81	4	Pack02	100000	SupernovaBloomSeed	Cosmic	0.660377358490566
ODDS	81	4	Pack02	100000	EmberEmperorSeed	King	0.1650943396226415
ODDS	111	4	Pack02	1000000	FirePepperSeed	Rare	26.202455379686302
ODDS	111	4	Pack02	1000000	EmberBloomSeed	Rare	26.202455379686302
ODDS	111	4	Pack02	1000000	AshRoseSeed	Rare	26.202455379686302
ODDS	111	4	Pack02	1000000	LavaLotusSeed	Legendary	20.133011469346773
ODDS	111	4	Pack02	1000000	ObsidianMawSeed	Secret	1.1965752308065962
ODDS	111	4	Pack02	1000000	SupernovaBloomSeed	Cosmic	0.062797160787739531
ODDS	111	4	Pack02	1000000	EmberEmperorSeed	King	0.00025000000000000001
ODDS	81	4	Pack02	1000000	FirePepperSeed	Rare	27.672955974842765
ODDS	81	4	Pack02	1000000	EmberBloomSeed	Rare	27.672955974842765
ODDS	81	4	Pack02	1000000	AshRoseSeed	Rare	27.672955974842765
ODDS	81	4	Pack02	1000000	LavaLotusSeed	Legendary	10.377358490566039
ODDS	81	4	Pack02	1000000	ObsidianMawSeed	Secret	5.7783018867924527
ODDS	81	4	Pack02	1000000	SupernovaBloomSeed	Cosmic	0.660377358490566
ODDS	81	4	Pack02	1000000	EmberEmperorSeed	King	0.1650943396226415
ODDS	111	4	Pack02	5000000	FirePepperSeed	Rare	25.033959365088386
ODDS	111	4	Pack02	5000000	EmberBloomSeed	Rare	25.033959365088386
ODDS	111	4	Pack02	5000000	AshRoseSeed	Rare	25.033959365088386
ODDS	111	4	Pack02	5000000	LavaLotusSeed	Legendary	22.899518004900607
ODDS	111	4	Pack02	5000000	ObsidianMawSeed	Secret	1.8778098373604681
ODDS	111	4	Pack02	5000000	SupernovaBloomSeed	Cosmic	0.11954406247375467
ODDS	111	4	Pack02	5000000	EmberEmperorSeed	King	0.0012499999999999998
ODDS	81	4	Pack02	5000000	FirePepperSeed	Rare	27.16049382716049
ODDS	81	4	Pack02	5000000	EmberBloomSeed	Rare	27.16049382716049
ODDS	81	4	Pack02	5000000	AshRoseSeed	Rare	27.16049382716049
ODDS	81	4	Pack02	5000000	LavaLotusSeed	Legendary	11.111111111111111
ODDS	81	4	Pack02	5000000	ObsidianMawSeed	Secret	6.4814814814814818
ODDS	81	4	Pack02	5000000	SupernovaBloomSeed	Cosmic	0.7407407407407407
ODDS	81	4	Pack02	5000000	EmberEmperorSeed	King	0.18518518518518517
ODDS	111	4	Pack02	10000000	FirePepperSeed	Rare	25.033959365088386
ODDS	111	4	Pack02	10000000	EmberBloomSeed	Rare	25.033959365088386
ODDS	111	4	Pack02	10000000	AshRoseSeed	Rare	25.033959365088386
ODDS	111	4	Pack02	10000000	LavaLotusSeed	Legendary	22.899518004900607
ODDS	111	4	Pack02	10000000	ObsidianMawSeed	Secret	1.8778098373604681
ODDS	111	4	Pack02	10000000	SupernovaBloomSeed	Cosmic	0.11954406247375467
ODDS	111	4	Pack02	10000000	EmberEmperorSeed	King	0.0012499999999999998
ODDS	81	4	Pack02	10000000	FirePepperSeed	Rare	27.16049382716049
ODDS	81	4	Pack02	10000000	EmberBloomSeed	Rare	27.16049382716049
ODDS	81	4	Pack02	10000000	AshRoseSeed	Rare	27.16049382716049
ODDS	81	4	Pack02	10000000	LavaLotusSeed	Legendary	11.111111111111111
ODDS	81	4	Pack02	10000000	ObsidianMawSeed	Secret	6.4814814814814818
ODDS	81	4	Pack02	10000000	SupernovaBloomSeed	Cosmic	0.7407407407407407
ODDS	81	4	Pack02	10000000	EmberEmperorSeed	King	0.18518518518518517
ODDS	111	4	Pack03	1	FirePepperSeed	Rare	28.55122857122857
ODDS	111	4	Pack03	1	EmberBloomSeed	Rare	28.55122857122857
ODDS	111	4	Pack03	1	AshRoseSeed	Rare	28.55122857122857
ODDS	111	4	Pack03	1	LavaLotusSeed	Legendary	14.285714285714285
ODDS	111	4	Pack03	1	ObsidianMawSeed	Secret	0.059999999999999998
ODDS	111	4	Pack03	1	SupernovaBloomSeed	Cosmic	0.00060000000000000006
ODDS	111	4	Pack03	1	EmberEmperorSeed	King	6e-10
ODDS	81	4	Pack03	1	FirePepperSeed	Rare	24.333333333333329
ODDS	81	4	Pack03	1	EmberBloomSeed	Rare	24.333333333333329
ODDS	81	4	Pack03	1	AshRoseSeed	Rare	24.333333333333329
ODDS	81	4	Pack03	1	LavaLotusSeed	Legendary	18
ODDS	81	4	Pack03	1	ObsidianMawSeed	Secret	8
ODDS	81	4	Pack03	1	SupernovaBloomSeed	Cosmic	0.80000000000000004
ODDS	81	4	Pack03	1	EmberEmperorSeed	King	0.20000000000000001
ODDS	111	4	Pack03	1.5	FirePepperSeed	Rare	28.391793461279573
ODDS	111	4	Pack03	1.5	EmberBloomSeed	Rare	28.391793461279573
ODDS	111	4	Pack03	1.5	AshRoseSeed	Rare	28.391793461279573
ODDS	111	4	Pack03	1.5	LavaLotusSeed	Legendary	14.756700422661307
ODDS	111	4	Pack03	1.5	ObsidianMawSeed	Secret	0.067213545186468812
ODDS	111	4	Pack03	1.5	SupernovaBloomSeed	Cosmic	0.00070564741351480421
ODDS	111	4	Pack03	1.5	EmberEmperorSeed	King	9.000000000000001e-10
ODDS	81	4	Pack03	1.5	FirePepperSeed	Rare	24.333333333333329
ODDS	81	4	Pack03	1.5	EmberBloomSeed	Rare	24.333333333333329
ODDS	81	4	Pack03	1.5	AshRoseSeed	Rare	24.333333333333329
ODDS	81	4	Pack03	1.5	LavaLotusSeed	Legendary	18
ODDS	81	4	Pack03	1.5	ObsidianMawSeed	Secret	8
ODDS	81	4	Pack03	1.5	SupernovaBloomSeed	Cosmic	0.80000000000000004
ODDS	81	4	Pack03	1.5	EmberEmperorSeed	King	0.20000000000000001
ODDS	111	4	Pack03	2	FirePepperSeed	Rare	28.275366292894798
ODDS	111	4	Pack03	2	EmberBloomSeed	Rare	28.275366292894798
ODDS	111	4	Pack03	2	AshRoseSeed	Rare	28.275366292894798
ODDS	111	4	Pack03	2	LavaLotusSeed	Legendary	15.100257722305432
ODDS	111	4	Pack03	2	ObsidianMawSeed	Secret	0.072851693063702802
ODDS	111	4	Pack03	2	SupernovaBloomSeed	Cosmic	0.00079170474646373659
ODDS	111	4	Pack03	2	EmberEmperorSeed	King	1.2e-09
ODDS	81	4	Pack03	2	FirePepperSeed	Rare	24.333333333333329
ODDS	81	4	Pack03	2	EmberBloomSeed	Rare	24.333333333333329
ODDS	81	4	Pack03	2	AshRoseSeed	Rare	24.333333333333329
ODDS	81	4	Pack03	2	LavaLotusSeed	Legendary	18
ODDS	81	4	Pack03	2	ObsidianMawSeed	Secret	8
ODDS	81	4	Pack03	2	SupernovaBloomSeed	Cosmic	0.80000000000000004
ODDS	81	4	Pack03	2	EmberEmperorSeed	King	0.20000000000000001
ODDS	111	4	Pack03	5	FirePepperSeed	Rare	27.885321138943088
ODDS	111	4	Pack03	5	EmberBloomSeed	Rare	27.885321138943088
ODDS	111	4	Pack03	5	AshRoseSeed	Rare	27.885321138943088
ODDS	111	4	Pack03	5	LavaLotusSeed	Legendary	16.248735167943266
ODDS	111	4	Pack03	5	ObsidianMawSeed	Secret	0.094159219864245053
ODDS	111	4	Pack03	5	SupernovaBloomSeed	Cosmic	0.0011421923632295272
ODDS	111	4	Pack03	5	EmberEmperorSeed	King	3e-09
ODDS	81	4	Pack03	5	FirePepperSeed	Rare	23.693605972086981
ODDS	81	4	Pack03	5	EmberBloomSeed	Rare	23.693605972086981
ODDS	81	4	Pack03	5	AshRoseSeed	Rare	23.693605972086981
ODDS	81	4	Pack03	5	LavaLotusSeed	Legendary	18.841285296981496
ODDS	81	4	Pack03	5	ObsidianMawSeed	Secret	8.9581304771178178
ODDS	81	4	Pack03	5	SupernovaBloomSeed	Cosmic	0.89581304771178183
ODDS	81	4	Pack03	5	EmberEmperorSeed	King	0.22395326192794546
ODDS	111	4	Pack03	10	FirePepperSeed	Rare	27.56965300341437
ODDS	111	4	Pack03	10	EmberBloomSeed	Rare	27.56965300341437
ODDS	111	4	Pack03	10	AshRoseSeed	Rare	27.56965300341437
ODDS	111	4	Pack03	10	LavaLotusSeed	Legendary	17.175206208820185
ODDS	111	4	Pack03	10	ObsidianMawSeed	Secret	0.11432764307779482
ODDS	111	4	Pack03	10	SupernovaBloomSeed	Cosmic	0.0015071318589057481
ODDS	111	4	Pack03	10	EmberEmperorSeed	King	6e-09
ODDS	81	4	Pack03	10	FirePepperSeed	Rare	23.693605972086981
ODDS	81	4	Pack03	10	EmberBloomSeed	Rare	23.693605972086981
ODDS	81	4	Pack03	10	AshRoseSeed	Rare	23.693605972086981
ODDS	81	4	Pack03	10	LavaLotusSeed	Legendary	18.841285296981496
ODDS	81	4	Pack03	10	ObsidianMawSeed	Secret	8.9581304771178178
ODDS	81	4	Pack03	10	SupernovaBloomSeed	Cosmic	0.89581304771178183
ODDS	81	4	Pack03	10	EmberEmperorSeed	King	0.22395326192794546
ODDS	111	4	Pack03	50	FirePepperSeed	Rare	26.760812605959956
ODDS	111	4	Pack03	50	EmberBloomSeed	Rare	26.760812605959956
ODDS	111	4	Pack03	50	AshRoseSeed	Rare	26.760812605959956
ODDS	111	4	Pack03	50	LavaLotusSeed	Legendary	19.535276399935388
ODDS	111	4	Pack03	50	ObsidianMawSeed	Secret	0.17941669468538365
ODDS	111	4	Pack03	50	SupernovaBloomSeed	Cosmic	0.0028690574993701116
ODDS	111	4	Pack03	50	EmberEmperorSeed	King	2.9999999999999997e-08
ODDS	81	4	Pack03	50	FirePepperSeed	Rare	23.08665401644528
ODDS	81	4	Pack03	50	EmberBloomSeed	Rare	23.08665401644528
ODDS	81	4	Pack03	50	AshRoseSeed	Rare	23.08665401644528
ODDS	81	4	Pack03	50	LavaLotusSeed	Legendary	19.639468690702085
ODDS	81	4	Pack03	50	ObsidianMawSeed	Secret	9.8671726755218199
ODDS	81	4	Pack03	50	SupernovaBloomSeed	Cosmic	0.98671726755218203
ODDS	81	4	Pack03	50	EmberEmperorSeed	King	0.24667931688804551
ODDS	111	4	Pack03	300	FirePepperSeed	Rare	25.717234556591478
ODDS	111	4	Pack03	300	EmberBloomSeed	Rare	25.717234556591478
ODDS	111	4	Pack03	300	AshRoseSeed	Rare	25.717234556591478
ODDS	111	4	Pack03	300	LavaLotusSeed	Legendary	22.546112015185305
ODDS	111	4	Pack03	300	ObsidianMawSeed	Secret	0.29630924486609556
ODDS	111	4	Pack03	300	SupernovaBloomSeed	Cosmic	0.0058748901741658621
ODDS	111	4	Pack03	300	EmberEmperorSeed	King	1.8e-07
ODDS	81	4	Pack03	300	FirePepperSeed	Rare	23.08665401644528
ODDS	81	4	Pack03	300	EmberBloomSeed	Rare	23.08665401644528
ODDS	81	4	Pack03	300	AshRoseSeed	Rare	23.08665401644528
ODDS	81	4	Pack03	300	LavaLotusSeed	Legendary	19.639468690702085
ODDS	81	4	Pack03	300	ObsidianMawSeed	Secret	9.8671726755218199
ODDS	81	4	Pack03	300	SupernovaBloomSeed	Cosmic	0.98671726755218203
ODDS	81	4	Pack03	300	EmberEmperorSeed	King	0.24667931688804551
ODDS	111	4	Pack03	2000	FirePepperSeed	Rare	24.414066721921287
ODDS	111	4	Pack03	2000	EmberBloomSeed	Rare	24.414066721921287
ODDS	111	4	Pack03	2000	AshRoseSeed	Rare	24.414066721921287
ODDS	111	4	Pack03	2000	LavaLotusSeed	Legendary	26.241240384151538
ODDS	111	4	Pack03	2000	ObsidianMawSeed	Secret	0.5040105754534987
ODDS	111	4	Pack03	2000	SupernovaBloomSeed	Cosmic	0.01254767463109528
ODDS	111	4	Pack03	2000	EmberEmperorSeed	King	1.1999999999999999e-06
ODDS	81	4	Pack03	2000	FirePepperSeed	Rare	22.324159021406725
ODDS	81	4	Pack03	2000	EmberBloomSeed	Rare	22.324159021406725
ODDS	81	4	Pack03	2000	AshRoseSeed	Rare	22.324159021406725
ODDS	81	4	Pack03	2000	LavaLotusSeed	Legendary	20.642201834862384
ODDS	81	4	Pack03	2000	ObsidianMawSeed	Secret	11.009174311926605
ODDS	81	4	Pack03	2000	SupernovaBloomSeed	Cosmic	1.1009174311926606
ODDS	81	4	Pack03	2000	EmberEmperorSeed	King	0.27522935779816515
ODDS	111	4	Pack03	10000	FirePepperSeed	Rare	23.112688647667934
ODDS	111	4	Pack03	10000	EmberBloomSeed	Rare	23.112688647667934
ODDS	111	4	Pack03	10000	AshRoseSeed	Rare	23.112688647667934
ODDS	111	4	Pack03	10000	LavaLotusSeed	Legendary	29.847087583629133
ODDS	111	4	Pack03	10000	ObsidianMawSeed	Secret	0.79095404313384443
ODDS	111	4	Pack03	10000	SupernovaBloomSeed	Cosmic	0.02388643023320984
ODDS	111	4	Pack03	10000	EmberEmperorSeed	King	6.000000000000001e-06
ODDS	81	4	Pack03	10000	FirePepperSeed	Rare	22.324159021406725
ODDS	81	4	Pack03	10000	EmberBloomSeed	Rare	22.324159021406725
ODDS	81	4	Pack03	10000	AshRoseSeed	Rare	22.324159021406725
ODDS	81	4	Pack03	10000	LavaLotusSeed	Legendary	20.642201834862384
ODDS	81	4	Pack03	10000	ObsidianMawSeed	Secret	11.009174311926605
ODDS	81	4	Pack03	10000	SupernovaBloomSeed	Cosmic	1.1009174311926606
ODDS	81	4	Pack03	10000	EmberEmperorSeed	King	0.27522935779816515
ODDS	111	4	Pack03	100000	FirePepperSeed	Rare	20.849572087461986
ODDS	111	4	Pack03	100000	EmberBloomSeed	Rare	20.849572087461986
ODDS	111	4	Pack03	100000	AshRoseSeed	Rare	20.849572087461986
ODDS	111	4	Pack03	100000	LavaLotusSeed	Legendary	35.884091878708283
ODDS	111	4	Pack03	100000	ObsidianMawSeed	Secret	1.5071318589057483
ODDS	111	4	Pack03	100000	SupernovaBloomSeed	Cosmic	0.060000000000000019
ODDS	111	4	Pack03	100000	EmberEmperorSeed	King	6.0000000000000008e-05
ODDS	81	4	Pack03	100000	FirePepperSeed	Rare	21.439060205580027
ODDS	81	4	Pack03	100000	EmberBloomSeed	Rare	21.439060205580027
ODDS	81	4	Pack03	100000	AshRoseSeed	Rare	21.439060205580027
ODDS	81	4	Pack03	100000	LavaLotusSeed	Legendary	21.806167400881058
ODDS	81	4	Pack03	100000	ObsidianMawSeed	Secret	12.334801762114537
ODDS	81	4	Pack03	100000	SupernovaBloomSeed	Cosmic	1.2334801762114538
ODDS	81	4	Pack03	100000	EmberEmperorSeed	King	0.30837004405286345
ODDS	111	4	Pack03	1000000	FirePepperSeed	Rare	17.944912941953024
ODDS	111	4	Pack03	1000000	EmberBloomSeed	Rare	17.944912941953024
ODDS	111	4	Pack03	1000000	AshRoseSeed	Rare	17.944912941953024
ODDS	111	4	Pack03	1000000	LavaLotusSeed	Legendary	43.142167434314516
ODDS	111	4	Pack03	1000000	ObsidianMawSeed	Secret	2.8717805539358308
ODDS	111	4	Pack03	1000000	SupernovaBloomSeed	Cosmic	0.15071318589057484
ODDS	111	4	Pack03	1000000	EmberEmperorSeed	King	0.00060000000000000006
ODDS	81	4	Pack03	1000000	FirePepperSeed	Rare	21.439060205580027
ODDS	81	4	Pack03	1000000	EmberBloomSeed	Rare	21.439060205580027
ODDS	81	4	Pack03	1000000	AshRoseSeed	Rare	21.439060205580027
ODDS	81	4	Pack03	1000000	LavaLotusSeed	Legendary	21.806167400881058
ODDS	81	4	Pack03	1000000	ObsidianMawSeed	Secret	12.334801762114537
ODDS	81	4	Pack03	1000000	SupernovaBloomSeed	Cosmic	1.2334801762114538
ODDS	81	4	Pack03	1000000	EmberEmperorSeed	King	0.30837004405286345
ODDS	111	4	Pack03	5000000	FirePepperSeed	Rare	15.377651638536951
ODDS	111	4	Pack03	5000000	EmberBloomSeed	Rare	15.377651638536951
ODDS	111	4	Pack03	5000000	AshRoseSeed	Rare	15.377651638536951
ODDS	111	4	Pack03	5000000	LavaLotusSeed	Legendary	49.070395724787005
ODDS	111	4	Pack03	5000000	ObsidianMawSeed	Secret	4.506743609665123
ODDS	111	4	Pack03	5000000	SupernovaBloomSeed	Cosmic	0.28690574993701118
ODDS	111	4	Pack03	5000000	EmberEmperorSeed	King	0.0030000000000000001
ODDS	81	4	Pack03	5000000	FirePepperSeed	Rare	20.621468926553671
ODDS	81	4	Pack03	5000000	EmberBloomSeed	Rare	20.621468926553671
ODDS	81	4	Pack03	5000000	AshRoseSeed	Rare	20.621468926553671
ODDS	81	4	Pack03	5000000	LavaLotusSeed	Legendary	22.881355932203391
ODDS	81	4	Pack03	5000000	ObsidianMawSeed	Secret	13.559322033898304
ODDS	81	4	Pack03	5000000	SupernovaBloomSeed	Cosmic	1.3559322033898304
ODDS	81	4	Pack03	5000000	EmberEmperorSeed	King	0.33898305084745761
ODDS	111	4	Pack03	10000000	FirePepperSeed	Rare	15.377651638536951
ODDS	111	4	Pack03	10000000	EmberBloomSeed	Rare	15.377651638536951
ODDS	111	4	Pack03	10000000	AshRoseSeed	Rare	15.377651638536951
ODDS	111	4	Pack03	10000000	LavaLotusSeed	Legendary	49.070395724787005
ODDS	111	4	Pack03	10000000	ObsidianMawSeed	Secret	4.506743609665123
ODDS	111	4	Pack03	10000000	SupernovaBloomSeed	Cosmic	0.28690574993701118
ODDS	111	4	Pack03	10000000	EmberEmperorSeed	King	0.0030000000000000001
ODDS	81	4	Pack03	10000000	FirePepperSeed	Rare	20.621468926553671
ODDS	81	4	Pack03	10000000	EmberBloomSeed	Rare	20.621468926553671
ODDS	81	4	Pack03	10000000	AshRoseSeed	Rare	20.621468926553671
ODDS	81	4	Pack03	10000000	LavaLotusSeed	Legendary	22.881355932203391
ODDS	81	4	Pack03	10000000	ObsidianMawSeed	Secret	13.559322033898304
ODDS	81	4	Pack03	10000000	SupernovaBloomSeed	Cosmic	1.3559322033898304
ODDS	81	4	Pack03	10000000	EmberEmperorSeed	King	0.33898305084745761
ODDS	111	4	Pack04	1	FirePepperSeed	Rare	22.154888888222221
ODDS	111	4	Pack04	1	EmberBloomSeed	Rare	22.154888888222221
ODDS	111	4	Pack04	1	AshRoseSeed	Rare	22.154888888222221
ODDS	111	4	Pack04	1	LavaLotusSeed	Legendary	33.333333333333329
ODDS	111	4	Pack04	1	ObsidianMawSeed	Secret	0.20000000000000001
ODDS	111	4	Pack04	1	SupernovaBloomSeed	Cosmic	0.002
ODDS	111	4	Pack04	1	EmberEmperorSeed	King	1.9999999999999997e-09
ODDS	81	4	Pack04	1	FirePepperSeed	Rare	15
ODDS	81	4	Pack04	1	EmberBloomSeed	Rare	15
ODDS	81	4	Pack04	1	AshRoseSeed	Rare	15
ODDS	81	4	Pack04	1	LavaLotusSeed	Legendary	32
ODDS	81	4	Pack04	1	ObsidianMawSeed	Secret	20
ODDS	81	4	Pack04	1	SupernovaBloomSeed	Cosmic	2.2999999999999998
ODDS	81	4	Pack04	1	EmberEmperorSeed	King	0.69999999999999996
ODDS	111	4	Pack04	1.5	FirePepperSeed	Rare	21.780433900707894
ODDS	111	4	Pack04	1.5	EmberBloomSeed	Rare	21.780433900707894
ODDS	111	4	Pack04	1.5	AshRoseSeed	Rare	21.780433900707894
ODDS	111	4	Pack04	1.5	LavaLotusSeed	Legendary	34.432300986209711
ODDS	111	4	Pack04	1.5	ObsidianMawSeed	Secret	0.22404515062156269
ODDS	111	4	Pack04	1.5	SupernovaBloomSeed	Cosmic	0.0023521580450493475
ODDS	111	4	Pack04	1.5	EmberEmperorSeed	King	3e-09
ODDS	81	4	Pack04	1.5	FirePepperSeed	Rare	15
ODDS	81	4	Pack04	1.5	EmberBloomSeed	Rare	15
ODDS	81	4	Pack04	1.5	AshRoseSeed	Rare	15
ODDS	81	4	Pack04	1.5	LavaLotusSeed	Legendary	32
ODDS	81	4	Pack04	1.5	ObsidianMawSeed	Secret	20
ODDS	81	4	Pack04	1.5	SupernovaBloomSeed	Cosmic	2.2999999999999998
ODDS	81	4	Pack04	1.5	EmberEmperorSeed	King	0.69999999999999996
ODDS	111	4	Pack04	2	FirePepperSeed	Rare	21.506862439306698
ODDS	111	4	Pack04	2	EmberBloomSeed	Rare	21.506862439306698
ODDS	111	4	Pack04	2	AshRoseSeed	Rare	21.506862439306698
ODDS	111	4	Pack04	2	LavaLotusSeed	Legendary	35.233934685379339
ODDS	111	4	Pack04	2	ObsidianMawSeed	Secret	0.2428389768790094
ODDS	111	4	Pack04	2	SupernovaBloomSeed	Cosmic	0.0026390158215457886
ODDS	111	4	Pack04	2	EmberEmperorSeed	King	3.9999999999999994e-09
ODDS	81	4	Pack04	2	FirePepperSeed	Rare	15
ODDS	81	4	Pack04	2	EmberBloomSeed	Rare	15
ODDS	81	4	Pack04	2	AshRoseSeed	Rare	15
ODDS	81	4	Pack04	2	LavaLotusSeed	Legendary	32
ODDS	81	4	Pack04	2	ObsidianMawSeed	Secret	20
ODDS	81	4	Pack04	2	SupernovaBloomSeed	Cosmic	2.2999999999999998
ODDS	81	4	Pack04	2	EmberEmperorSeed	King	0.69999999999999996
ODDS	111	4	Pack04	5	FirePepperSeed	Rare	20.589537741346934
ODDS	111	4	Pack04	5	EmberBloomSeed	Rare	20.589537741346934
ODDS	111	4	Pack04	5	AshRoseSeed	Rare	20.589537741346934
ODDS	111	4	Pack04	5	LavaLotusSeed	Legendary	37.913715391867619
ODDS	111	4	Pack04	5	ObsidianMawSeed	Secret	0.31386406621415019
ODDS	111	4	Pack04	5	SupernovaBloomSeed	Cosmic	0.0038073078774317573
ODDS	111	4	Pack04	5	EmberEmperorSeed	King	9.9999999999999986e-09
ODDS	81	4	Pack04	5	FirePepperSeed	Rare	14.170996693434104
ODDS	81	4	Pack04	5	EmberBloomSeed	Rare	14.170996693434104
ODDS	81	4	Pack04	5	AshRoseSeed	Rare	14.170996693434104
ODDS	81	4	Pack04	5	LavaLotusSeed	Legendary	32.498819083608879
ODDS	81	4	Pack04	5	ObsidianMawSeed	Secret	21.728861596598961
ODDS	81	4	Pack04	5	SupernovaBloomSeed	Cosmic	2.4988190836088799
ODDS	81	4	Pack04	5	EmberEmperorSeed	King	0.7605101558809636
ODDS	111	4	Pack04	10	FirePepperSeed	Rare	19.846134303210192
ODDS	111	4	Pack04	10	EmberBloomSeed	Rare	19.846134303210192
ODDS	111	4	Pack04	10	AshRoseSeed	Rare	19.846134303210192
ODDS	111	4	Pack04	10	LavaLotusSeed	Legendary	40.075481153913763
ODDS	111	4	Pack04	10	ObsidianMawSeed	Secret	0.38109214359264948
ODDS	111	4	Pack04	10	SupernovaBloomSeed	Cosmic	0.0050237728630191606
ODDS	111	4	Pack04	10	EmberEmperorSeed	King	1.9999999999999997e-08
ODDS	81	4	Pack04	10	FirePepperSeed	Rare	14.170996693434104
ODDS	81	4	Pack04	10	EmberBloomSeed	Rare	14.170996693434104
ODDS	81	4	Pack04	10	AshRoseSeed	Rare	14.170996693434104
ODDS	81	4	Pack04	10	LavaLotusSeed	Legendary	32.498819083608879
ODDS	81	4	Pack04	10	ObsidianMawSeed	Secret	21.728861596598961
ODDS	81	4	Pack04	10	SupernovaBloomSeed	Cosmic	2.4988190836088799
ODDS	81	4	Pack04	10	EmberEmperorSeed	King	0.7605101558809636
ODDS	111	4	Pack04	50	FirePepperSeed	Rare	17.936689708733862
ODDS	111	4	Pack04	50	EmberBloomSeed	Rare	17.936689708733862
ODDS	111	4	Pack04	50	AshRoseSeed	Rare	17.936689708733862
ODDS	111	4	Pack04	50	LavaLotusSeed	Legendary	45.582311599849234
ODDS	111	4	Pack04	50	ObsidianMawSeed	Secret	0.59805564895127883
ODDS	111	4	Pack04	50	SupernovaBloomSeed	Cosmic	0.009563524997900372
ODDS	111	4	Pack04	50	EmberEmperorSeed	King	9.9999999999999982e-08
ODDS	81	4	Pack04	50	FirePepperSeed	Rare	13.428827215756492
ODDS	81	4	Pack04	50	EmberBloomSeed	Rare	13.428827215756492
ODDS	81	4	Pack04	50	AshRoseSeed	Rare	13.428827215756492
ODDS	81	4	Pack04	50	LavaLotusSeed	Legendary	32.945389435989256
ODDS	81	4	Pack04	50	ObsidianMawSeed	Secret	23.276633840644585
ODDS	81	4	Pack04	50	SupernovaBloomSeed	Cosmic	2.6768128916741274
ODDS	81	4	Pack04	50	EmberEmperorSeed	King	0.81468218442256035
ODDS	111	4	Pack04	300	FirePepperSeed	Rare	16.330906316621927
ODDS	111	4	Pack04	300	EmberBloomSeed	Rare	16.330906316621927
ODDS	111	4	Pack04	300	AshRoseSeed	Rare	16.330906316621927
ODDS	111	4	Pack04	300	LavaLotusSeed	Legendary	50
ODDS	111	4	Pack04	300	ObsidianMawSeed	Secret	0.98769748288698533
ODDS	111	4	Pack04	300	SupernovaBloomSeed	Cosmic	0.01958296724721954
ODDS	111	4	Pack04	300	EmberEmperorSeed	King	5.9999999999999997e-07
ODDS	81	4	Pack04	300	FirePepperSeed	Rare	13.428827215756492
ODDS	81	4	Pack04	300	EmberBloomSeed	Rare	13.428827215756492
ODDS	81	4	Pack04	300	AshRoseSeed	Rare	13.428827215756492
ODDS	81	4	Pack04	300	LavaLotusSeed	Legendary	32.945389435989256
ODDS	81	4	Pack04	300	ObsidianMawSeed	Secret	23.276633840644585
ODDS	81	4	Pack04	300	SupernovaBloomSeed	Cosmic	2.6768128916741274
ODDS	81	4	Pack04	300	EmberEmperorSeed	King	0.81468218442256035
ODDS	111	4	Pack04	2000	FirePepperSeed	Rare	16.092711722128232
ODDS	111	4	Pack04	2000	EmberBloomSeed	Rare	16.092711722128232
ODDS	111	4	Pack04	2000	AshRoseSeed	Rare	16.092711722128232
ODDS	111	4	Pack04	2000	LavaLotusSeed	Legendary	50
ODDS	111	4	Pack04	2000	ObsidianMawSeed	Secret	1.6800352515116623
ODDS	111	4	Pack04	2000	SupernovaBloomSeed	Cosmic	0.041825582103650942
ODDS	111	4	Pack04	2000	EmberEmperorSeed	King	3.9999999999999998e-06
ODDS	81	4	Pack04	2000	FirePepperSeed	Rare	12.552301255230125
ODDS	81	4	Pack04	2000	EmberBloomSeed	Rare	12.552301255230125
ODDS	81	4	Pack04	2000	AshRoseSeed	Rare	12.552301255230125
ODDS	81	4	Pack04	2000	LavaLotusSeed	Legendary	33.472803347280333
ODDS	81	4	Pack04	2000	ObsidianMawSeed	Secret	25.10460251046025
ODDS	81	4	Pack04	2000	SupernovaBloomSeed	Cosmic	2.8870292887029287
ODDS	81	4	Pack04	2000	EmberEmperorSeed	King	0.87866108786610864
ODDS	111	4	Pack04	10000	FirePepperSeed	Rare	15.76128169625883
ODDS	111	4	Pack04	10000	EmberBloomSeed	Rare	15.76128169625883
ODDS	111	4	Pack04	10000	AshRoseSeed	Rare	15.76128169625883
ODDS	111	4	Pack04	10000	LavaLotusSeed	Legendary	50
ODDS	111	4	Pack04	10000	ObsidianMawSeed	Secret	2.6365134771128149
ODDS	111	4	Pack04	10000	SupernovaBloomSeed	Cosmic	0.079621434110699468
ODDS	111	4	Pack04	10000	EmberEmperorSeed	King	1.9999999999999998e-05
ODDS	81	4	Pack04	10000	FirePepperSeed	Rare	12.552301255230125
ODDS	81	4	Pack04	10000	EmberBloomSeed	Rare	12.552301255230125
ODDS	81	4	Pack04	10000	AshRoseSeed	Rare	12.552301255230125
ODDS	81	4	Pack04	10000	LavaLotusSeed	Legendary	33.472803347280333
ODDS	81	4	Pack04	10000	ObsidianMawSeed	Secret	25.10460251046025
ODDS	81	4	Pack04	10000	SupernovaBloomSeed	Cosmic	2.8870292887029287
ODDS	81	4	Pack04	10000	EmberEmperorSeed	King	0.87866108786610864
ODDS	111	4	Pack04	100000	FirePepperSeed	Rare	14.925342378993614
ODDS	111	4	Pack04	100000	EmberBloomSeed	Rare	14.925342378993614
ODDS	111	4	Pack04	100000	AshRoseSeed	Rare	14.925342378993614
ODDS	111	4	Pack04	100000	LavaLotusSeed	Legendary	50
ODDS	111	4	Pack04	100000	ObsidianMawSeed	Secret	5.023772863019162
ODDS	111	4	Pack04	100000	SupernovaBloomSeed	Cosmic	0.20000000000000009
ODDS	111	4	Pack04	100000	EmberEmperorSeed	King	0.00019999999999999998
ODDS	81	4	Pack04	100000	FirePepperSeed	Rare	11.605415860735009
ODDS	81	4	Pack04	100000	EmberBloomSeed	Rare	11.605415860735009
ODDS	81	4	Pack04	100000	AshRoseSeed	Rare	11.605415860735009
ODDS	81	4	Pack04	100000	LavaLotusSeed	Legendary	34.042553191489361
ODDS	81	4	Pack04	100000	ObsidianMawSeed	Secret	27.079303675048354
ODDS	81	4	Pack04	100000	SupernovaBloomSeed	Cosmic	3.1141199226305605
ODDS	81	4	Pack04	100000	EmberEmperorSeed	King	0.9477756286266924
ODDS	111	4	Pack04	1000000	FirePepperSeed	Rare	13.307673622415106
ODDS	111	4	Pack04	1000000	EmberBloomSeed	Rare	13.307673622415106
ODDS	111	4	Pack04	1000000	AshRoseSeed	Rare	13.307673622415106
ODDS	111	4	Pack04	1000000	LavaLotusSeed	Legendary	50
ODDS	111	4	Pack04	1000000	ObsidianMawSeed	Secret	9.5726018464527698
ODDS	111	4	Pack04	1000000	SupernovaBloomSeed	Cosmic	0.50237728630191625
ODDS	111	4	Pack04	1000000	EmberEmperorSeed	King	0.002
ODDS	81	4	Pack04	1000000	FirePepperSeed	Rare	11.605415860735009
ODDS	81	4	Pack04	1000000	EmberBloomSeed	Rare	11.605415860735009
ODDS	81	4	Pack04	1000000	AshRoseSeed	Rare	11.605415860735009
ODDS	81	4	Pack04	1000000	LavaLotusSeed	Legendary	34.042553191489361
ODDS	81	4	Pack04	1000000	ObsidianMawSeed	Secret	27.079303675048354
ODDS	81	4	Pack04	1000000	SupernovaBloomSeed	Cosmic	3.1141199226305605
ODDS	81	4	Pack04	1000000	EmberEmperorSeed	King	0.9477756286266924
ODDS	111	4	Pack04	5000000	FirePepperSeed	Rare	11.337056267108741
ODDS	111	4	Pack04	5000000	EmberBloomSeed	Rare	11.337056267108741
ODDS	111	4	Pack04	5000000	AshRoseSeed	Rare	11.337056267108741
ODDS	111	4	Pack04	5000000	LavaLotusSeed	Legendary	50
ODDS	111	4	Pack04	5000000	ObsidianMawSeed	Secret	15.022478698883745
ODDS	111	4	Pack04	5000000	SupernovaBloomSeed	Cosmic	0.95635249979003734
ODDS	111	4	Pack04	5000000	EmberEmperorSeed	King	0.0099999999999999985
ODDS	81	4	Pack04	5000000	FirePepperSeed	Rare	10.791366906474821
ODDS	81	4	Pack04	5000000	EmberBloomSeed	Rare	10.791366906474821
ODDS	81	4	Pack04	5000000	AshRoseSeed	Rare	10.791366906474821
ODDS	81	4	Pack04	5000000	LavaLotusSeed	Legendary	34.532374100719423
ODDS	81	4	Pack04	5000000	ObsidianMawSeed	Secret	28.776978417266186
ODDS	81	4	Pack04	5000000	SupernovaBloomSeed	Cosmic	3.3093525179856109
ODDS	81	4	Pack04	5000000	EmberEmperorSeed	King	1.0071942446043165
ODDS	111	4	Pack04	10000000	FirePepperSeed	Rare	11.337056267108741
ODDS	111	4	Pack04	10000000	EmberBloomSeed	Rare	11.337056267108741
ODDS	111	4	Pack04	10000000	AshRoseSeed	Rare	11.337056267108741
ODDS	111	4	Pack04	10000000	LavaLotusSeed	Legendary	50
ODDS	111	4	Pack04	10000000	ObsidianMawSeed	Secret	15.022478698883745
ODDS	111	4	Pack04	10000000	SupernovaBloomSeed	Cosmic	0.95635249979003734
ODDS	111	4	Pack04	10000000	EmberEmperorSeed	King	0.0099999999999999985
ODDS	81	4	Pack04	10000000	FirePepperSeed	Rare	10.791366906474821
ODDS	81	4	Pack04	10000000	EmberBloomSeed	Rare	10.791366906474821
ODDS	81	4	Pack04	10000000	AshRoseSeed	Rare	10.791366906474821
ODDS	81	4	Pack04	10000000	LavaLotusSeed	Legendary	34.532374100719423
ODDS	81	4	Pack04	10000000	ObsidianMawSeed	Secret	28.776978417266186
ODDS	81	4	Pack04	10000000	SupernovaBloomSeed	Cosmic	3.3093525179856109
ODDS	81	4	Pack04	10000000	EmberEmperorSeed	King	1.0071942446043165
ODDS	111	4	Pack05	1	FirePepperSeed	Rare	19.797999997999995
ODDS	111	4	Pack05	1	EmberBloomSeed	Rare	19.797999997999995
ODDS	111	4	Pack05	1	AshRoseSeed	Rare	19.797999997999995
ODDS	111	4	Pack05	1	LavaLotusSeed	Legendary	40
ODDS	111	4	Pack05	1	ObsidianMawSeed	Secret	0.59999999999999998
ODDS	111	4	Pack05	1	SupernovaBloomSeed	Cosmic	0.0059999999999999993
ODDS	111	4	Pack05	1	EmberEmperorSeed	King	6e-09
ODDS	81	4	Pack05	1	FirePepperSeed	Rare	3.3333333333333339
ODDS	81	4	Pack05	1	EmberBloomSeed	Rare	3.3333333333333339
ODDS	81	4	Pack05	1	AshRoseSeed	Rare	3.3333333333333339
ODDS	81	4	Pack05	1	LavaLotusSeed	Legendary	40
ODDS	81	4	Pack05	1	ObsidianMawSeed	Secret	42
ODDS	81	4	Pack05	1	SupernovaBloomSeed	Cosmic	6
ODDS	81	4	Pack05	1	EmberEmperorSeed	King	2
ODDS	111	4	Pack05	1.5	FirePepperSeed	Rare	19.334015627182836
ODDS	111	4	Pack05	1.5	EmberBloomSeed	Rare	19.334015627182836
ODDS	111	4	Pack05	1.5	AshRoseSeed	Rare	19.334015627182836
ODDS	111	4	Pack05	1.5	LavaLotusSeed	Legendary	41.318761183451656
ODDS	111	4	Pack05	1.5	ObsidianMawSeed	Secret	0.67213545186468815
ODDS	111	4	Pack05	1.5	SupernovaBloomSeed	Cosmic	0.0070564741351480404
ODDS	111	4	Pack05	1.5	EmberEmperorSeed	King	8.9999999999999995e-09
ODDS	81	4	Pack05	1.5	FirePepperSeed	Rare	3.3333333333333339
ODDS	81	4	Pack05	1.5	EmberBloomSeed	Rare	3.3333333333333339
ODDS	81	4	Pack05	1.5	AshRoseSeed	Rare	3.3333333333333339
ODDS	81	4	Pack05	1.5	LavaLotusSeed	Legendary	40
ODDS	81	4	Pack05	1.5	ObsidianMawSeed	Secret	42
ODDS	81	4	Pack05	1.5	SupernovaBloomSeed	Cosmic	6
ODDS	81	4	Pack05	1.5	EmberEmperorSeed	King	2
ODDS	111	4	Pack05	2	FirePepperSeed	Rare	18.994281462481041
ODDS	111	4	Pack05	2	EmberBloomSeed	Rare	18.994281462481041
ODDS	111	4	Pack05	2	AshRoseSeed	Rare	18.994281462481041
ODDS	111	4	Pack05	2	LavaLotusSeed	Legendary	42.280721622455211
ODDS	111	4	Pack05	2	ObsidianMawSeed	Secret	0.72851693063702816
ODDS	111	4	Pack05	2	SupernovaBloomSeed	Cosmic	0.0079170474646373633
ODDS	111	4	Pack05	2	EmberEmperorSeed	King	1.2e-08
ODDS	81	4	Pack05	2	FirePepperSeed	Rare	3.3333333333333339
ODDS	81	4	Pack05	2	EmberBloomSeed	Rare	3.3333333333333339
ODDS	81	4	Pack05	2	AshRoseSeed	Rare	3.3333333333333339
ODDS	81	4	Pack05	2	LavaLotusSeed	Legendary	40
ODDS	81	4	Pack05	2	ObsidianMawSeed	Secret	42
ODDS	81	4	Pack05	2	SupernovaBloomSeed	Cosmic	6
ODDS	81	4	Pack05	2	EmberEmperorSeed	King	2
ODDS	111	4	Pack05	5	FirePepperSeed	Rare	17.850175792494703
ODDS	111	4	Pack05	5	EmberBloomSeed	Rare	17.850175792494703
ODDS	111	4	Pack05	5	AshRoseSeed	Rare	17.850175792494703
ODDS	111	4	Pack05	5	LavaLotusSeed	Legendary	45.496458470241151
ODDS	111	4	Pack05	5	ObsidianMawSeed	Secret	0.9415921986424507
ODDS	111	4	Pack05	5	SupernovaBloomSeed	Cosmic	0.01142192363229527
ODDS	111	4	Pack05	5	EmberEmperorSeed	King	2.9999999999999997e-08
ODDS	81	4	Pack05	5	FirePepperSeed	Rare	3.0165912518853699
ODDS	81	4	Pack05	5	EmberBloomSeed	Rare	3.0165912518853699
ODDS	81	4	Pack05	5	AshRoseSeed	Rare	3.0165912518853699
ODDS	81	4	Pack05	5	LavaLotusSeed	Legendary	38.914027149321264
ODDS	81	4	Pack05	5	ObsidianMawSeed	Secret	43.710407239819006
ODDS	81	4	Pack05	5	SupernovaBloomSeed	Cosmic	6.244343891402715
ODDS	81	4	Pack05	5	EmberEmperorSeed	King	2.0814479638009047
ODDS	111	4	Pack05	10	FirePepperSeed	Rare	16.91702493531216
ODDS	111	4	Pack05	10	EmberBloomSeed	Rare	16.91702493531216
ODDS	111	4	Pack05	10	AshRoseSeed	Rare	16.91702493531216
ODDS	111	4	Pack05	10	LavaLotusSeed	Legendary	48.090577384696523
ODDS	111	4	Pack05	10	ObsidianMawSeed	Secret	1.1432764307779484
ODDS	111	4	Pack05	10	SupernovaBloomSeed	Cosmic	0.015071318589057478
ODDS	111	4	Pack05	10	EmberEmperorSeed	King	5.9999999999999995e-08
ODDS	81	4	Pack05	10	FirePepperSeed	Rare	3.0165912518853699
ODDS	81	4	Pack05	10	EmberBloomSeed	Rare	3.0165912518853699
ODDS	81	4	Pack05	10	AshRoseSeed	Rare	3.0165912518853699
ODDS	81	4	Pack05	10	LavaLotusSeed	Legendary	38.914027149321264
ODDS	81	4	Pack05	10	ObsidianMawSeed	Secret	43.710407239819006
ODDS	81	4	Pack05	10	SupernovaBloomSeed	Cosmic	6.244343891402715
ODDS	81	4	Pack05	10	EmberEmperorSeed	King	2.0814479638009047
ODDS	111	4	Pack05	50	FirePepperSeed	Rare	16.059047392717485
ODDS	111	4	Pack05	50	EmberBloomSeed	Rare	16.059047392717485
ODDS	111	4	Pack05	50	AshRoseSeed	Rare	16.059047392717485
ODDS	111	4	Pack05	50	LavaLotusSeed	Legendary	50
ODDS	111	4	Pack05	50	ObsidianMawSeed	Secret	1.7941669468538364
ODDS	111	4	Pack05	50	SupernovaBloomSeed	Cosmic	0.028690574993701111
ODDS	111	4	Pack05	50	EmberEmperorSeed	King	2.9999999999999999e-07
ODDS	81	4	Pack05	50	FirePepperSeed	Rare	2.7548209366391192
ODDS	81	4	Pack05	50	EmberBloomSeed	Rare	2.7548209366391192
ODDS	81	4	Pack05	50	AshRoseSeed	Rare	2.7548209366391192
ODDS	81	4	Pack05	50	LavaLotusSeed	Legendary	38.016528925619838
ODDS	81	4	Pack05	50	ObsidianMawSeed	Secret	45.123966942148769
ODDS	81	4	Pack05	50	SupernovaBloomSeed	Cosmic	6.4462809917355388
ODDS	81	4	Pack05	50	EmberEmperorSeed	King	2.1487603305785128
ODDS	111	4	Pack05	300	FirePepperSeed	Rare	15.659385616532461
ODDS	111	4	Pack05	300	EmberBloomSeed	Rare	15.659385616532461
ODDS	111	4	Pack05	300	AshRoseSeed	Rare	15.659385616532461
ODDS	111	4	Pack05	300	LavaLotusSeed	Legendary	50
ODDS	111	4	Pack05	300	ObsidianMawSeed	Secret	2.963092448660956
ODDS	111	4	Pack05	300	SupernovaBloomSeed	Cosmic	0.058748901741658616
ODDS	111	4	Pack05	300	EmberEmperorSeed	King	1.7999999999999999e-06
ODDS	81	4	Pack05	300	FirePepperSeed	Rare	2.7548209366391192
ODDS	81	4	Pack05	300	EmberBloomSeed	Rare	2.7548209366391192
ODDS	81	4	Pack05	300	AshRoseSeed	Rare	2.7548209366391192
ODDS	81	4	Pack05	300	LavaLotusSeed	Legendary	38.016528925619838
ODDS	81	4	Pack05	300	ObsidianMawSeed	Secret	45.123966942148769
ODDS	81	4	Pack05	300	SupernovaBloomSeed	Cosmic	6.4462809917355388
ODDS	81	4	Pack05	300	EmberEmperorSeed	King	2.1487603305785128
ODDS	111	4	Pack05	2000	FirePepperSeed	Rare	14.944801833051354
ODDS	111	4	Pack05	2000	EmberBloomSeed	Rare	14.944801833051354
ODDS	111	4	Pack05	2000	AshRoseSeed	Rare	14.944801833051354
ODDS	111	4	Pack05	2000	LavaLotusSeed	Legendary	50
ODDS	111	4	Pack05	2000	ObsidianMawSeed	Secret	5.0401057545349879
ODDS	111	4	Pack05	2000	SupernovaBloomSeed	Cosmic	0.12547674631095282
ODDS	111	4	Pack05	2000	EmberEmperorSeed	King	1.1999999999999999e-05
ODDS	81	4	Pack05	2000	FirePepperSeed	Rare	2.4691358024691361
ODDS	81	4	Pack05	2000	EmberBloomSeed	Rare	2.4691358024691361
ODDS	81	4	Pack05	2000	AshRoseSeed	Rare	2.4691358024691361
ODDS	81	4	Pack05	2000	LavaLotusSeed	Legendary	37.037037037037038
ODDS	81	4	Pack05	2000	ObsidianMawSeed	Secret	46.666666666666664
ODDS	81	4	Pack05	2000	SupernovaBloomSeed	Cosmic	6.666666666666667
ODDS	81	4	Pack05	2000	EmberEmperorSeed	King	2.2222222222222223
ODDS	111	4	Pack05	10000	FirePepperSeed	Rare	13.950511755443152
ODDS	111	4	Pack05	10000	EmberBloomSeed	Rare	13.950511755443152
ODDS	111	4	Pack05	10000	AshRoseSeed	Rare	13.950511755443152
ODDS	111	4	Pack05	10000	LavaLotusSeed	Legendary	50
ODDS	111	4	Pack05	10000	ObsidianMawSeed	Secret	7.9095404313384439
ODDS	111	4	Pack05	10000	SupernovaBloomSeed	Cosmic	0.23886430233209838
ODDS	111	4	Pack05	10000	EmberEmperorSeed	King	5.9999999999999995e-05
ODDS	81	4	Pack05	10000	FirePepperSeed	Rare	2.4691358024691361
ODDS	81	4	Pack05	10000	EmberBloomSeed	Rare	2.4691358024691361
ODDS	81	4	Pack05	10000	AshRoseSeed	Rare	2.4691358024691361
ODDS	81	4	Pack05	10000	LavaLotusSeed	Legendary	37.037037037037038
ODDS	81	4	Pack05	10000	ObsidianMawSeed	Secret	46.666666666666664
ODDS	81	4	Pack05	10000	SupernovaBloomSeed	Cosmic	6.666666666666667
ODDS	81	4	Pack05	10000	EmberEmperorSeed	King	2.2222222222222223
ODDS	111	4	Pack05	100000	FirePepperSeed	Rare	11.442693803647508
ODDS	111	4	Pack05	100000	EmberBloomSeed	Rare	11.442693803647508
ODDS	111	4	Pack05	100000	AshRoseSeed	Rare	11.442693803647508
ODDS	111	4	Pack05	100000	LavaLotusSeed	Legendary	50
ODDS	111	4	Pack05	100000	ObsidianMawSeed	Secret	15.071318589057487
ODDS	111	4	Pack05	100000	SupernovaBloomSeed	Cosmic	0.60000000000000009
ODDS	111	4	Pack05	100000	EmberEmperorSeed	King	0.00060000000000000006
ODDS	81	4	Pack05	100000	FirePepperSeed	Rare	2.1857923497267762
ODDS	81	4	Pack05	100000	EmberBloomSeed	Rare	2.1857923497267762
ODDS	81	4	Pack05	100000	AshRoseSeed	Rare	2.1857923497267762
ODDS	81	4	Pack05	100000	LavaLotusSeed	Legendary	36.065573770491802
ODDS	81	4	Pack05	100000	ObsidianMawSeed	Secret	48.196721311475407
ODDS	81	4	Pack05	100000	SupernovaBloomSeed	Cosmic	6.8852459016393439
ODDS	81	4	Pack05	100000	EmberEmperorSeed	King	2.2950819672131146
ODDS	111	4	Pack05	1000000	FirePepperSeed	Rare	7.9191999992
ODDS	111	4	Pack05	1000000	EmberBloomSeed	Rare	7.9191999992
ODDS	111	4	Pack05	1000000	AshRoseSeed	Rare	7.9191999992
ODDS	111	4	Pack05	1000000	LavaLotusSeed	Legendary	49.729268143494252
ODDS	111	4	Pack05	1000000	ObsidianMawSeed	Secret	25
ODDS	111	4	Pack05	1000000	SupernovaBloomSeed	Cosmic	1.5071318589057483
ODDS	111	4	Pack05	1000000	EmberEmperorSeed	King	0.0060000000000000001
ODDS	81	4	Pack05	1000000	FirePepperSeed	Rare	2.1857923497267762
ODDS	81	4	Pack05	1000000	EmberBloomSeed	Rare	2.1857923497267762
ODDS	81	4	Pack05	1000000	AshRoseSeed	Rare	2.1857923497267762
ODDS	81	4	Pack05	1000000	LavaLotusSeed	Legendary	36.065573770491802
ODDS	81	4	Pack05	1000000	ObsidianMawSeed	Secret	48.196721311475407
ODDS	81	4	Pack05	1000000	SupernovaBloomSeed	Cosmic	6.8852459016393439
ODDS	81	4	Pack05	1000000	EmberEmperorSeed	King	2.2950819672131146
ODDS	111	4	Pack05	5000000	FirePepperSeed	Rare	7.9191999991999955
ODDS	111	4	Pack05	5000000	EmberBloomSeed	Rare	7.9191999991999955
ODDS	111	4	Pack05	5000000	AshRoseSeed	Rare	7.9191999991999955
ODDS	111	4	Pack05	5000000	LavaLotusSeed	Legendary	48.343342503029895
ODDS	111	4	Pack05	5000000	ObsidianMawSeed	Secret	25
ODDS	111	4	Pack05	5000000	SupernovaBloomSeed	Cosmic	2.8690574993701117
ODDS	111	4	Pack05	5000000	EmberEmperorSeed	King	0.029999999999999999
ODDS	81	4	Pack05	5000000	FirePepperSeed	Rare	1.9607843137254903
ODDS	81	4	Pack05	5000000	EmberBloomSeed	Rare	1.9607843137254903
ODDS	81	4	Pack05	5000000	AshRoseSeed	Rare	1.9607843137254903
ODDS	81	4	Pack05	5000000	LavaLotusSeed	Legendary	35.294117647058826
ODDS	81	4	Pack05	5000000	ObsidianMawSeed	Secret	49.411764705882355
ODDS	81	4	Pack05	5000000	SupernovaBloomSeed	Cosmic	7.0588235294117645
ODDS	81	4	Pack05	5000000	EmberEmperorSeed	King	2.3529411764705883
ODDS	111	4	Pack05	10000000	FirePepperSeed	Rare	7.9191999991999955
ODDS	111	4	Pack05	10000000	EmberBloomSeed	Rare	7.9191999991999955
ODDS	111	4	Pack05	10000000	AshRoseSeed	Rare	7.9191999991999955
ODDS	111	4	Pack05	10000000	LavaLotusSeed	Legendary	48.343342503029895
ODDS	111	4	Pack05	10000000	ObsidianMawSeed	Secret	25
ODDS	111	4	Pack05	10000000	SupernovaBloomSeed	Cosmic	2.8690574993701117
ODDS	111	4	Pack05	10000000	EmberEmperorSeed	King	0.029999999999999999
ODDS	81	4	Pack05	10000000	FirePepperSeed	Rare	1.9607843137254903
ODDS	81	4	Pack05	10000000	EmberBloomSeed	Rare	1.9607843137254903
ODDS	81	4	Pack05	10000000	AshRoseSeed	Rare	1.9607843137254903
ODDS	81	4	Pack05	10000000	LavaLotusSeed	Legendary	35.294117647058826
ODDS	81	4	Pack05	10000000	ObsidianMawSeed	Secret	49.411764705882355
ODDS	81	4	Pack05	10000000	SupernovaBloomSeed	Cosmic	7.0588235294117645
ODDS	81	4	Pack05	10000000	EmberEmperorSeed	King	2.3529411764705883
ODDS	111	4	Pack06	1	FirePepperSeed	Rare	0
ODDS	111	4	Pack06	1	EmberBloomSeed	Rare	0
ODDS	111	4	Pack06	1	AshRoseSeed	Rare	0
ODDS	111	4	Pack06	1	LavaLotusSeed	Legendary	97.979999980000002
ODDS	111	4	Pack06	1	ObsidianMawSeed	Secret	2
ODDS	111	4	Pack06	1	SupernovaBloomSeed	Cosmic	0.02
ODDS	111	4	Pack06	1	EmberEmperorSeed	King	2e-08
ODDS	81	4	Pack06	1	FirePepperSeed	Rare	0
ODDS	81	4	Pack06	1	EmberBloomSeed	Rare	0
ODDS	81	4	Pack06	1	AshRoseSeed	Rare	0
ODDS	81	4	Pack06	1	LavaLotusSeed	Legendary	20
ODDS	81	4	Pack06	1	ObsidianMawSeed	Secret	67
ODDS	81	4	Pack06	1	SupernovaBloomSeed	Cosmic	10
ODDS	81	4	Pack06	1	EmberEmperorSeed	King	3
ODDS	111	4	Pack06	1.5	FirePepperSeed	Rare	0
ODDS	111	4	Pack06	1.5	EmberBloomSeed	Rare	0
ODDS	111	4	Pack06	1.5	AshRoseSeed	Rare	0
ODDS	111	4	Pack06	1.5	LavaLotusSeed	Legendary	97.736026883333878
ODDS	111	4	Pack06	1.5	ObsidianMawSeed	Secret	2.2404515062156269
ODDS	111	4	Pack06	1.5	SupernovaBloomSeed	Cosmic	0.023521580450493473
ODDS	111	4	Pack06	1.5	EmberEmperorSeed	King	2.9999999999999997e-08
ODDS	81	4	Pack06	1.5	FirePepperSeed	Rare	0
ODDS	81	4	Pack06	1.5	EmberBloomSeed	Rare	0
ODDS	81	4	Pack06	1.5	AshRoseSeed	Rare	0
ODDS	81	4	Pack06	1.5	LavaLotusSeed	Legendary	20
ODDS	81	4	Pack06	1.5	ObsidianMawSeed	Secret	67
ODDS	81	4	Pack06	1.5	SupernovaBloomSeed	Cosmic	10
ODDS	81	4	Pack06	1.5	EmberEmperorSeed	King	3
ODDS	111	4	Pack06	2	FirePepperSeed	Rare	0
ODDS	111	4	Pack06	2	EmberBloomSeed	Rare	0
ODDS	111	4	Pack06	2	AshRoseSeed	Rare	0
ODDS	111	4	Pack06	2	LavaLotusSeed	Legendary	97.54522003299445
ODDS	111	4	Pack06	2	ObsidianMawSeed	Secret	2.4283897687900939
ODDS	111	4	Pack06	2	SupernovaBloomSeed	Cosmic	0.026390158215457885
ODDS	111	4	Pack06	2	EmberEmperorSeed	King	4.0000000000000001e-08
ODDS	81	4	Pack06	2	FirePepperSeed	Rare	0
ODDS	81	4	Pack06	2	EmberBloomSeed	Rare	0
ODDS	81	4	Pack06	2	AshRoseSeed	Rare	0
ODDS	81	4	Pack06	2	LavaLotusSeed	Legendary	20
ODDS	81	4	Pack06	2	ObsidianMawSeed	Secret	67
ODDS	81	4	Pack06	2	SupernovaBloomSeed	Cosmic	10
ODDS	81	4	Pack06	2	EmberEmperorSeed	King	3
ODDS	111	4	Pack06	5	FirePepperSeed	Rare	0
ODDS	111	4	Pack06	5	EmberBloomSeed	Rare	0
ODDS	111	4	Pack06	5	AshRoseSeed	Rare	0
ODDS	111	4	Pack06	5	LavaLotusSeed	Legendary	96.823286159084176
ODDS	111	4	Pack06	5	ObsidianMawSeed	Secret	3.1386406621415022
ODDS	111	4	Pack06	5	SupernovaBloomSeed	Cosmic	0.038073078774317572
ODDS	111	4	Pack06	5	EmberEmperorSeed	King	1.0000000000000001e-07
ODDS	81	4	Pack06	5	FirePepperSeed	Rare	0
ODDS	81	4	Pack06	5	EmberBloomSeed	Rare	0
ODDS	81	4	Pack06	5	AshRoseSeed	Rare	0
ODDS	81	4	Pack06	5	LavaLotusSeed	Legendary	18.942731277533039
ODDS	81	4	Pack06	5	ObsidianMawSeed	Secret	67.885462555066084
ODDS	81	4	Pack06	5	SupernovaBloomSeed	Cosmic	10.13215859030837
ODDS	81	4	Pack06	5	EmberEmperorSeed	King	3.0396475770925111
ODDS	111	4	Pack06	10	FirePepperSeed	Rare	0
ODDS	111	4	Pack06	10	EmberBloomSeed	Rare	0
ODDS	111	4	Pack06	10	AshRoseSeed	Rare	0
ODDS	111	4	Pack06	10	LavaLotusSeed	Legendary	96.138840635443316
ODDS	111	4	Pack06	10	ObsidianMawSeed	Secret	3.8109214359264945
ODDS	111	4	Pack06	10	SupernovaBloomSeed	Cosmic	0.050237728630191603
ODDS	111	4	Pack06	10	EmberEmperorSeed	King	2.0000000000000002e-07
ODDS	81	4	Pack06	10	FirePepperSeed	Rare	0
ODDS	81	4	Pack06	10	EmberBloomSeed	Rare	0
ODDS	81	4	Pack06	10	AshRoseSeed	Rare	0
ODDS	81	4	Pack06	10	LavaLotusSeed	Legendary	18.942731277533039
ODDS	81	4	Pack06	10	ObsidianMawSeed	Secret	67.885462555066084
ODDS	81	4	Pack06	10	SupernovaBloomSeed	Cosmic	10.13215859030837
ODDS	81	4	Pack06	10	EmberEmperorSeed	King	3.0396475770925111
ODDS	111	4	Pack06	50	FirePepperSeed	Rare	0
ODDS	111	4	Pack06	50	EmberBloomSeed	Rare	0
ODDS	111	4	Pack06	50	AshRoseSeed	Rare	0
ODDS	111	4	Pack06	50	LavaLotusSeed	Legendary	93.923807260508212
ODDS	111	4	Pack06	50	ObsidianMawSeed	Secret	5.9805564895127885
ODDS	111	4	Pack06	50	SupernovaBloomSeed	Cosmic	0.095635249979003717
ODDS	111	4	Pack06	50	EmberEmperorSeed	King	9.9999999999999995e-07
ODDS	81	4	Pack06	50	FirePepperSeed	Rare	0
ODDS	81	4	Pack06	50	EmberBloomSeed	Rare	0
ODDS	81	4	Pack06	50	AshRoseSeed	Rare	0
ODDS	81	4	Pack06	50	LavaLotusSeed	Legendary	18.110236220472437
ODDS	81	4	Pack06	50	ObsidianMawSeed	Secret	68.582677165354326
ODDS	81	4	Pack06	50	SupernovaBloomSeed	Cosmic	10.236220472440944
ODDS	81	4	Pack06	50	EmberEmperorSeed	King	3.0708661417322838
ODDS	111	4	Pack06	300	FirePepperSeed	Rare	0
ODDS	111	4	Pack06	300	EmberBloomSeed	Rare	0
ODDS	111	4	Pack06	300	AshRoseSeed	Rare	0
ODDS	111	4	Pack06	300	LavaLotusSeed	Legendary	89.927189498657938
ODDS	111	4	Pack06	300	ObsidianMawSeed	Secret	9.8769748288698533
ODDS	111	4	Pack06	300	SupernovaBloomSeed	Cosmic	0.19582967247219538
ODDS	111	4	Pack06	300	EmberEmperorSeed	King	6.000000000000001e-06
ODDS	81	4	Pack06	300	FirePepperSeed	Rare	0
ODDS	81	4	Pack06	300	EmberBloomSeed	Rare	0
ODDS	81	4	Pack06	300	AshRoseSeed	Rare	0
ODDS	81	4	Pack06	300	LavaLotusSeed	Legendary	18.110236220472437
ODDS	81	4	Pack06	300	ObsidianMawSeed	Secret	68.582677165354326
ODDS	81	4	Pack06	300	SupernovaBloomSeed	Cosmic	10.236220472440944
ODDS	81	4	Pack06	300	EmberEmperorSeed	King	3.0708661417322838
ODDS	111	4	Pack06	2000	FirePepperSeed	Rare	0
ODDS	111	4	Pack06	2000	EmberBloomSeed	Rare	0
ODDS	111	4	Pack06	2000	AshRoseSeed	Rare	0
ODDS	111	4	Pack06	2000	LavaLotusSeed	Legendary	82.781351663846863
ODDS	111	4	Pack06	2000	ObsidianMawSeed	Secret	16.800352515116625
ODDS	111	4	Pack06	2000	SupernovaBloomSeed	Cosmic	0.41825582103650938
ODDS	111	4	Pack06	2000	EmberEmperorSeed	King	4.0000000000000003e-05
ODDS	81	4	Pack06	2000	FirePepperSeed	Rare	0
ODDS	81	4	Pack06	2000	EmberBloomSeed	Rare	0
ODDS	81	4	Pack06	2000	AshRoseSeed	Rare	0
ODDS	81	4	Pack06	2000	LavaLotusSeed	Legendary	17.241379310344829
ODDS	81	4	Pack06	2000	ObsidianMawSeed	Secret	69.310344827586206
ODDS	81	4	Pack06	2000	SupernovaBloomSeed	Cosmic	10.344827586206897
ODDS	81	4	Pack06	2000	EmberEmperorSeed	King	3.103448275862069
ODDS	111	4	Pack06	10000	FirePepperSeed	Rare	0
ODDS	111	4	Pack06	10000	EmberBloomSeed	Rare	0
ODDS	111	4	Pack06	10000	AshRoseSeed	Rare	0
ODDS	111	4	Pack06	10000	LavaLotusSeed	Legendary	74.203585658893005
ODDS	111	4	Pack06	10000	ObsidianMawSeed	Secret	25
ODDS	111	4	Pack06	10000	SupernovaBloomSeed	Cosmic	0.79621434110699463
ODDS	111	4	Pack06	10000	EmberEmperorSeed	King	0.00019999999999999998
ODDS	81	4	Pack06	10000	FirePepperSeed	Rare	0
ODDS	81	4	Pack06	10000	EmberBloomSeed	Rare	0
ODDS	81	4	Pack06	10000	AshRoseSeed	Rare	0
ODDS	81	4	Pack06	10000	LavaLotusSeed	Legendary	17.241379310344829
ODDS	81	4	Pack06	10000	ObsidianMawSeed	Secret	69.310344827586206
ODDS	81	4	Pack06	10000	SupernovaBloomSeed	Cosmic	10.344827586206897
ODDS	81	4	Pack06	10000	EmberEmperorSeed	King	3.103448275862069
ODDS	111	4	Pack06	100000	FirePepperSeed	Rare	0
ODDS	111	4	Pack06	100000	EmberBloomSeed	Rare	0
ODDS	111	4	Pack06	100000	AshRoseSeed	Rare	0
ODDS	111	4	Pack06	100000	LavaLotusSeed	Legendary	72.998000000000005
ODDS	111	4	Pack06	100000	ObsidianMawSeed	Secret	25
ODDS	111	4	Pack06	100000	SupernovaBloomSeed	Cosmic	2.0000000000000009
ODDS	111	4	Pack06	100000	EmberEmperorSeed	King	0.002
ODDS	81	4	Pack06	100000	FirePepperSeed	Rare	0
ODDS	81	4	Pack06	100000	EmberBloomSeed	Rare	0
ODDS	81	4	Pack06	100000	AshRoseSeed	Rare	0
ODDS	81	4	Pack06	100000	LavaLotusSeed	Legendary	16.417910447761194
ODDS	81	4	Pack06	100000	ObsidianMawSeed	Secret	70
ODDS	81	4	Pack06	100000	SupernovaBloomSeed	Cosmic	10.447761194029852
ODDS	81	4	Pack06	100000	EmberEmperorSeed	King	3.1343283582089554
ODDS	111	4	Pack06	1000000	FirePepperSeed	Rare	0
ODDS	111	4	Pack06	1000000	EmberBloomSeed	Rare	0
ODDS	111	4	Pack06	1000000	AshRoseSeed	Rare	0
ODDS	111	4	Pack06	1000000	LavaLotusSeed	Legendary	69.980000000000004
ODDS	111	4	Pack06	1000000	ObsidianMawSeed	Secret	25
ODDS	111	4	Pack06	1000000	SupernovaBloomSeed	Cosmic	5
ODDS	111	4	Pack06	1000000	EmberEmperorSeed	King	0.02
ODDS	81	4	Pack06	1000000	FirePepperSeed	Rare	0
ODDS	81	4	Pack06	1000000	EmberBloomSeed	Rare	0
ODDS	81	4	Pack06	1000000	AshRoseSeed	Rare	0
ODDS	81	4	Pack06	1000000	LavaLotusSeed	Legendary	16.417910447761194
ODDS	81	4	Pack06	1000000	ObsidianMawSeed	Secret	70
ODDS	81	4	Pack06	1000000	SupernovaBloomSeed	Cosmic	10.447761194029852
ODDS	81	4	Pack06	1000000	EmberEmperorSeed	King	3.1343283582089554
ODDS	111	4	Pack06	5000000	FirePepperSeed	Rare	0
ODDS	111	4	Pack06	5000000	EmberBloomSeed	Rare	0
ODDS	111	4	Pack06	5000000	AshRoseSeed	Rare	0
ODDS	111	4	Pack06	5000000	LavaLotusSeed	Legendary	69.900000000000006
ODDS	111	4	Pack06	5000000	ObsidianMawSeed	Secret	25
ODDS	111	4	Pack06	5000000	SupernovaBloomSeed	Cosmic	5
ODDS	111	4	Pack06	5000000	EmberEmperorSeed	King	0.10000000000000001
ODDS	81	4	Pack06	5000000	FirePepperSeed	Rare	0
ODDS	81	4	Pack06	5000000	EmberBloomSeed	Rare	0
ODDS	81	4	Pack06	5000000	AshRoseSeed	Rare	0
ODDS	81	4	Pack06	5000000	LavaLotusSeed	Legendary	15.789473684210526
ODDS	81	4	Pack06	5000000	ObsidianMawSeed	Secret	70.526315789473685
ODDS	81	4	Pack06	5000000	SupernovaBloomSeed	Cosmic	10.526315789473685
ODDS	81	4	Pack06	5000000	EmberEmperorSeed	King	3.1578947368421053
ODDS	111	4	Pack06	10000000	FirePepperSeed	Rare	0
ODDS	111	4	Pack06	10000000	EmberBloomSeed	Rare	0
ODDS	111	4	Pack06	10000000	AshRoseSeed	Rare	0
ODDS	111	4	Pack06	10000000	LavaLotusSeed	Legendary	69.900000000000006
ODDS	111	4	Pack06	10000000	ObsidianMawSeed	Secret	25
ODDS	111	4	Pack06	10000000	SupernovaBloomSeed	Cosmic	5
ODDS	111	4	Pack06	10000000	EmberEmperorSeed	King	0.10000000000000001
ODDS	81	4	Pack06	10000000	FirePepperSeed	Rare	0
ODDS	81	4	Pack06	10000000	EmberBloomSeed	Rare	0
ODDS	81	4	Pack06	10000000	AshRoseSeed	Rare	0
ODDS	81	4	Pack06	10000000	LavaLotusSeed	Legendary	15.789473684210526
ODDS	81	4	Pack06	10000000	ObsidianMawSeed	Secret	70.526315789473685
ODDS	81	4	Pack06	10000000	SupernovaBloomSeed	Cosmic	10.526315789473685
ODDS	81	4	Pack06	10000000	EmberEmperorSeed	King	3.1578947368421053
ODDS	111	5	Pack01	1	AmethystSeed	Rare	32.052188888855554
ODDS	111	5	Pack01	1	PrismOrchidSeed	Rare	32.052188888855554
ODDS	111	5	Pack01	1	MoonflowerSeed	Rare	32.052188888855554
ODDS	111	5	Pack01	1	DiamondVineSeed	Mythic	3.833333333333333
ODDS	111	5	Pack01	1	HollowGeodeSeed	Secret	0.01
ODDS	111	5	Pack01	1	OrbitLotusSeed	Cosmic	9.9999999999999991e-05
ODDS	111	5	Pack01	1	PrismMonarchSeed	King	1e-10
ODDS	81	5	Pack01	1	AmethystSeed	Rare	31.333333333333329
ODDS	81	5	Pack01	1	PrismOrchidSeed	Rare	31.333333333333329
ODDS	81	5	Pack01	1	MoonflowerSeed	Rare	31.333333333333329
ODDS	81	5	Pack01	1	DiamondVineSeed	Mythic	5.2999999999999998
ODDS	81	5	Pack01	1	HollowGeodeSeed	Secret	0.5
ODDS	81	5	Pack01	1	OrbitLotusSeed	Cosmic	0.14999999999999999
ODDS	81	5	Pack01	1	PrismMonarchSeed	King	0.050000000000000003
ODDS	111	5	Pack01	1.5	AmethystSeed	Rare	32.003979175917827
ODDS	111	5	Pack01	1.5	PrismOrchidSeed	Rare	32.003979175917827
ODDS	111	5	Pack01	1.5	MoonflowerSeed	Rare	32.003979175917827
ODDS	111	5	Pack01	1.5	DiamondVineSeed	Mythic	3.9767426066631946
ODDS	111	5	Pack01	1.5	HollowGeodeSeed	Secret	0.011202257531078135
ODDS	111	5	Pack01	1.5	OrbitLotusSeed	Cosmic	0.00011760790225246736
ODDS	111	5	Pack01	1.5	PrismMonarchSeed	King	1.5e-10
ODDS	81	5	Pack01	1.5	AmethystSeed	Rare	31.333333333333329
ODDS	81	5	Pack01	1.5	PrismOrchidSeed	Rare	31.333333333333329
ODDS	81	5	Pack01	1.5	MoonflowerSeed	Rare	31.333333333333329
ODDS	81	5	Pack01	1.5	DiamondVineSeed	Mythic	5.2999999999999998
ODDS	81	5	Pack01	1.5	HollowGeodeSeed	Secret	0.5
ODDS	81	5	Pack01	1.5	OrbitLotusSeed	Cosmic	0.14999999999999999
ODDS	81	5	Pack01	1.5	PrismMonarchSeed	King	0.050000000000000003
ODDS	111	5	Pack01	2	AmethystSeed	Rare	31.968563020863645
ODDS	111	5	Pack01	2	PrismOrchidSeed	Rare	31.968563020863645
ODDS	111	5	Pack01	2	MoonflowerSeed	Rare	31.968563020863645
ODDS	111	5	Pack01	2	DiamondVineSeed	Mythic	4.0820370375740449
ODDS	111	5	Pack01	2	HollowGeodeSeed	Secret	0.01214194884395047
ODDS	111	5	Pack01	2	OrbitLotusSeed	Cosmic	0.00013195079107728943
ODDS	111	5	Pack01	2	PrismMonarchSeed	King	2.0000000000000001e-10
ODDS	81	5	Pack01	2	AmethystSeed	Rare	31.333333333333329
ODDS	81	5	Pack01	2	PrismOrchidSeed	Rare	31.333333333333329
ODDS	81	5	Pack01	2	MoonflowerSeed	Rare	31.333333333333329
ODDS	81	5	Pack01	2	DiamondVineSeed	Mythic	5.2999999999999998
ODDS	81	5	Pack01	2	HollowGeodeSeed	Secret	0.5
ODDS	81	5	Pack01	2	OrbitLotusSeed	Cosmic	0.14999999999999999
ODDS	81	5	Pack01	2	PrismMonarchSeed	King	0.050000000000000003
ODDS	111	5	Pack01	5	AmethystSeed	Rare	31.848630824980557
ODDS	111	5	Pack01	5	PrismOrchidSeed	Rare	31.848630824980557
ODDS	111	5	Pack01	5	MoonflowerSeed	Rare	31.848630824980557
ODDS	111	5	Pack01	5	DiamondVineSeed	Mythic	4.4382239558537551
ODDS	111	5	Pack01	5	HollowGeodeSeed	Secret	0.015693203310707511
ODDS	111	5	Pack01	5	OrbitLotusSeed	Cosmic	0.00019036539387158784
ODDS	111	5	Pack01	5	PrismMonarchSeed	King	4.9999999999999993e-10
ODDS	81	5	Pack01	5	AmethystSeed	Rare	31.176670563750481
ODDS	81	5	Pack01	5	PrismOrchidSeed	Rare	31.176670563750481
ODDS	81	5	Pack01	5	MoonflowerSeed	Rare	31.176670563750481
ODDS	81	5	Pack01	5	DiamondVineSeed	Mythic	5.6690132086266507
ODDS	81	5	Pack01	5	HollowGeodeSeed	Secret	0.57212507151563385
ODDS	81	5	Pack01	5	OrbitLotusSeed	Cosmic	0.17163752145469016
ODDS	81	5	Pack01	5	PrismMonarchSeed	King	0.05721250715156339
ODDS	111	5	Pack01	10	AmethystSeed	Rare	31.750142067470961
ODDS	111	5	Pack01	10	PrismOrchidSeed	Rare	31.750142067470961
ODDS	111	5	Pack01	10	MoonflowerSeed	Rare	31.750142067470961
ODDS	111	5	Pack01	10	DiamondVineSeed	Mythic	4.7302680007643403
ODDS	111	5	Pack01	10	HollowGeodeSeed	Secret	0.019054607179632473
ODDS	111	5	Pack01	10	OrbitLotusSeed	Cosmic	0.00025118864315095801
ODDS	111	5	Pack01	10	PrismMonarchSeed	King	9.9999999999999986e-10
ODDS	81	5	Pack01	10	AmethystSeed	Rare	31.176670563750481
ODDS	81	5	Pack01	10	PrismOrchidSeed	Rare	31.176670563750481
ODDS	81	5	Pack01	10	MoonflowerSeed	Rare	31.176670563750481
ODDS	81	5	Pack01	10	DiamondVineSeed	Mythic	5.6690132086266507
ODDS	81	5	Pack01	10	HollowGeodeSeed	Secret	0.57212507151563385
ODDS	81	5	Pack01	10	OrbitLotusSeed	Cosmic	0.17163752145469016
ODDS	81	5	Pack01	10	PrismMonarchSeed	King	0.05721250715156339
ODDS	111	5	Pack01	50	AmethystSeed	Rare	31.492133889154676
ODDS	111	5	Pack01	50	PrismOrchidSeed	Rare	31.492133889154676
ODDS	111	5	Pack01	50	MoonflowerSeed	Rare	31.492133889154676
ODDS	111	5	Pack01	50	DiamondVineSeed	Mythic	5.4932173688385113
ODDS	111	5	Pack01	50	HollowGeodeSeed	Secret	0.029902782447563944
ODDS	111	5	Pack01	50	OrbitLotusSeed	Cosmic	0.00047817624989501855
ODDS	111	5	Pack01	50	PrismMonarchSeed	King	5.0000000000000001e-09
ODDS	81	5	Pack01	50	AmethystSeed	Rare	31.021566589112748
ODDS	81	5	Pack01	50	PrismOrchidSeed	Rare	31.021566589112748
ODDS	81	5	Pack01	50	MoonflowerSeed	Rare	31.021566589112748
ODDS	81	5	Pack01	50	DiamondVineSeed	Mythic	6.0343547349141131
ODDS	81	5	Pack01	50	HollowGeodeSeed	Secret	0.64353249839116877
ODDS	81	5	Pack01	50	OrbitLotusSeed	Cosmic	0.19305974951735064
ODDS	81	5	Pack01	50	PrismMonarchSeed	King	0.064353249839116874
ODDS	111	5	Pack01	300	AmethystSeed	Rare	31.14782497271008
ODDS	111	5	Pack01	300	PrismOrchidSeed	Rare	31.14782497271008
ODDS	111	5	Pack01	300	MoonflowerSeed	Rare	31.14782497271008
ODDS	111	5	Pack01	300	DiamondVineSeed	Mythic	6.5061610293630485
ODDS	111	5	Pack01	300	HollowGeodeSeed	Secret	0.049384874144349271
ODDS	111	5	Pack01	300	OrbitLotusSeed	Cosmic	0.00097914836236097694
ODDS	111	5	Pack01	300	PrismMonarchSeed	King	2.9999999999999997e-08
ODDS	81	5	Pack01	300	AmethystSeed	Rare	31.021566589112748
ODDS	81	5	Pack01	300	PrismOrchidSeed	Rare	31.021566589112748
ODDS	81	5	Pack01	300	MoonflowerSeed	Rare	31.021566589112748
ODDS	81	5	Pack01	300	DiamondVineSeed	Mythic	6.0343547349141131
ODDS	81	5	Pack01	300	HollowGeodeSeed	Secret	0.64353249839116877
ODDS	81	5	Pack01	300	OrbitLotusSeed	Cosmic	0.19305974951735064
ODDS	81	5	Pack01	300	PrismMonarchSeed	King	0.064353249839116874
ODDS	111	5	Pack01	2000	AmethystSeed	Rare	30.701291353760585
ODDS	111	5	Pack01	2000	PrismOrchidSeed	Rare	30.701291353760585
ODDS	111	5	Pack01	2000	MoonflowerSeed	Rare	30.701291353760585
ODDS	111	5	Pack01	2000	DiamondVineSeed	Mythic	7.8100326970374816
ODDS	111	5	Pack01	2000	HollowGeodeSeed	Secret	0.08400176257558313
ODDS	111	5	Pack01	2000	OrbitLotusSeed	Cosmic	0.0020912791051825468
ODDS	111	5	Pack01	2000	PrismMonarchSeed	King	2.0000000000000002e-07
ODDS	81	5	Pack01	2000	AmethystSeed	Rare	30.817146135562655
ODDS	81	5	Pack01	2000	PrismOrchidSeed	Rare	30.817146135562655
ODDS	81	5	Pack01	2000	MoonflowerSeed	Rare	30.817146135562655
ODDS	81	5	Pack01	2000	DiamondVineSeed	Mythic	6.5158593557905089
ODDS	81	5	Pack01	2000	HollowGeodeSeed	Secret	0.73764445537251044
ODDS	81	5	Pack01	2000	OrbitLotusSeed	Cosmic	0.2212933366117531
ODDS	81	5	Pack01	2000	PrismMonarchSeed	King	0.073764445537251061
ODDS	111	5	Pack01	10000	AmethystSeed	Rare	30.239097552352618
ODDS	111	5	Pack01	10000	PrismOrchidSeed	Rare	30.239097552352618
ODDS	111	5	Pack01	10000	MoonflowerSeed	Rare	30.239097552352618
ODDS	111	5	Pack01	10000	DiamondVineSeed	Mythic	9.1468995973809619
ODDS	111	5	Pack01	10000	HollowGeodeSeed	Secret	0.13182567385564076
ODDS	111	5	Pack01	10000	OrbitLotusSeed	Cosmic	0.0039810717055349734
ODDS	111	5	Pack01	10000	PrismMonarchSeed	King	9.9999999999999995e-07
ODDS	81	5	Pack01	10000	AmethystSeed	Rare	30.817146135562655
ODDS	81	5	Pack01	10000	PrismOrchidSeed	Rare	30.817146135562655
ODDS	81	5	Pack01	10000	MoonflowerSeed	Rare	30.817146135562655
ODDS	81	5	Pack01	10000	DiamondVineSeed	Mythic	6.5158593557905089
ODDS	81	5	Pack01	10000	HollowGeodeSeed	Secret	0.73764445537251044
ODDS	81	5	Pack01	10000	OrbitLotusSeed	Cosmic	0.2212933366117531
ODDS	81	5	Pack01	10000	PrismMonarchSeed	King	0.073764445537251061
ODDS	111	5	Pack01	100000	AmethystSeed	Rare	29.403686620916492
ODDS	111	5	Pack01	100000	PrismOrchidSeed	Rare	29.403686620916492
ODDS	111	5	Pack01	100000	MoonflowerSeed	Rare	29.403686620916492
ODDS	111	5	Pack01	100000	DiamondVineSeed	Mythic	11.527741494099567
ODDS	111	5	Pack01	100000	HollowGeodeSeed	Secret	0.25118864315095812
ODDS	111	5	Pack01	100000	OrbitLotusSeed	Cosmic	0.010000000000000002
ODDS	111	5	Pack01	100000	PrismMonarchSeed	King	9.9999999999999991e-06
ODDS	81	5	Pack01	100000	AmethystSeed	Rare	30.565378205909845
ODDS	81	5	Pack01	100000	PrismOrchidSeed	Rare	30.565378205909845
ODDS	81	5	Pack01	100000	MoonflowerSeed	Rare	30.565378205909845
ODDS	81	5	Pack01	100000	DiamondVineSeed	Mythic	7.1088891598585535
ODDS	81	5	Pack01	100000	HollowGeodeSeed	Secret	0.85355444457992924
ODDS	81	5	Pack01	100000	OrbitLotusSeed	Cosmic	0.25606633337397877
ODDS	81	5	Pack01	100000	PrismMonarchSeed	King	0.085355444457992924
ODDS	111	5	Pack01	1000000	AmethystSeed	Rare	28.289863703969775
ODDS	111	5	Pack01	1000000	PrismOrchidSeed	Rare	28.289863703969775
ODDS	111	5	Pack01	1000000	MoonflowerSeed	Rare	28.289863703969775
ODDS	111	5	Pack01	1000000	DiamondVineSeed	Mythic	14.626559931452936
ODDS	111	5	Pack01	1000000	HollowGeodeSeed	Secret	0.47863009232263853
ODDS	111	5	Pack01	1000000	OrbitLotusSeed	Cosmic	0.025118864315095805
ODDS	111	5	Pack01	1000000	PrismMonarchSeed	King	9.9999999999999991e-05
ODDS	81	5	Pack01	1000000	AmethystSeed	Rare	30.565378205909845
ODDS	81	5	Pack01	1000000	PrismOrchidSeed	Rare	30.565378205909845
ODDS	81	5	Pack01	1000000	MoonflowerSeed	Rare	30.565378205909845
ODDS	81	5	Pack01	1000000	DiamondVineSeed	Mythic	7.1088891598585535
ODDS	81	5	Pack01	1000000	HollowGeodeSeed	Secret	0.85355444457992924
ODDS	81	5	Pack01	1000000	OrbitLotusSeed	Cosmic	0.25606633337397877
ODDS	81	5	Pack01	1000000	PrismMonarchSeed	King	0.085355444457992924
ODDS	111	5	Pack01	5000000	AmethystSeed	Rare	27.28381176099246
ODDS	111	5	Pack01	5000000	PrismOrchidSeed	Rare	27.28381176099246
ODDS	111	5	Pack01	5000000	MoonflowerSeed	Rare	27.28381176099246
ODDS	111	5	Pack01	5000000	DiamondVineSeed	Mythic	17.349123157088933
ODDS	111	5	Pack01	5000000	HollowGeodeSeed	Secret	0.75112393494418728
ODDS	111	5	Pack01	5000000	OrbitLotusSeed	Cosmic	0.047817624989501865
ODDS	111	5	Pack01	5000000	PrismMonarchSeed	King	0.00050000000000000001
ODDS	81	5	Pack01	5000000	AmethystSeed	Rare	30.317690695049183
ODDS	81	5	Pack01	5000000	PrismOrchidSeed	Rare	30.317690695049183
ODDS	81	5	Pack01	5000000	MoonflowerSeed	Rare	30.317690695049183
ODDS	81	5	Pack01	5000000	DiamondVineSeed	Mythic	7.6923076923076916
ODDS	81	5	Pack01	5000000	HollowGeodeSeed	Secret	0.96758587324625067
ODDS	81	5	Pack01	5000000	OrbitLotusSeed	Cosmic	0.29027576197387522
ODDS	81	5	Pack01	5000000	PrismMonarchSeed	King	0.09675858732462507
ODDS	111	5	Pack01	10000000	AmethystSeed	Rare	27.28381176099246
ODDS	111	5	Pack01	10000000	PrismOrchidSeed	Rare	27.28381176099246
ODDS	111	5	Pack01	10000000	MoonflowerSeed	Rare	27.28381176099246
ODDS	111	5	Pack01	10000000	DiamondVineSeed	Mythic	17.349123157088933
ODDS	111	5	Pack01	10000000	HollowGeodeSeed	Secret	0.75112393494418728
ODDS	111	5	Pack01	10000000	OrbitLotusSeed	Cosmic	0.047817624989501865
ODDS	111	5	Pack01	10000000	PrismMonarchSeed	King	0.00050000000000000001
ODDS	81	5	Pack01	10000000	AmethystSeed	Rare	30.317690695049183
ODDS	81	5	Pack01	10000000	PrismOrchidSeed	Rare	30.317690695049183
ODDS	81	5	Pack01	10000000	MoonflowerSeed	Rare	30.317690695049183
ODDS	81	5	Pack01	10000000	DiamondVineSeed	Mythic	7.6923076923076916
ODDS	81	5	Pack01	10000000	HollowGeodeSeed	Secret	0.96758587324625067
ODDS	81	5	Pack01	10000000	OrbitLotusSeed	Cosmic	0.29027576197387522
ODDS	81	5	Pack01	10000000	PrismMonarchSeed	King	0.09675858732462507
ODDS	111	5	Pack02	1	AmethystSeed	Rare	30.686027777694441
ODDS	111	5	Pack02	1	PrismOrchidSeed	Rare	30.686027777694441
ODDS	111	5	Pack02	1	MoonflowerSeed	Rare	30.686027777694441
ODDS	111	5	Pack02	1	DiamondVineSeed	Mythic	7.9166666666666661
ODDS	111	5	Pack02	1	HollowGeodeSeed	Secret	0.025000000000000001
ODDS	111	5	Pack02	1	OrbitLotusSeed	Cosmic	0.00025000000000000001
ODDS	111	5	Pack02	1	PrismMonarchSeed	King	2.4999999999999996e-10
ODDS	81	5	Pack02	1	AmethystSeed	Rare	29.333333333333329
ODDS	81	5	Pack02	1	PrismOrchidSeed	Rare	29.333333333333329
ODDS	81	5	Pack02	1	MoonflowerSeed	Rare	29.333333333333329
ODDS	81	5	Pack02	1	DiamondVineSeed	Mythic	10.5
ODDS	81	5	Pack02	1	HollowGeodeSeed	Secret	1
ODDS	81	5	Pack02	1	OrbitLotusSeed	Cosmic	0.40000000000000002
ODDS	81	5	Pack02	1	PrismMonarchSeed	King	0.10000000000000001
ODDS	111	5	Pack02	1.5	AmethystSeed	Rare	30.583819622898055
ODDS	111	5	Pack02	1.5	PrismOrchidSeed	Rare	30.583819622898055
ODDS	111	5	Pack02	1.5	MoonflowerSeed	Rare	30.583819622898055
ODDS	111	5	Pack02	1.5	DiamondVineSeed	Mythic	8.2202414673474991
ODDS	111	5	Pack02	1.5	HollowGeodeSeed	Secret	0.028005643827695336
ODDS	111	5	Pack02	1.5	OrbitLotusSeed	Cosmic	0.00029401975563116844
ODDS	111	5	Pack02	1.5	PrismMonarchSeed	King	3.75e-10
ODDS	81	5	Pack02	1.5	AmethystSeed	Rare	29.333333333333329
ODDS	81	5	Pack02	1.5	PrismOrchidSeed	Rare	29.333333333333329
ODDS	81	5	Pack02	1.5	MoonflowerSeed	Rare	29.333333333333329
ODDS	81	5	Pack02	1.5	DiamondVineSeed	Mythic	10.5
ODDS	81	5	Pack02	1.5	HollowGeodeSeed	Secret	1
ODDS	81	5	Pack02	1.5	OrbitLotusSeed	Cosmic	0.40000000000000002
ODDS	81	5	Pack02	1.5	PrismMonarchSeed	King	0.10000000000000001
ODDS	111	5	Pack02	2	AmethystSeed	Rare	30.508639796915425
ODDS	111	5	Pack02	2	PrismOrchidSeed	Rare	30.508639796915425
ODDS	111	5	Pack02	2	MoonflowerSeed	Rare	30.508639796915425
ODDS	111	5	Pack02	2	DiamondVineSeed	Mythic	8.4433958596661451
ODDS	111	5	Pack02	2	HollowGeodeSeed	Secret	0.030354872109876176
ODDS	111	5	Pack02	2	OrbitLotusSeed	Cosmic	0.00032987697769322358
ODDS	111	5	Pack02	2	PrismMonarchSeed	King	4.9999999999999993e-10
ODDS	81	5	Pack02	2	AmethystSeed	Rare	29.333333333333329
ODDS	81	5	Pack02	2	PrismOrchidSeed	Rare	29.333333333333329
ODDS	81	5	Pack02	2	MoonflowerSeed	Rare	29.333333333333329
ODDS	81	5	Pack02	2	DiamondVineSeed	Mythic	10.5
ODDS	81	5	Pack02	2	HollowGeodeSeed	Secret	1
ODDS	81	5	Pack02	2	OrbitLotusSeed	Cosmic	0.40000000000000002
ODDS	81	5	Pack02	2	PrismMonarchSeed	King	0.10000000000000001
ODDS	111	5	Pack02	5	AmethystSeed	Rare	30.253472318982517
ODDS	111	5	Pack02	5	PrismOrchidSeed	Rare	30.253472318982517
ODDS	111	5	Pack02	5	MoonflowerSeed	Rare	30.253472318982517
ODDS	111	5	Pack02	5	DiamondVineSeed	Mythic	9.1998741200410077
ODDS	111	5	Pack02	5	HollowGeodeSeed	Secret	0.039233008276768774
ODDS	111	5	Pack02	5	OrbitLotusSeed	Cosmic	0.00047591348467896966
ODDS	111	5	Pack02	5	PrismMonarchSeed	King	1.2499999999999998e-09
ODDS	81	5	Pack02	5	AmethystSeed	Rare	29.039310316379986
ODDS	81	5	Pack02	5	PrismOrchidSeed	Rare	29.039310316379986
ODDS	81	5	Pack02	5	MoonflowerSeed	Rare	29.039310316379986
ODDS	81	5	Pack02	5	DiamondVineSeed	Mythic	11.174359608959289
ODDS	81	5	Pack02	5	HollowGeodeSeed	Secret	1.1384729612671698
ODDS	81	5	Pack02	5	OrbitLotusSeed	Cosmic	0.45538918450686799
ODDS	81	5	Pack02	5	PrismMonarchSeed	King	0.113847296126717
ODDS	111	5	Pack02	10	AmethystSeed	Rare	30.04327985457596
ODDS	111	5	Pack02	10	PrismOrchidSeed	Rare	30.04327985457596
ODDS	111	5	Pack02	10	MoonflowerSeed	Rare	30.04327985457596
ODDS	111	5	Pack02	10	DiamondVineSeed	Mythic	9.8218959442151625
ODDS	111	5	Pack02	10	HollowGeodeSeed	Secret	0.047636517949081185
ODDS	111	5	Pack02	10	OrbitLotusSeed	Cosmic	0.00062797160787739508
ODDS	111	5	Pack02	10	PrismMonarchSeed	King	2.4999999999999996e-09
ODDS	81	5	Pack02	10	AmethystSeed	Rare	29.039310316379986
ODDS	81	5	Pack02	10	PrismOrchidSeed	Rare	29.039310316379986
ODDS	81	5	Pack02	10	MoonflowerSeed	Rare	29.039310316379986
ODDS	81	5	Pack02	10	DiamondVineSeed	Mythic	11.174359608959289
ODDS	81	5	Pack02	10	HollowGeodeSeed	Secret	1.1384729612671698
ODDS	81	5	Pack02	10	OrbitLotusSeed	Cosmic	0.45538918450686799
ODDS	81	5	Pack02	10	PrismMonarchSeed	King	0.113847296126717
ODDS	111	5	Pack02	50	AmethystSeed	Rare	29.490039916217508
ODDS	111	5	Pack02	50	PrismOrchidSeed	Rare	29.490039916217508
ODDS	111	5	Pack02	50	MoonflowerSeed	Rare	29.490039916217508
ODDS	111	5	Pack02	50	DiamondVineSeed	Mythic	11.453927842103816
ODDS	111	5	Pack02	50	HollowGeodeSeed	Secret	0.074756956118909854
ODDS	111	5	Pack02	50	OrbitLotusSeed	Cosmic	0.0011954406247375465
ODDS	111	5	Pack02	50	PrismMonarchSeed	King	1.2499999999999998e-08
ODDS	81	5	Pack02	50	AmethystSeed	Rare	28.751123090745732
ODDS	81	5	Pack02	50	PrismOrchidSeed	Rare	28.751123090745732
ODDS	81	5	Pack02	50	MoonflowerSeed	Rare	28.751123090745732
ODDS	81	5	Pack02	50	DiamondVineSeed	Mythic	11.835334476843911
ODDS	81	5	Pack02	50	HollowGeodeSeed	Secret	1.274197500612595
ODDS	81	5	Pack02	50	OrbitLotusSeed	Cosmic	0.50967900024503798
ODDS	81	5	Pack02	50	PrismMonarchSeed	King	0.1274197500612595
ODDS	111	5	Pack02	300	AmethystSeed	Rare	28.746355676810186
ODDS	111	5	Pack02	300	PrismOrchidSeed	Rare	28.746355676810186
ODDS	111	5	Pack02	300	MoonflowerSeed	Rare	28.746355676810186
ODDS	111	5	Pack02	300	DiamondVineSeed	Mythic	13.635022838302667
ODDS	111	5	Pack02	300	HollowGeodeSeed	Secret	0.12346218536087317
ODDS	111	5	Pack02	300	OrbitLotusSeed	Cosmic	0.0024478709059024425
ODDS	111	5	Pack02	300	PrismMonarchSeed	King	7.4999999999999997e-08
ODDS	81	5	Pack02	300	AmethystSeed	Rare	28.751123090745732
ODDS	81	5	Pack02	300	PrismOrchidSeed	Rare	28.751123090745732
ODDS	81	5	Pack02	300	MoonflowerSeed	Rare	28.751123090745732
ODDS	81	5	Pack02	300	DiamondVineSeed	Mythic	11.835334476843911
ODDS	81	5	Pack02	300	HollowGeodeSeed	Secret	1.274197500612595
ODDS	81	5	Pack02	300	OrbitLotusSeed	Cosmic	0.50967900024503798
ODDS	81	5	Pack02	300	PrismMonarchSeed	King	0.1274197500612595
ODDS	111	5	Pack02	2000	AmethystSeed	Rare	27.773721066007358
ODDS	111	5	Pack02	2000	PrismOrchidSeed	Rare	27.773721066007358
ODDS	111	5	Pack02	2000	MoonflowerSeed	Rare	27.773721066007358
ODDS	111	5	Pack02	2000	DiamondVineSeed	Mythic	16.463603697776026
ODDS	111	5	Pack02	2000	HollowGeodeSeed	Secret	0.21000440643895779
ODDS	111	5	Pack02	2000	OrbitLotusSeed	Cosmic	0.0052281977629563678
ODDS	111	5	Pack02	2000	PrismMonarchSeed	King	4.9999999999999998e-07
ODDS	81	5	Pack02	2000	AmethystSeed	Rare	28.375654977831516
ODDS	81	5	Pack02	2000	PrismOrchidSeed	Rare	28.375654977831516
ODDS	81	5	Pack02	2000	MoonflowerSeed	Rare	28.375654977831516
ODDS	81	5	Pack02	2000	DiamondVineSeed	Mythic	12.696493349455865
ODDS	81	5	Pack02	2000	HollowGeodeSeed	Secret	1.4510278113663846
ODDS	81	5	Pack02	2000	OrbitLotusSeed	Cosmic	0.58041112454655386
ODDS	81	5	Pack02	2000	PrismMonarchSeed	King	0.14510278113663846
ODDS	111	5	Pack02	10000	AmethystSeed	Rare	26.758463953578236
ODDS	111	5	Pack02	10000	PrismOrchidSeed	Rare	26.758463953578236
ODDS	111	5	Pack02	10000	MoonflowerSeed	Rare	26.758463953578236
ODDS	111	5	Pack02	10000	DiamondVineSeed	Mythic	19.385088775362341
ODDS	111	5	Pack02	10000	HollowGeodeSeed	Secret	0.32956418463910186
ODDS	111	5	Pack02	10000	OrbitLotusSeed	Cosmic	0.0099526792638374335
ODDS	111	5	Pack02	10000	PrismMonarchSeed	King	2.4999999999999998e-06
ODDS	81	5	Pack02	10000	AmethystSeed	Rare	28.375654977831516
ODDS	81	5	Pack02	10000	PrismOrchidSeed	Rare	28.375654977831516
ODDS	81	5	Pack02	10000	MoonflowerSeed	Rare	28.375654977831516
ODDS	81	5	Pack02	10000	DiamondVineSeed	Mythic	12.696493349455865
ODDS	81	5	Pack02	10000	HollowGeodeSeed	Secret	1.4510278113663846
ODDS	81	5	Pack02	10000	OrbitLotusSeed	Cosmic	0.58041112454655386
ODDS	81	5	Pack02	10000	PrismMonarchSeed	King	0.14510278113663846
ODDS	111	5	Pack02	100000	AmethystSeed	Rare	24.904709014240996
ODDS	111	5	Pack02	100000	PrismOrchidSeed	Rare	24.904709014240996
ODDS	111	5	Pack02	100000	MoonflowerSeed	Rare	24.904709014240996
ODDS	111	5	Pack02	100000	DiamondVineSeed	Mythic	24.632876349399616
ODDS	111	5	Pack02	100000	HollowGeodeSeed	Secret	0.62797160787739525
ODDS	111	5	Pack02	100000	OrbitLotusSeed	Cosmic	0.025000000000000012
ODDS	111	5	Pack02	100000	PrismMonarchSeed	King	2.4999999999999998e-05
ODDS	81	5	Pack02	100000	AmethystSeed	Rare	27.919888954987108
ODDS	81	5	Pack02	100000	PrismOrchidSeed	Rare	27.919888954987108
ODDS	81	5	Pack02	100000	MoonflowerSeed	Rare	27.919888954987108
ODDS	81	5	Pack02	100000	DiamondVineSeed	Mythic	13.741820345032719
ODDS	81	5	Pack02	100000	HollowGeodeSeed	Secret	1.6656751933372993
ODDS	81	5	Pack02	100000	OrbitLotusSeed	Cosmic	0.66627007733491972
ODDS	81	5	Pack02	100000	PrismMonarchSeed	King	0.16656751933372993
ODDS	111	5	Pack02	1000000	AmethystSeed	Rare	22.402410215703338
ODDS	111	5	Pack02	1000000	PrismOrchidSeed	Rare	22.402410215703338
ODDS	111	5	Pack02	1000000	MoonflowerSeed	Rare	22.402410215703338
ODDS	111	5	Pack02	1000000	DiamondVineSeed	Mythic	31.533146961295643
ODDS	111	5	Pack02	1000000	HollowGeodeSeed	Secret	1.1965752308065962
ODDS	111	5	Pack02	1000000	OrbitLotusSeed	Cosmic	0.062797160787739531
ODDS	111	5	Pack02	1000000	PrismMonarchSeed	King	0.00025000000000000001
ODDS	81	5	Pack02	1000000	AmethystSeed	Rare	27.919888954987108
ODDS	81	5	Pack02	1000000	PrismOrchidSeed	Rare	27.919888954987108
ODDS	81	5	Pack02	1000000	MoonflowerSeed	Rare	27.919888954987108
ODDS	81	5	Pack02	1000000	DiamondVineSeed	Mythic	13.741820345032719
ODDS	81	5	Pack02	1000000	HollowGeodeSeed	Secret	1.6656751933372993
ODDS	81	5	Pack02	1000000	OrbitLotusSeed	Cosmic	0.66627007733491972
ODDS	81	5	Pack02	1000000	PrismMonarchSeed	King	0.16656751933372993
ODDS	111	5	Pack02	5000000	AmethystSeed	Rare	20.1178225695562
ODDS	111	5	Pack02	5000000	PrismOrchidSeed	Rare	20.1178225695562
ODDS	111	5	Pack02	5000000	MoonflowerSeed	Rare	20.1178225695562
ODDS	111	5	Pack02	5000000	DiamondVineSeed	Mythic	37.647928391497182
ODDS	111	5	Pack02	5000000	HollowGeodeSeed	Secret	1.8778098373604681
ODDS	111	5	Pack02	5000000	OrbitLotusSeed	Cosmic	0.11954406247375467
ODDS	111	5	Pack02	5000000	PrismMonarchSeed	King	0.0012499999999999998
ODDS	81	5	Pack02	5000000	AmethystSeed	Rare	27.478532396565182
ODDS	81	5	Pack02	5000000	PrismOrchidSeed	Rare	27.478532396565182
ODDS	81	5	Pack02	5000000	MoonflowerSeed	Rare	27.478532396565182
ODDS	81	5	Pack02	5000000	DiamondVineSeed	Mythic	14.754098360655737
ODDS	81	5	Pack02	5000000	HollowGeodeSeed	Secret	1.873536299765808
ODDS	81	5	Pack02	5000000	OrbitLotusSeed	Cosmic	0.74941451990632324
ODDS	81	5	Pack02	5000000	PrismMonarchSeed	King	0.18735362997658081
ODDS	111	5	Pack02	10000000	AmethystSeed	Rare	20.1178225695562
ODDS	111	5	Pack02	10000000	PrismOrchidSeed	Rare	20.1178225695562
ODDS	111	5	Pack02	10000000	MoonflowerSeed	Rare	20.1178225695562
ODDS	111	5	Pack02	10000000	DiamondVineSeed	Mythic	37.647928391497182
ODDS	111	5	Pack02	10000000	HollowGeodeSeed	Secret	1.8778098373604681
ODDS	111	5	Pack02	10000000	OrbitLotusSeed	Cosmic	0.11954406247375467
ODDS	111	5	Pack02	10000000	PrismMonarchSeed	King	0.0012499999999999998
ODDS	81	5	Pack02	10000000	AmethystSeed	Rare	27.478532396565182
ODDS	81	5	Pack02	10000000	PrismOrchidSeed	Rare	27.478532396565182
ODDS	81	5	Pack02	10000000	MoonflowerSeed	Rare	27.478532396565182
ODDS	81	5	Pack02	10000000	DiamondVineSeed	Mythic	14.754098360655737
ODDS	81	5	Pack02	10000000	HollowGeodeSeed	Secret	1.873536299765808
ODDS	81	5	Pack02	10000000	OrbitLotusSeed	Cosmic	0.74941451990632324
ODDS	81	5	Pack02	10000000	PrismMonarchSeed	King	0.18735362997658081
ODDS	111	5	Pack03	1	AmethystSeed	Rare	27.44011746011746
ODDS	111	5	Pack03	1	PrismOrchidSeed	Rare	27.44011746011746
ODDS	111	5	Pack03	1	MoonflowerSeed	Rare	27.44011746011746
ODDS	111	5	Pack03	1	DiamondVineSeed	Mythic	17.619047619047617
ODDS	111	5	Pack03	1	HollowGeodeSeed	Secret	0.059999999999999998
ODDS	111	5	Pack03	1	OrbitLotusSeed	Cosmic	0.00060000000000000006
ODDS	111	5	Pack03	1	PrismMonarchSeed	King	6e-10
ODDS	81	5	Pack03	1	AmethystSeed	Rare	24.333333333333329
ODDS	81	5	Pack03	1	PrismOrchidSeed	Rare	24.333333333333329
ODDS	81	5	Pack03	1	MoonflowerSeed	Rare	24.333333333333329
ODDS	81	5	Pack03	1	DiamondVineSeed	Mythic	24
ODDS	81	5	Pack03	1	HollowGeodeSeed	Secret	2
ODDS	81	5	Pack03	1	OrbitLotusSeed	Cosmic	0.80000000000000004
ODDS	81	5	Pack03	1	PrismMonarchSeed	King	0.20000000000000001
ODDS	111	5	Pack03	1.5	AmethystSeed	Rare	27.206210110074629
ODDS	111	5	Pack03	1.5	PrismOrchidSeed	Rare	27.206210110074629
ODDS	111	5	Pack03	1.5	MoonflowerSeed	Rare	27.206210110074629
ODDS	111	5	Pack03	1.5	DiamondVineSeed	Mythic	18.31345047627612
ODDS	111	5	Pack03	1.5	HollowGeodeSeed	Secret	0.067213545186468812
ODDS	111	5	Pack03	1.5	OrbitLotusSeed	Cosmic	0.00070564741351480421
ODDS	111	5	Pack03	1.5	PrismMonarchSeed	King	9.000000000000001e-10
ODDS	81	5	Pack03	1.5	AmethystSeed	Rare	24.333333333333329
ODDS	81	5	Pack03	1.5	PrismOrchidSeed	Rare	24.333333333333329
ODDS	81	5	Pack03	1.5	MoonflowerSeed	Rare	24.333333333333329
ODDS	81	5	Pack03	1.5	DiamondVineSeed	Mythic	24
ODDS	81	5	Pack03	1.5	HollowGeodeSeed	Secret	2
ODDS	81	5	Pack03	1.5	OrbitLotusSeed	Cosmic	0.80000000000000004
ODDS	81	5	Pack03	1.5	PrismMonarchSeed	King	0.20000000000000001
ODDS	111	5	Pack03	2	AmethystSeed	Rare	27.033936139481224
ODDS	111	5	Pack03	2	PrismOrchidSeed	Rare	27.033936139481224
ODDS	111	5	Pack03	2	MoonflowerSeed	Rare	27.033936139481224
ODDS	111	5	Pack03	2	DiamondVineSeed	Mythic	18.824548182546167
ODDS	111	5	Pack03	2	HollowGeodeSeed	Secret	0.072851693063702802
ODDS	111	5	Pack03	2	OrbitLotusSeed	Cosmic	0.00079170474646373659
ODDS	111	5	Pack03	2	PrismMonarchSeed	King	1.2e-09
ODDS	81	5	Pack03	2	AmethystSeed	Rare	24.333333333333329
ODDS	81	5	Pack03	2	PrismOrchidSeed	Rare	24.333333333333329
ODDS	81	5	Pack03	2	MoonflowerSeed	Rare	24.333333333333329
ODDS	81	5	Pack03	2	DiamondVineSeed	Mythic	24
ODDS	81	5	Pack03	2	HollowGeodeSeed	Secret	2
ODDS	81	5	Pack03	2	OrbitLotusSeed	Cosmic	0.80000000000000004
ODDS	81	5	Pack03	2	PrismMonarchSeed	King	0.20000000000000001
ODDS	111	5	Pack03	5	AmethystSeed	Rare	26.447871324127547
ODDS	111	5	Pack03	5	PrismOrchidSeed	Rare	26.447871324127547
ODDS	111	5	Pack03	5	MoonflowerSeed	Rare	26.447871324127547
ODDS	111	5	Pack03	5	DiamondVineSeed	Mythic	20.561084612389884
ODDS	111	5	Pack03	5	HollowGeodeSeed	Secret	0.094159219864245053
ODDS	111	5	Pack03	5	OrbitLotusSeed	Cosmic	0.0011421923632295272
ODDS	111	5	Pack03	5	PrismMonarchSeed	King	3e-09
ODDS	81	5	Pack03	5	AmethystSeed	Rare	23.797881010594946
ODDS	81	5	Pack03	5	PrismOrchidSeed	Rare	23.797881010594946
ODDS	81	5	Pack03	5	MoonflowerSeed	Rare	23.797881010594946
ODDS	81	5	Pack03	5	DiamondVineSeed	Mythic	25.232273838630803
ODDS	81	5	Pack03	5	HollowGeodeSeed	Secret	2.2493887530562344
ODDS	81	5	Pack03	5	OrbitLotusSeed	Cosmic	0.89975550122249393
ODDS	81	5	Pack03	5	PrismMonarchSeed	King	0.22493887530562348
ODDS	111	5	Pack03	10	AmethystSeed	Rare	25.963608813696677
ODDS	111	5	Pack03	10	PrismOrchidSeed	Rare	25.963608813696677
ODDS	111	5	Pack03	10	MoonflowerSeed	Rare	25.963608813696677
ODDS	111	5	Pack03	10	DiamondVineSeed	Mythic	21.993338777973275
ODDS	111	5	Pack03	10	HollowGeodeSeed	Secret	0.11432764307779482
ODDS	111	5	Pack03	10	OrbitLotusSeed	Cosmic	0.0015071318589057481
ODDS	111	5	Pack03	10	PrismMonarchSeed	King	6e-09
ODDS	81	5	Pack03	10	AmethystSeed	Rare	23.797881010594946
ODDS	81	5	Pack03	10	PrismOrchidSeed	Rare	23.797881010594946
ODDS	81	5	Pack03	10	MoonflowerSeed	Rare	23.797881010594946
ODDS	81	5	Pack03	10	DiamondVineSeed	Mythic	25.232273838630803
ODDS	81	5	Pack03	10	HollowGeodeSeed	Secret	2.2493887530562344
ODDS	81	5	Pack03	10	OrbitLotusSeed	Cosmic	0.89975550122249393
ODDS	81	5	Pack03	10	PrismMonarchSeed	King	0.22493887530562348
ODDS	111	5	Pack03	50	AmethystSeed	Rare	24.683065475174203
ODDS	111	5	Pack03	50	PrismOrchidSeed	Rare	24.683065475174203
ODDS	111	5	Pack03	50	MoonflowerSeed	Rare	24.683065475174203
ODDS	111	5	Pack03	50	DiamondVineSeed	Mythic	25.768517792292634
ODDS	111	5	Pack03	50	HollowGeodeSeed	Secret	0.17941669468538365
ODDS	111	5	Pack03	50	OrbitLotusSeed	Cosmic	0.0028690574993701116
ODDS	111	5	Pack03	50	PrismMonarchSeed	King	2.9999999999999997e-08
ODDS	81	5	Pack03	50	AmethystSeed	Rare	23.285486443381178
ODDS	81	5	Pack03	50	PrismOrchidSeed	Rare	23.285486443381178
ODDS	81	5	Pack03	50	MoonflowerSeed	Rare	23.285486443381178
ODDS	81	5	Pack03	50	DiamondVineSeed	Mythic	26.411483253588518
ODDS	81	5	Pack03	50	HollowGeodeSeed	Secret	2.4880382775119618
ODDS	81	5	Pack03	50	OrbitLotusSeed	Cosmic	0.99521531100478466
ODDS	81	5	Pack03	50	PrismMonarchSeed	King	0.24880382775119617
ODDS	111	5	Pack03	300	AmethystSeed	Rare	22.949675536251156
ODDS	111	5	Pack03	300	PrismOrchidSeed	Rare	22.949675536251156
ODDS	111	5	Pack03	300	MoonflowerSeed	Rare	22.949675536251156
ODDS	111	5	Pack03	300	DiamondVineSeed	Mythic	30.848789076206263
ODDS	111	5	Pack03	300	HollowGeodeSeed	Secret	0.29630924486609556
ODDS	111	5	Pack03	300	OrbitLotusSeed	Cosmic	0.0058748901741658621
ODDS	111	5	Pack03	300	PrismMonarchSeed	King	1.8e-07
ODDS	81	5	Pack03	300	AmethystSeed	Rare	23.285486443381178
ODDS	81	5	Pack03	300	PrismOrchidSeed	Rare	23.285486443381178
ODDS	81	5	Pack03	300	MoonflowerSeed	Rare	23.285486443381178
ODDS	81	5	Pack03	300	DiamondVineSeed	Mythic	26.411483253588518
ODDS	81	5	Pack03	300	HollowGeodeSeed	Secret	2.4880382775119618
ODDS	81	5	Pack03	300	OrbitLotusSeed	Cosmic	0.99521531100478466
ODDS	81	5	Pack03	300	PrismMonarchSeed	King	0.24880382775119617
ODDS	111	5	Pack03	2000	AmethystSeed	Rare	20.665007594361015
ODDS	111	5	Pack03	2000	PrismOrchidSeed	Rare	20.665007594361015
ODDS	111	5	Pack03	2000	MoonflowerSeed	Rare	20.665007594361015
ODDS	111	5	Pack03	2000	DiamondVineSeed	Mythic	37.488417766832356
ODDS	111	5	Pack03	2000	HollowGeodeSeed	Secret	0.5040105754534987
ODDS	111	5	Pack03	2000	OrbitLotusSeed	Cosmic	0.01254767463109528
ODDS	111	5	Pack03	2000	PrismMonarchSeed	King	1.1999999999999999e-06
ODDS	81	5	Pack03	2000	AmethystSeed	Rare	22.63565891472868
ODDS	81	5	Pack03	2000	PrismOrchidSeed	Rare	22.63565891472868
ODDS	81	5	Pack03	2000	MoonflowerSeed	Rare	22.63565891472868
ODDS	81	5	Pack03	2000	DiamondVineSeed	Mythic	27.906976744186046
ODDS	81	5	Pack03	2000	HollowGeodeSeed	Secret	2.7906976744186047
ODDS	81	5	Pack03	2000	OrbitLotusSeed	Cosmic	1.1162790697674421
ODDS	81	5	Pack03	2000	PrismMonarchSeed	King	0.27906976744186052
ODDS	111	5	Pack03	10000	AmethystSeed	Rare	18.262512733888315
ODDS	111	5	Pack03	10000	PrismOrchidSeed	Rare	18.262512733888315
ODDS	111	5	Pack03	10000	MoonflowerSeed	Rare	18.262512733888315
ODDS	111	5	Pack03	10000	DiamondVineSeed	Mythic	44.397615324968001
ODDS	111	5	Pack03	10000	HollowGeodeSeed	Secret	0.79095404313384443
ODDS	111	5	Pack03	10000	OrbitLotusSeed	Cosmic	0.02388643023320984
ODDS	111	5	Pack03	10000	PrismMonarchSeed	King	6.000000000000001e-06
ODDS	81	5	Pack03	10000	AmethystSeed	Rare	22.63565891472868
ODDS	81	5	Pack03	10000	PrismOrchidSeed	Rare	22.63565891472868
ODDS	81	5	Pack03	10000	MoonflowerSeed	Rare	22.63565891472868
ODDS	81	5	Pack03	10000	DiamondVineSeed	Mythic	27.906976744186046
ODDS	81	5	Pack03	10000	HollowGeodeSeed	Secret	2.7906976744186047
ODDS	81	5	Pack03	10000	OrbitLotusSeed	Cosmic	1.1162790697674421
ODDS	81	5	Pack03	10000	PrismMonarchSeed	King	0.27906976744186052
ODDS	111	5	Pack03	100000	AmethystSeed	Rare	13.838934926570948
ODDS	111	5	Pack03	100000	PrismOrchidSeed	Rare	13.838934926570948
ODDS	111	5	Pack03	100000	MoonflowerSeed	Rare	13.838934926570948
ODDS	111	5	Pack03	100000	DiamondVineSeed	Mythic	56.916003361381392
ODDS	111	5	Pack03	100000	HollowGeodeSeed	Secret	1.5071318589057483
ODDS	111	5	Pack03	100000	OrbitLotusSeed	Cosmic	0.060000000000000019
ODDS	111	5	Pack03	100000	PrismMonarchSeed	King	6.0000000000000008e-05
ODDS	81	5	Pack03	100000	AmethystSeed	Rare	21.872659176029959
ODDS	81	5	Pack03	100000	PrismOrchidSeed	Rare	21.872659176029959
ODDS	81	5	Pack03	100000	MoonflowerSeed	Rare	21.872659176029959
ODDS	81	5	Pack03	100000	DiamondVineSeed	Mythic	29.662921348314608
ODDS	81	5	Pack03	100000	HollowGeodeSeed	Secret	3.1460674157303372
ODDS	81	5	Pack03	100000	OrbitLotusSeed	Cosmic	1.2584269662921348
ODDS	81	5	Pack03	100000	PrismMonarchSeed	King	0.3146067415730337
ODDS	111	5	Pack03	1000000	AmethystSeed	Rare	10.976046984046988
ODDS	111	5	Pack03	1000000	PrismOrchidSeed	Rare	10.976046984046988
ODDS	111	5	Pack03	1000000	MoonflowerSeed	Rare	10.976046984046988
ODDS	111	5	Pack03	1000000	DiamondVineSeed	Mythic	64.048765308032642
ODDS	111	5	Pack03	1000000	HollowGeodeSeed	Secret	2.8717805539358308
ODDS	111	5	Pack03	1000000	OrbitLotusSeed	Cosmic	0.15071318589057484
ODDS	111	5	Pack03	1000000	PrismMonarchSeed	King	0.00060000000000000006
ODDS	81	5	Pack03	1000000	AmethystSeed	Rare	21.872659176029959
ODDS	81	5	Pack03	1000000	PrismOrchidSeed	Rare	21.872659176029959
ODDS	81	5	Pack03	1000000	MoonflowerSeed	Rare	21.872659176029959
ODDS	81	5	Pack03	1000000	DiamondVineSeed	Mythic	29.662921348314608
ODDS	81	5	Pack03	1000000	HollowGeodeSeed	Secret	3.1460674157303372
ODDS	81	5	Pack03	1000000	OrbitLotusSeed	Cosmic	1.2584269662921348
ODDS	81	5	Pack03	1000000	PrismMonarchSeed	King	0.3146067415730337
ODDS	111	5	Pack03	5000000	AmethystSeed	Rare	10.976046984046988
ODDS	111	5	Pack03	5000000	PrismOrchidSeed	Rare	10.976046984046988
ODDS	111	5	Pack03	5000000	MoonflowerSeed	Rare	10.976046984046988
ODDS	111	5	Pack03	5000000	DiamondVineSeed	Mythic	62.275209688256908
ODDS	111	5	Pack03	5000000	HollowGeodeSeed	Secret	4.506743609665123
ODDS	111	5	Pack03	5000000	OrbitLotusSeed	Cosmic	0.28690574993701118
ODDS	111	5	Pack03	5000000	PrismMonarchSeed	King	0.0030000000000000001
ODDS	81	5	Pack03	5000000	AmethystSeed	Rare	21.159420289855071
ODDS	81	5	Pack03	5000000	PrismOrchidSeed	Rare	21.159420289855071
ODDS	81	5	Pack03	5000000	MoonflowerSeed	Rare	21.159420289855071
ODDS	81	5	Pack03	5000000	DiamondVineSeed	Mythic	31.304347826086957
ODDS	81	5	Pack03	5000000	HollowGeodeSeed	Secret	3.4782608695652173
ODDS	81	5	Pack03	5000000	OrbitLotusSeed	Cosmic	1.3913043478260869
ODDS	81	5	Pack03	5000000	PrismMonarchSeed	King	0.34782608695652173
ODDS	111	5	Pack03	10000000	AmethystSeed	Rare	10.976046984046988
ODDS	111	5	Pack03	10000000	PrismOrchidSeed	Rare	10.976046984046988
ODDS	111	5	Pack03	10000000	MoonflowerSeed	Rare	10.976046984046988
ODDS	111	5	Pack03	10000000	DiamondVineSeed	Mythic	62.275209688256908
ODDS	111	5	Pack03	10000000	HollowGeodeSeed	Secret	4.506743609665123
ODDS	111	5	Pack03	10000000	OrbitLotusSeed	Cosmic	0.28690574993701118
ODDS	111	5	Pack03	10000000	PrismMonarchSeed	King	0.0030000000000000001
ODDS	81	5	Pack03	10000000	AmethystSeed	Rare	21.159420289855071
ODDS	81	5	Pack03	10000000	PrismOrchidSeed	Rare	21.159420289855071
ODDS	81	5	Pack03	10000000	MoonflowerSeed	Rare	21.159420289855071
ODDS	81	5	Pack03	10000000	DiamondVineSeed	Mythic	31.304347826086957
ODDS	81	5	Pack03	10000000	HollowGeodeSeed	Secret	3.4782608695652173
ODDS	81	5	Pack03	10000000	OrbitLotusSeed	Cosmic	1.3913043478260869
ODDS	81	5	Pack03	10000000	PrismMonarchSeed	King	0.34782608695652173
ODDS	111	5	Pack04	1	AmethystSeed	Rare	18.821555554888889
ODDS	111	5	Pack04	1	PrismOrchidSeed	Rare	18.821555554888889
ODDS	111	5	Pack04	1	MoonflowerSeed	Rare	18.821555554888889
ODDS	111	5	Pack04	1	DiamondVineSeed	Mythic	43.333333333333336
ODDS	111	5	Pack04	1	HollowGeodeSeed	Secret	0.20000000000000001
ODDS	111	5	Pack04	1	OrbitLotusSeed	Cosmic	0.002
ODDS	111	5	Pack04	1	PrismMonarchSeed	King	1.9999999999999997e-09
ODDS	81	5	Pack04	1	AmethystSeed	Rare	15
ODDS	81	5	Pack04	1	PrismOrchidSeed	Rare	15
ODDS	81	5	Pack04	1	MoonflowerSeed	Rare	15
ODDS	81	5	Pack04	1	DiamondVineSeed	Mythic	47
ODDS	81	5	Pack04	1	HollowGeodeSeed	Secret	5
ODDS	81	5	Pack04	1	OrbitLotusSeed	Cosmic	2.2999999999999998
ODDS	81	5	Pack04	1	PrismMonarchSeed	King	0.69999999999999996
ODDS	111	5	Pack04	1.5	AmethystSeed	Rare	18.223683847093074
ODDS	111	5	Pack04	1.5	PrismOrchidSeed	Rare	18.223683847093074
ODDS	111	5	Pack04	1.5	MoonflowerSeed	Rare	18.223683847093074
ODDS	111	5	Pack04	1.5	DiamondVineSeed	Mythic	45.102551147054157
ODDS	111	5	Pack04	1.5	HollowGeodeSeed	Secret	0.22404515062156269
ODDS	111	5	Pack04	1.5	OrbitLotusSeed	Cosmic	0.0023521580450493475
ODDS	111	5	Pack04	1.5	PrismMonarchSeed	King	3e-09
ODDS	81	5	Pack04	1.5	AmethystSeed	Rare	15
ODDS	81	5	Pack04	1.5	PrismOrchidSeed	Rare	15
ODDS	81	5	Pack04	1.5	MoonflowerSeed	Rare	15
ODDS	81	5	Pack04	1.5	DiamondVineSeed	Mythic	47
ODDS	81	5	Pack04	1.5	HollowGeodeSeed	Secret	5
ODDS	81	5	Pack04	1.5	OrbitLotusSeed	Cosmic	2.2999999999999998
ODDS	81	5	Pack04	1.5	PrismMonarchSeed	King	0.69999999999999996
ODDS	111	5	Pack04	2	AmethystSeed	Rare	17.782571979065963
ODDS	111	5	Pack04	2	PrismOrchidSeed	Rare	17.782571979065963
ODDS	111	5	Pack04	2	MoonflowerSeed	Rare	17.782571979065963
ODDS	111	5	Pack04	2	DiamondVineSeed	Mythic	46.406806066101538
ODDS	111	5	Pack04	2	HollowGeodeSeed	Secret	0.2428389768790094
ODDS	111	5	Pack04	2	OrbitLotusSeed	Cosmic	0.0026390158215457886
ODDS	111	5	Pack04	2	PrismMonarchSeed	King	3.9999999999999994e-09
ODDS	81	5	Pack04	2	AmethystSeed	Rare	15
ODDS	81	5	Pack04	2	PrismOrchidSeed	Rare	15
ODDS	81	5	Pack04	2	MoonflowerSeed	Rare	15
ODDS	81	5	Pack04	2	DiamondVineSeed	Mythic	47
ODDS	81	5	Pack04	2	HollowGeodeSeed	Secret	5
ODDS	81	5	Pack04	2	OrbitLotusSeed	Cosmic	2.2999999999999998
ODDS	81	5	Pack04	2	PrismMonarchSeed	King	0.69999999999999996
ODDS	111	5	Pack04	5	AmethystSeed	Rare	16.277188296900309
ODDS	111	5	Pack04	5	PrismOrchidSeed	Rare	16.277188296900309
ODDS	111	5	Pack04	5	MoonflowerSeed	Rare	16.277188296900309
ODDS	111	5	Pack04	5	DiamondVineSeed	Mythic	50.850763725207479
ODDS	111	5	Pack04	5	HollowGeodeSeed	Secret	0.31386406621415019
ODDS	111	5	Pack04	5	OrbitLotusSeed	Cosmic	0.0038073078774317573
ODDS	111	5	Pack04	5	PrismMonarchSeed	King	9.9999999999999986e-09
ODDS	81	5	Pack04	5	AmethystSeed	Rare	14.323227500596801
ODDS	81	5	Pack04	5	PrismOrchidSeed	Rare	14.323227500596801
ODDS	81	5	Pack04	5	MoonflowerSeed	Rare	14.323227500596801
ODDS	81	5	Pack04	5	DiamondVineSeed	Mythic	48.245404631176889
ODDS	81	5	Pack04	5	HollowGeodeSeed	Secret	5.4905705418954396
ODDS	81	5	Pack04	5	OrbitLotusSeed	Cosmic	2.525662449271902
ODDS	81	5	Pack04	5	PrismMonarchSeed	King	0.76867987586536157
ODDS	111	5	Pack04	10	AmethystSeed	Rare	15.028001734057096
ODDS	111	5	Pack04	10	PrismOrchidSeed	Rare	15.028001734057096
ODDS	111	5	Pack04	10	MoonflowerSeed	Rare	15.028001734057096
ODDS	111	5	Pack04	10	DiamondVineSeed	Mythic	54.529878861373035
ODDS	111	5	Pack04	10	HollowGeodeSeed	Secret	0.38109214359264948
ODDS	111	5	Pack04	10	OrbitLotusSeed	Cosmic	0.0050237728630191606
ODDS	111	5	Pack04	10	PrismMonarchSeed	King	1.9999999999999997e-08
ODDS	81	5	Pack04	10	AmethystSeed	Rare	14.323227500596801
ODDS	81	5	Pack04	10	PrismOrchidSeed	Rare	14.323227500596801
ODDS	81	5	Pack04	10	MoonflowerSeed	Rare	14.323227500596801
ODDS	81	5	Pack04	10	DiamondVineSeed	Mythic	48.245404631176889
ODDS	81	5	Pack04	10	HollowGeodeSeed	Secret	5.4905705418954396
ODDS	81	5	Pack04	10	OrbitLotusSeed	Cosmic	2.525662449271902
ODDS	81	5	Pack04	10	PrismMonarchSeed	King	0.76867987586536157
ODDS	111	5	Pack04	50	AmethystSeed	Rare	11.703448316376612
ODDS	111	5	Pack04	50	PrismOrchidSeed	Rare	11.703448316376612
ODDS	111	5	Pack04	50	MoonflowerSeed	Rare	11.703448316376612
ODDS	111	5	Pack04	50	DiamondVineSeed	Mythic	64.282035776920992
ODDS	111	5	Pack04	50	HollowGeodeSeed	Secret	0.59805564895127883
ODDS	111	5	Pack04	50	OrbitLotusSeed	Cosmic	0.009563524997900372
ODDS	111	5	Pack04	50	PrismMonarchSeed	King	9.9999999999999982e-08
ODDS	81	5	Pack04	50	AmethystSeed	Rare	13.704888076747375
ODDS	81	5	Pack04	50	PrismOrchidSeed	Rare	13.704888076747375
ODDS	81	5	Pack04	50	MoonflowerSeed	Rare	13.704888076747375
ODDS	81	5	Pack04	50	DiamondVineSeed	Mythic	49.383280036546374
ODDS	81	5	Pack04	50	HollowGeodeSeed	Secret	5.9387848332571957
ODDS	81	5	Pack04	50	OrbitLotusSeed	Cosmic	2.7318410232983101
ODDS	81	5	Pack04	50	PrismMonarchSeed	King	0.83142987665600732
ODDS	111	5	Pack04	300	AmethystSeed	Rare	8.0282292556009711
ODDS	111	5	Pack04	300	PrismOrchidSeed	Rare	8.0282292556009711
ODDS	111	5	Pack04	300	MoonflowerSeed	Rare	8.0282292556009711
ODDS	111	5	Pack04	300	DiamondVineSeed	Mythic	74.908031183062874
ODDS	111	5	Pack04	300	HollowGeodeSeed	Secret	0.98769748288698533
ODDS	111	5	Pack04	300	OrbitLotusSeed	Cosmic	0.01958296724721954
ODDS	111	5	Pack04	300	PrismMonarchSeed	King	5.9999999999999997e-07
ODDS	81	5	Pack04	300	AmethystSeed	Rare	13.704888076747375
ODDS	81	5	Pack04	300	PrismOrchidSeed	Rare	13.704888076747375
ODDS	81	5	Pack04	300	MoonflowerSeed	Rare	13.704888076747375
ODDS	81	5	Pack04	300	DiamondVineSeed	Mythic	49.383280036546374
ODDS	81	5	Pack04	300	HollowGeodeSeed	Secret	5.9387848332571957
ODDS	81	5	Pack04	300	OrbitLotusSeed	Cosmic	2.7318410232983101
ODDS	81	5	Pack04	300	PrismMonarchSeed	King	0.83142987665600732
ODDS	111	5	Pack04	2000	AmethystSeed	Rare	7.5286222219555539
ODDS	111	5	Pack04	2000	PrismOrchidSeed	Rare	7.5286222219555539
ODDS	111	5	Pack04	2000	MoonflowerSeed	Rare	7.5286222219555539
ODDS	111	5	Pack04	2000	DiamondVineSeed	Mythic	75.69226850051804
ODDS	111	5	Pack04	2000	HollowGeodeSeed	Secret	1.6800352515116623
ODDS	111	5	Pack04	2000	OrbitLotusSeed	Cosmic	0.041825582103650942
ODDS	111	5	Pack04	2000	PrismMonarchSeed	King	3.9999999999999998e-06
ODDS	81	5	Pack04	2000	AmethystSeed	Rare	12.958963282937365
ODDS	81	5	Pack04	2000	PrismOrchidSeed	Rare	12.958963282937365
ODDS	81	5	Pack04	2000	MoonflowerSeed	Rare	12.958963282937365
ODDS	81	5	Pack04	2000	DiamondVineSeed	Mythic	50.755939524838013
ODDS	81	5	Pack04	2000	HollowGeodeSeed	Secret	6.4794816414686824
ODDS	81	5	Pack04	2000	OrbitLotusSeed	Cosmic	2.9805615550755942
ODDS	81	5	Pack04	2000	PrismMonarchSeed	King	0.90712742980561545
ODDS	111	5	Pack04	10000	AmethystSeed	Rare	7.5286222219555539
ODDS	111	5	Pack04	10000	PrismOrchidSeed	Rare	7.5286222219555539
ODDS	111	5	Pack04	10000	MoonflowerSeed	Rare	7.5286222219555539
ODDS	111	5	Pack04	10000	DiamondVineSeed	Mythic	74.697978422909827
ODDS	111	5	Pack04	10000	HollowGeodeSeed	Secret	2.6365134771128149
ODDS	111	5	Pack04	10000	OrbitLotusSeed	Cosmic	0.079621434110699468
ODDS	111	5	Pack04	10000	PrismMonarchSeed	King	1.9999999999999998e-05
ODDS	81	5	Pack04	10000	AmethystSeed	Rare	12.958963282937365
ODDS	81	5	Pack04	10000	PrismOrchidSeed	Rare	12.958963282937365
ODDS	81	5	Pack04	10000	MoonflowerSeed	Rare	12.958963282937365
ODDS	81	5	Pack04	10000	DiamondVineSeed	Mythic	50.755939524838013
ODDS	81	5	Pack04	10000	HollowGeodeSeed	Secret	6.4794816414686824
ODDS	81	5	Pack04	10000	OrbitLotusSeed	Cosmic	2.9805615550755942
ODDS	81	5	Pack04	10000	PrismMonarchSeed	King	0.90712742980561545
ODDS	111	5	Pack04	100000	AmethystSeed	Rare	7.5286222219555565
ODDS	111	5	Pack04	100000	PrismOrchidSeed	Rare	7.5286222219555565
ODDS	111	5	Pack04	100000	MoonflowerSeed	Rare	7.5286222219555565
ODDS	111	5	Pack04	100000	DiamondVineSeed	Mythic	72.190160471114169
ODDS	111	5	Pack04	100000	HollowGeodeSeed	Secret	5.023772863019162
ODDS	111	5	Pack04	100000	OrbitLotusSeed	Cosmic	0.20000000000000009
ODDS	111	5	Pack04	100000	PrismMonarchSeed	King	0.00019999999999999998
ODDS	81	5	Pack04	100000	AmethystSeed	Rare	12.133468149646108
ODDS	81	5	Pack04	100000	PrismOrchidSeed	Rare	12.133468149646108
ODDS	81	5	Pack04	100000	MoonflowerSeed	Rare	12.133468149646108
ODDS	81	5	Pack04	100000	DiamondVineSeed	Mythic	52.275025278058642
ODDS	81	5	Pack04	100000	HollowGeodeSeed	Secret	7.0778564206268957
ODDS	81	5	Pack04	100000	OrbitLotusSeed	Cosmic	3.2558139534883717
ODDS	81	5	Pack04	100000	PrismMonarchSeed	King	0.99089989888776531
ODDS	111	5	Pack04	1000000	AmethystSeed	Rare	7.5286222219555565
ODDS	111	5	Pack04	1000000	PrismOrchidSeed	Rare	7.5286222219555565
ODDS	111	5	Pack04	1000000	MoonflowerSeed	Rare	7.5286222219555565
ODDS	111	5	Pack04	1000000	DiamondVineSeed	Mythic	67.337154201378652
ODDS	111	5	Pack04	1000000	HollowGeodeSeed	Secret	9.5726018464527698
ODDS	111	5	Pack04	1000000	OrbitLotusSeed	Cosmic	0.50237728630191625
ODDS	111	5	Pack04	1000000	PrismMonarchSeed	King	0.002
ODDS	81	5	Pack04	1000000	AmethystSeed	Rare	12.133468149646108
ODDS	81	5	Pack04	1000000	PrismOrchidSeed	Rare	12.133468149646108
ODDS	81	5	Pack04	1000000	MoonflowerSeed	Rare	12.133468149646108
ODDS	81	5	Pack04	1000000	DiamondVineSeed	Mythic	52.275025278058642
ODDS	81	5	Pack04	1000000	HollowGeodeSeed	Secret	7.0778564206268957
ODDS	81	5	Pack04	1000000	OrbitLotusSeed	Cosmic	3.2558139534883717
ODDS	81	5	Pack04	1000000	PrismMonarchSeed	King	0.99089989888776531
ODDS	111	5	Pack04	5000000	AmethystSeed	Rare	7.5286222219555539
ODDS	111	5	Pack04	5000000	PrismOrchidSeed	Rare	7.5286222219555539
ODDS	111	5	Pack04	5000000	MoonflowerSeed	Rare	7.5286222219555539
ODDS	111	5	Pack04	5000000	DiamondVineSeed	Mythic	61.42530213545956
ODDS	111	5	Pack04	5000000	HollowGeodeSeed	Secret	15.022478698883745
ODDS	111	5	Pack04	5000000	OrbitLotusSeed	Cosmic	0.95635249979003734
ODDS	111	5	Pack04	5000000	PrismMonarchSeed	King	0.0099999999999999985
ODDS	81	5	Pack04	5000000	AmethystSeed	Rare	11.406844106463879
ODDS	81	5	Pack04	5000000	PrismOrchidSeed	Rare	11.406844106463879
ODDS	81	5	Pack04	5000000	MoonflowerSeed	Rare	11.406844106463879
ODDS	81	5	Pack04	5000000	DiamondVineSeed	Mythic	53.612167300380229
ODDS	81	5	Pack04	5000000	HollowGeodeSeed	Secret	7.6045627376425857
ODDS	81	5	Pack04	5000000	OrbitLotusSeed	Cosmic	3.4980988593155891
ODDS	81	5	Pack04	5000000	PrismMonarchSeed	King	1.064638783269962
ODDS	111	5	Pack04	10000000	AmethystSeed	Rare	7.5286222219555539
ODDS	111	5	Pack04	10000000	PrismOrchidSeed	Rare	7.5286222219555539
ODDS	111	5	Pack04	10000000	MoonflowerSeed	Rare	7.5286222219555539
ODDS	111	5	Pack04	10000000	DiamondVineSeed	Mythic	61.42530213545956
ODDS	111	5	Pack04	10000000	HollowGeodeSeed	Secret	15.022478698883745
ODDS	111	5	Pack04	10000000	OrbitLotusSeed	Cosmic	0.95635249979003734
ODDS	111	5	Pack04	10000000	PrismMonarchSeed	King	0.0099999999999999985
ODDS	81	5	Pack04	10000000	AmethystSeed	Rare	11.406844106463879
ODDS	81	5	Pack04	10000000	PrismOrchidSeed	Rare	11.406844106463879
ODDS	81	5	Pack04	10000000	MoonflowerSeed	Rare	11.406844106463879
ODDS	81	5	Pack04	10000000	DiamondVineSeed	Mythic	53.612167300380229
ODDS	81	5	Pack04	10000000	HollowGeodeSeed	Secret	7.6045627376425857
ODDS	81	5	Pack04	10000000	OrbitLotusSeed	Cosmic	3.4980988593155891
ODDS	81	5	Pack04	10000000	PrismMonarchSeed	King	1.064638783269962
ODDS	111	5	Pack05	1	AmethystSeed	Rare	11.464666664666668
ODDS	111	5	Pack05	1	PrismOrchidSeed	Rare	11.464666664666668
ODDS	111	5	Pack05	1	MoonflowerSeed	Rare	11.464666664666668
ODDS	111	5	Pack05	1	DiamondVineSeed	Mythic	65
ODDS	111	5	Pack05	1	HollowGeodeSeed	Secret	0.59999999999999998
ODDS	111	5	Pack05	1	OrbitLotusSeed	Cosmic	0.0059999999999999993
ODDS	111	5	Pack05	1	PrismMonarchSeed	King	6e-09
ODDS	81	5	Pack05	1	AmethystSeed	Rare	3.3333333333333339
ODDS	81	5	Pack05	1	PrismOrchidSeed	Rare	3.3333333333333339
ODDS	81	5	Pack05	1	MoonflowerSeed	Rare	3.3333333333333339
ODDS	81	5	Pack05	1	DiamondVineSeed	Mythic	70
ODDS	81	5	Pack05	1	HollowGeodeSeed	Secret	12
ODDS	81	5	Pack05	1	OrbitLotusSeed	Cosmic	6
ODDS	81	5	Pack05	1	PrismMonarchSeed	King	2
ODDS	111	5	Pack05	1.5	AmethystSeed	Rare	10.442140493145795
ODDS	111	5	Pack05	1.5	PrismOrchidSeed	Rare	10.442140493145795
ODDS	111	5	Pack05	1.5	MoonflowerSeed	Rare	10.442140493145795
ODDS	111	5	Pack05	1.5	DiamondVineSeed	Mythic	67.994386585562779
ODDS	111	5	Pack05	1.5	HollowGeodeSeed	Secret	0.67213545186468815
ODDS	111	5	Pack05	1.5	OrbitLotusSeed	Cosmic	0.0070564741351480404
ODDS	111	5	Pack05	1.5	PrismMonarchSeed	King	8.9999999999999995e-09
ODDS	81	5	Pack05	1.5	AmethystSeed	Rare	3.3333333333333339
ODDS	81	5	Pack05	1.5	PrismOrchidSeed	Rare	3.3333333333333339
ODDS	81	5	Pack05	1.5	MoonflowerSeed	Rare	3.3333333333333339
ODDS	81	5	Pack05	1.5	DiamondVineSeed	Mythic	70
ODDS	81	5	Pack05	1.5	HollowGeodeSeed	Secret	12
ODDS	81	5	Pack05	1.5	OrbitLotusSeed	Cosmic	6
ODDS	81	5	Pack05	1.5	PrismMonarchSeed	King	2
ODDS	111	5	Pack05	2	AmethystSeed	Rare	9.6835553118792106
ODDS	111	5	Pack05	2	PrismOrchidSeed	Rare	9.6835553118792106
ODDS	111	5	Pack05	2	MoonflowerSeed	Rare	9.6835553118792106
ODDS	111	5	Pack05	2	DiamondVineSeed	Mythic	70.212900074260716
ODDS	111	5	Pack05	2	HollowGeodeSeed	Secret	0.72851693063702816
ODDS	111	5	Pack05	2	OrbitLotusSeed	Cosmic	0.0079170474646373633
ODDS	111	5	Pack05	2	PrismMonarchSeed	King	1.2e-08
ODDS	81	5	Pack05	2	AmethystSeed	Rare	3.3333333333333339
ODDS	81	5	Pack05	2	PrismOrchidSeed	Rare	3.3333333333333339
ODDS	81	5	Pack05	2	MoonflowerSeed	Rare	3.3333333333333339
ODDS	81	5	Pack05	2	DiamondVineSeed	Mythic	70
ODDS	81	5	Pack05	2	HollowGeodeSeed	Secret	12
ODDS	81	5	Pack05	2	OrbitLotusSeed	Cosmic	6
ODDS	81	5	Pack05	2	PrismMonarchSeed	King	2
ODDS	111	5	Pack05	5	AmethystSeed	Rare	7.069302181378152
ODDS	111	5	Pack05	5	PrismOrchidSeed	Rare	7.069302181378152
ODDS	111	5	Pack05	5	MoonflowerSeed	Rare	7.069302181378152
ODDS	111	5	Pack05	5	DiamondVineSeed	Mythic	77.839079303590793
ODDS	111	5	Pack05	5	HollowGeodeSeed	Secret	0.9415921986424507
ODDS	111	5	Pack05	5	OrbitLotusSeed	Cosmic	0.01142192363229527
ODDS	111	5	Pack05	5	PrismMonarchSeed	King	2.9999999999999997e-08
ODDS	81	5	Pack05	5	AmethystSeed	Rare	3.0792917628945347
ODDS	81	5	Pack05	5	PrismOrchidSeed	Rare	3.0792917628945347
ODDS	81	5	Pack05	5	MoonflowerSeed	Rare	3.0792917628945347
ODDS	81	5	Pack05	5	DiamondVineSeed	Mythic	69.515011547344116
ODDS	81	5	Pack05	5	HollowGeodeSeed	Secret	12.748267898383371
ODDS	81	5	Pack05	5	OrbitLotusSeed	Cosmic	6.3741339491916857
ODDS	81	5	Pack05	5	PrismMonarchSeed	King	2.1247113163972284
ODDS	111	5	Pack05	10	AmethystSeed	Rare	4.8716935124294283
ODDS	111	5	Pack05	10	PrismOrchidSeed	Rare	4.8716935124294283
ODDS	111	5	Pack05	10	MoonflowerSeed	Rare	4.8716935124294283
ODDS	111	5	Pack05	10	DiamondVineSeed	Mythic	84.226571653344706
ODDS	111	5	Pack05	10	HollowGeodeSeed	Secret	1.1432764307779484
ODDS	111	5	Pack05	10	OrbitLotusSeed	Cosmic	0.015071318589057478
ODDS	111	5	Pack05	10	PrismMonarchSeed	King	5.9999999999999995e-08
ODDS	81	5	Pack05	10	AmethystSeed	Rare	3.0792917628945347
ODDS	81	5	Pack05	10	PrismOrchidSeed	Rare	3.0792917628945347
ODDS	81	5	Pack05	10	MoonflowerSeed	Rare	3.0792917628945347
ODDS	81	5	Pack05	10	DiamondVineSeed	Mythic	69.515011547344116
ODDS	81	5	Pack05	10	HollowGeodeSeed	Secret	12.748267898383371
ODDS	81	5	Pack05	10	OrbitLotusSeed	Cosmic	6.3741339491916857
ODDS	81	5	Pack05	10	PrismMonarchSeed	King	2.1247113163972284
ODDS	111	5	Pack05	50	AmethystSeed	Rare	4.5858666658666669
ODDS	111	5	Pack05	50	PrismOrchidSeed	Rare	4.5858666658666669
ODDS	111	5	Pack05	50	MoonflowerSeed	Rare	4.5858666658666669
ODDS	111	5	Pack05	50	DiamondVineSeed	Mythic	84.419542180552455
ODDS	111	5	Pack05	50	HollowGeodeSeed	Secret	1.7941669468538364
ODDS	111	5	Pack05	50	OrbitLotusSeed	Cosmic	0.028690574993701111
ODDS	111	5	Pack05	50	PrismMonarchSeed	King	2.9999999999999999e-07
ODDS	81	5	Pack05	50	AmethystSeed	Rare	2.8612303290414887
ODDS	81	5	Pack05	50	PrismOrchidSeed	Rare	2.8612303290414887
ODDS	81	5	Pack05	50	MoonflowerSeed	Rare	2.8612303290414887
ODDS	81	5	Pack05	50	DiamondVineSeed	Mythic	69.098712446351939
ODDS	81	5	Pack05	50	HollowGeodeSeed	Secret	13.390557939914167
ODDS	81	5	Pack05	50	OrbitLotusSeed	Cosmic	6.6952789699570836
ODDS	81	5	Pack05	50	PrismMonarchSeed	King	2.2317596566523608
ODDS	111	5	Pack05	300	AmethystSeed	Rare	4.5858666658666669
ODDS	111	5	Pack05	300	PrismOrchidSeed	Rare	4.5858666658666669
ODDS	111	5	Pack05	300	MoonflowerSeed	Rare	4.5858666658666669
ODDS	111	5	Pack05	300	DiamondVineSeed	Mythic	83.220556851997387
ODDS	111	5	Pack05	300	HollowGeodeSeed	Secret	2.963092448660956
ODDS	111	5	Pack05	300	OrbitLotusSeed	Cosmic	0.058748901741658616
ODDS	111	5	Pack05	300	PrismMonarchSeed	King	1.7999999999999999e-06
ODDS	81	5	Pack05	300	AmethystSeed	Rare	2.8612303290414887
ODDS	81	5	Pack05	300	PrismOrchidSeed	Rare	2.8612303290414887
ODDS	81	5	Pack05	300	MoonflowerSeed	Rare	2.8612303290414887
ODDS	81	5	Pack05	300	DiamondVineSeed	Mythic	69.098712446351939
ODDS	81	5	Pack05	300	HollowGeodeSeed	Secret	13.390557939914167
ODDS	81	5	Pack05	300	OrbitLotusSeed	Cosmic	6.6952789699570836
ODDS	81	5	Pack05	300	PrismMonarchSeed	King	2.2317596566523608
ODDS	111	5	Pack05	2000	AmethystSeed	Rare	4.5858666658666705
ODDS	111	5	Pack05	2000	PrismOrchidSeed	Rare	4.5858666658666705
ODDS	111	5	Pack05	2000	MoonflowerSeed	Rare	4.5858666658666705
ODDS	111	5	Pack05	2000	DiamondVineSeed	Mythic	81.076805501554048
ODDS	111	5	Pack05	2000	HollowGeodeSeed	Secret	5.0401057545349879
ODDS	111	5	Pack05	2000	OrbitLotusSeed	Cosmic	0.12547674631095282
ODDS	111	5	Pack05	2000	PrismMonarchSeed	King	1.1999999999999999e-05
ODDS	81	5	Pack05	2000	AmethystSeed	Rare	2.6143790849673207
ODDS	81	5	Pack05	2000	PrismOrchidSeed	Rare	2.6143790849673207
ODDS	81	5	Pack05	2000	MoonflowerSeed	Rare	2.6143790849673207
ODDS	81	5	Pack05	2000	DiamondVineSeed	Mythic	68.627450980392155
ODDS	81	5	Pack05	2000	HollowGeodeSeed	Secret	14.117647058823529
ODDS	81	5	Pack05	2000	OrbitLotusSeed	Cosmic	7.0588235294117645
ODDS	81	5	Pack05	2000	PrismMonarchSeed	King	2.3529411764705883
ODDS	111	5	Pack05	10000	AmethystSeed	Rare	4.5858666658666669
ODDS	111	5	Pack05	10000	PrismOrchidSeed	Rare	4.5858666658666669
ODDS	111	5	Pack05	10000	MoonflowerSeed	Rare	4.5858666658666669
ODDS	111	5	Pack05	10000	DiamondVineSeed	Mythic	78.093935268729453
ODDS	111	5	Pack05	10000	HollowGeodeSeed	Secret	7.9095404313384439
ODDS	111	5	Pack05	10000	OrbitLotusSeed	Cosmic	0.23886430233209838
ODDS	111	5	Pack05	10000	PrismMonarchSeed	King	5.9999999999999995e-05
ODDS	81	5	Pack05	10000	AmethystSeed	Rare	2.6143790849673207
ODDS	81	5	Pack05	10000	PrismOrchidSeed	Rare	2.6143790849673207
ODDS	81	5	Pack05	10000	MoonflowerSeed	Rare	2.6143790849673207
ODDS	81	5	Pack05	10000	DiamondVineSeed	Mythic	68.627450980392155
ODDS	81	5	Pack05	10000	HollowGeodeSeed	Secret	14.117647058823529
ODDS	81	5	Pack05	10000	OrbitLotusSeed	Cosmic	7.0588235294117645
ODDS	81	5	Pack05	10000	PrismMonarchSeed	King	2.3529411764705883
ODDS	111	5	Pack05	100000	AmethystSeed	Rare	4.5858666658666669
ODDS	111	5	Pack05	100000	PrismOrchidSeed	Rare	4.5858666658666669
ODDS	111	5	Pack05	100000	MoonflowerSeed	Rare	4.5858666658666669
ODDS	111	5	Pack05	100000	DiamondVineSeed	Mythic	70.57048141334252
ODDS	111	5	Pack05	100000	HollowGeodeSeed	Secret	15.071318589057487
ODDS	111	5	Pack05	100000	OrbitLotusSeed	Cosmic	0.60000000000000009
ODDS	111	5	Pack05	100000	PrismMonarchSeed	King	0.00060000000000000006
ODDS	81	5	Pack05	100000	AmethystSeed	Rare	2.3598820058997054
ODDS	81	5	Pack05	100000	PrismOrchidSeed	Rare	2.3598820058997054
ODDS	81	5	Pack05	100000	MoonflowerSeed	Rare	2.3598820058997054
ODDS	81	5	Pack05	100000	DiamondVineSeed	Mythic	68.141592920353986
ODDS	81	5	Pack05	100000	HollowGeodeSeed	Secret	14.867256637168142
ODDS	81	5	Pack05	100000	OrbitLotusSeed	Cosmic	7.4336283185840708
ODDS	81	5	Pack05	100000	PrismMonarchSeed	King	2.4778761061946901
ODDS	111	5	Pack05	1000000	AmethystSeed	Rare	4.5858666658666634
ODDS	111	5	Pack05	1000000	PrismOrchidSeed	Rare	4.5858666658666634
ODDS	111	5	Pack05	1000000	MoonflowerSeed	Rare	4.5858666658666634
ODDS	111	5	Pack05	1000000	DiamondVineSeed	Mythic	59.729268143494266
ODDS	111	5	Pack05	1000000	HollowGeodeSeed	Secret	25
ODDS	111	5	Pack05	1000000	OrbitLotusSeed	Cosmic	1.5071318589057483
ODDS	111	5	Pack05	1000000	PrismMonarchSeed	King	0.0060000000000000001
ODDS	81	5	Pack05	1000000	AmethystSeed	Rare	2.3598820058997054
ODDS	81	5	Pack05	1000000	PrismOrchidSeed	Rare	2.3598820058997054
ODDS	81	5	Pack05	1000000	MoonflowerSeed	Rare	2.3598820058997054
ODDS	81	5	Pack05	1000000	DiamondVineSeed	Mythic	68.141592920353986
ODDS	81	5	Pack05	1000000	HollowGeodeSeed	Secret	14.867256637168142
ODDS	81	5	Pack05	1000000	OrbitLotusSeed	Cosmic	7.4336283185840708
ODDS	81	5	Pack05	1000000	PrismMonarchSeed	King	2.4778761061946901
ODDS	111	5	Pack05	5000000	AmethystSeed	Rare	4.5858666658666705
ODDS	111	5	Pack05	5000000	PrismOrchidSeed	Rare	4.5858666658666705
ODDS	111	5	Pack05	5000000	MoonflowerSeed	Rare	4.5858666658666705
ODDS	111	5	Pack05	5000000	DiamondVineSeed	Mythic	58.343342503029881
ODDS	111	5	Pack05	5000000	HollowGeodeSeed	Secret	25
ODDS	111	5	Pack05	5000000	OrbitLotusSeed	Cosmic	2.8690574993701117
ODDS	111	5	Pack05	5000000	PrismMonarchSeed	King	0.029999999999999999
ODDS	81	5	Pack05	5000000	AmethystSeed	Rare	2.1505376344086025
ODDS	81	5	Pack05	5000000	PrismOrchidSeed	Rare	2.1505376344086025
ODDS	81	5	Pack05	5000000	MoonflowerSeed	Rare	2.1505376344086025
ODDS	81	5	Pack05	5000000	DiamondVineSeed	Mythic	67.741935483870961
ODDS	81	5	Pack05	5000000	HollowGeodeSeed	Secret	15.483870967741936
ODDS	81	5	Pack05	5000000	OrbitLotusSeed	Cosmic	7.741935483870968
ODDS	81	5	Pack05	5000000	PrismMonarchSeed	King	2.5806451612903225
ODDS	111	5	Pack05	10000000	AmethystSeed	Rare	4.5858666658666705
ODDS	111	5	Pack05	10000000	PrismOrchidSeed	Rare	4.5858666658666705
ODDS	111	5	Pack05	10000000	MoonflowerSeed	Rare	4.5858666658666705
ODDS	111	5	Pack05	10000000	DiamondVineSeed	Mythic	58.343342503029881
ODDS	111	5	Pack05	10000000	HollowGeodeSeed	Secret	25
ODDS	111	5	Pack05	10000000	OrbitLotusSeed	Cosmic	2.8690574993701117
ODDS	111	5	Pack05	10000000	PrismMonarchSeed	King	0.029999999999999999
ODDS	81	5	Pack05	10000000	AmethystSeed	Rare	2.1505376344086025
ODDS	81	5	Pack05	10000000	PrismOrchidSeed	Rare	2.1505376344086025
ODDS	81	5	Pack05	10000000	MoonflowerSeed	Rare	2.1505376344086025
ODDS	81	5	Pack05	10000000	DiamondVineSeed	Mythic	67.741935483870961
ODDS	81	5	Pack05	10000000	HollowGeodeSeed	Secret	15.483870967741936
ODDS	81	5	Pack05	10000000	OrbitLotusSeed	Cosmic	7.741935483870968
ODDS	81	5	Pack05	10000000	PrismMonarchSeed	King	2.5806451612903225
ODDS	111	5	Pack06	1	AmethystSeed	Rare	0
ODDS	111	5	Pack06	1	PrismOrchidSeed	Rare	0
ODDS	111	5	Pack06	1	MoonflowerSeed	Rare	0
ODDS	111	5	Pack06	1	DiamondVineSeed	Mythic	97.979999980000002
ODDS	111	5	Pack06	1	HollowGeodeSeed	Secret	2
ODDS	111	5	Pack06	1	OrbitLotusSeed	Cosmic	0.02
ODDS	111	5	Pack06	1	PrismMonarchSeed	King	2e-08
ODDS	81	5	Pack06	1	AmethystSeed	Rare	0
ODDS	81	5	Pack06	1	PrismOrchidSeed	Rare	0
ODDS	81	5	Pack06	1	MoonflowerSeed	Rare	0
ODDS	81	5	Pack06	1	DiamondVineSeed	Mythic	65
ODDS	81	5	Pack06	1	HollowGeodeSeed	Secret	22
ODDS	81	5	Pack06	1	OrbitLotusSeed	Cosmic	10
ODDS	81	5	Pack06	1	PrismMonarchSeed	King	3
ODDS	111	5	Pack06	1.5	AmethystSeed	Rare	0
ODDS	111	5	Pack06	1.5	PrismOrchidSeed	Rare	0
ODDS	111	5	Pack06	1.5	MoonflowerSeed	Rare	0
ODDS	111	5	Pack06	1.5	DiamondVineSeed	Mythic	97.736026883333878
ODDS	111	5	Pack06	1.5	HollowGeodeSeed	Secret	2.2404515062156269
ODDS	111	5	Pack06	1.5	OrbitLotusSeed	Cosmic	0.023521580450493473
ODDS	111	5	Pack06	1.5	PrismMonarchSeed	King	2.9999999999999997e-08
ODDS	81	5	Pack06	1.5	AmethystSeed	Rare	0
ODDS	81	5	Pack06	1.5	PrismOrchidSeed	Rare	0
ODDS	81	5	Pack06	1.5	MoonflowerSeed	Rare	0
ODDS	81	5	Pack06	1.5	DiamondVineSeed	Mythic	65
ODDS	81	5	Pack06	1.5	HollowGeodeSeed	Secret	22
ODDS	81	5	Pack06	1.5	OrbitLotusSeed	Cosmic	10
ODDS	81	5	Pack06	1.5	PrismMonarchSeed	King	3
ODDS	111	5	Pack06	2	AmethystSeed	Rare	0
ODDS	111	5	Pack06	2	PrismOrchidSeed	Rare	0
ODDS	111	5	Pack06	2	MoonflowerSeed	Rare	0
ODDS	111	5	Pack06	2	DiamondVineSeed	Mythic	97.54522003299445
ODDS	111	5	Pack06	2	HollowGeodeSeed	Secret	2.4283897687900939
ODDS	111	5	Pack06	2	OrbitLotusSeed	Cosmic	0.026390158215457885
ODDS	111	5	Pack06	2	PrismMonarchSeed	King	4.0000000000000001e-08
ODDS	81	5	Pack06	2	AmethystSeed	Rare	0
ODDS	81	5	Pack06	2	PrismOrchidSeed	Rare	0
ODDS	81	5	Pack06	2	MoonflowerSeed	Rare	0
ODDS	81	5	Pack06	2	DiamondVineSeed	Mythic	65
ODDS	81	5	Pack06	2	HollowGeodeSeed	Secret	22
ODDS	81	5	Pack06	2	OrbitLotusSeed	Cosmic	10
ODDS	81	5	Pack06	2	PrismMonarchSeed	King	3
ODDS	111	5	Pack06	5	AmethystSeed	Rare	0
ODDS	111	5	Pack06	5	PrismOrchidSeed	Rare	0
ODDS	111	5	Pack06	5	MoonflowerSeed	Rare	0
ODDS	111	5	Pack06	5	DiamondVineSeed	Mythic	96.823286159084176
ODDS	111	5	Pack06	5	HollowGeodeSeed	Secret	3.1386406621415022
ODDS	111	5	Pack06	5	OrbitLotusSeed	Cosmic	0.038073078774317572
ODDS	111	5	Pack06	5	PrismMonarchSeed	King	1.0000000000000001e-07
ODDS	81	5	Pack06	5	AmethystSeed	Rare	0
ODDS	81	5	Pack06	5	PrismOrchidSeed	Rare	0
ODDS	81	5	Pack06	5	MoonflowerSeed	Rare	0
ODDS	81	5	Pack06	5	DiamondVineSeed	Mythic	63.450624290578887
ODDS	81	5	Pack06	5	HollowGeodeSeed	Secret	22.973893303064695
ODDS	81	5	Pack06	5	OrbitLotusSeed	Cosmic	10.442678774120317
ODDS	81	5	Pack06	5	PrismMonarchSeed	King	3.1328036322360955
ODDS	111	5	Pack06	10	AmethystSeed	Rare	0
ODDS	111	5	Pack06	10	PrismOrchidSeed	Rare	0
ODDS	111	5	Pack06	10	MoonflowerSeed	Rare	0
ODDS	111	5	Pack06	10	DiamondVineSeed	Mythic	96.138840635443316
ODDS	111	5	Pack06	10	HollowGeodeSeed	Secret	3.8109214359264945
ODDS	111	5	Pack06	10	OrbitLotusSeed	Cosmic	0.050237728630191603
ODDS	111	5	Pack06	10	PrismMonarchSeed	King	2.0000000000000002e-07
ODDS	81	5	Pack06	10	AmethystSeed	Rare	0
ODDS	81	5	Pack06	10	PrismOrchidSeed	Rare	0
ODDS	81	5	Pack06	10	MoonflowerSeed	Rare	0
ODDS	81	5	Pack06	10	DiamondVineSeed	Mythic	63.450624290578887
ODDS	81	5	Pack06	10	HollowGeodeSeed	Secret	22.973893303064695
ODDS	81	5	Pack06	10	OrbitLotusSeed	Cosmic	10.442678774120317
ODDS	81	5	Pack06	10	PrismMonarchSeed	King	3.1328036322360955
ODDS	111	5	Pack06	50	AmethystSeed	Rare	0
ODDS	111	5	Pack06	50	PrismOrchidSeed	Rare	0
ODDS	111	5	Pack06	50	MoonflowerSeed	Rare	0
ODDS	111	5	Pack06	50	DiamondVineSeed	Mythic	93.923807260508212
ODDS	111	5	Pack06	50	HollowGeodeSeed	Secret	5.9805564895127885
ODDS	111	5	Pack06	50	OrbitLotusSeed	Cosmic	0.095635249979003717
ODDS	111	5	Pack06	50	PrismMonarchSeed	King	9.9999999999999995e-07
ODDS	81	5	Pack06	50	AmethystSeed	Rare	0
ODDS	81	5	Pack06	50	PrismOrchidSeed	Rare	0
ODDS	81	5	Pack06	50	MoonflowerSeed	Rare	0
ODDS	81	5	Pack06	50	DiamondVineSeed	Mythic	62.162162162162161
ODDS	81	5	Pack06	50	HollowGeodeSeed	Secret	23.783783783783782
ODDS	81	5	Pack06	50	OrbitLotusSeed	Cosmic	10.810810810810811
ODDS	81	5	Pack06	50	PrismMonarchSeed	King	3.2432432432432439
ODDS	111	5	Pack06	300	AmethystSeed	Rare	0
ODDS	111	5	Pack06	300	PrismOrchidSeed	Rare	0
ODDS	111	5	Pack06	300	MoonflowerSeed	Rare	0
ODDS	111	5	Pack06	300	DiamondVineSeed	Mythic	89.927189498657938
ODDS	111	5	Pack06	300	HollowGeodeSeed	Secret	9.8769748288698533
ODDS	111	5	Pack06	300	OrbitLotusSeed	Cosmic	0.19582967247219538
ODDS	111	5	Pack06	300	PrismMonarchSeed	King	6.000000000000001e-06
ODDS	81	5	Pack06	300	AmethystSeed	Rare	0
ODDS	81	5	Pack06	300	PrismOrchidSeed	Rare	0
ODDS	81	5	Pack06	300	MoonflowerSeed	Rare	0
ODDS	81	5	Pack06	300	DiamondVineSeed	Mythic	62.162162162162161
ODDS	81	5	Pack06	300	HollowGeodeSeed	Secret	23.783783783783782
ODDS	81	5	Pack06	300	OrbitLotusSeed	Cosmic	10.810810810810811
ODDS	81	5	Pack06	300	PrismMonarchSeed	King	3.2432432432432439
ODDS	111	5	Pack06	2000	AmethystSeed	Rare	0
ODDS	111	5	Pack06	2000	PrismOrchidSeed	Rare	0
ODDS	111	5	Pack06	2000	MoonflowerSeed	Rare	0
ODDS	111	5	Pack06	2000	DiamondVineSeed	Mythic	82.781351663846863
ODDS	111	5	Pack06	2000	HollowGeodeSeed	Secret	16.800352515116625
ODDS	111	5	Pack06	2000	OrbitLotusSeed	Cosmic	0.41825582103650938
ODDS	111	5	Pack06	2000	PrismMonarchSeed	King	4.0000000000000003e-05
ODDS	81	5	Pack06	2000	AmethystSeed	Rare	0
ODDS	81	5	Pack06	2000	PrismOrchidSeed	Rare	0
ODDS	81	5	Pack06	2000	MoonflowerSeed	Rare	0
ODDS	81	5	Pack06	2000	DiamondVineSeed	Mythic	60.747663551401871
ODDS	81	5	Pack06	2000	HollowGeodeSeed	Secret	24.672897196261683
ODDS	81	5	Pack06	2000	OrbitLotusSeed	Cosmic	11.214953271028037
ODDS	81	5	Pack06	2000	PrismMonarchSeed	King	3.3644859813084111
ODDS	111	5	Pack06	10000	AmethystSeed	Rare	0
ODDS	111	5	Pack06	10000	PrismOrchidSeed	Rare	0
ODDS	111	5	Pack06	10000	MoonflowerSeed	Rare	0
ODDS	111	5	Pack06	10000	DiamondVineSeed	Mythic	74.203585658893005
ODDS	111	5	Pack06	10000	HollowGeodeSeed	Secret	25
ODDS	111	5	Pack06	10000	OrbitLotusSeed	Cosmic	0.79621434110699463
ODDS	111	5	Pack06	10000	PrismMonarchSeed	King	0.00019999999999999998
ODDS	81	5	Pack06	10000	AmethystSeed	Rare	0
ODDS	81	5	Pack06	10000	PrismOrchidSeed	Rare	0
ODDS	81	5	Pack06	10000	MoonflowerSeed	Rare	0
ODDS	81	5	Pack06	10000	DiamondVineSeed	Mythic	60.747663551401871
ODDS	81	5	Pack06	10000	HollowGeodeSeed	Secret	24.672897196261683
ODDS	81	5	Pack06	10000	OrbitLotusSeed	Cosmic	11.214953271028037
ODDS	81	5	Pack06	10000	PrismMonarchSeed	King	3.3644859813084111
ODDS	111	5	Pack06	100000	AmethystSeed	Rare	0
ODDS	111	5	Pack06	100000	PrismOrchidSeed	Rare	0
ODDS	111	5	Pack06	100000	MoonflowerSeed	Rare	0
ODDS	111	5	Pack06	100000	DiamondVineSeed	Mythic	72.998000000000005
ODDS	111	5	Pack06	100000	HollowGeodeSeed	Secret	25
ODDS	111	5	Pack06	100000	OrbitLotusSeed	Cosmic	2.0000000000000009
ODDS	111	5	Pack06	100000	PrismMonarchSeed	King	0.002
ODDS	81	5	Pack06	100000	AmethystSeed	Rare	0
ODDS	81	5	Pack06	100000	PrismOrchidSeed	Rare	0
ODDS	81	5	Pack06	100000	MoonflowerSeed	Rare	0
ODDS	81	5	Pack06	100000	DiamondVineSeed	Mythic	59.336099585062243
ODDS	81	5	Pack06	100000	HollowGeodeSeed	Secret	25.560165975103736
ODDS	81	5	Pack06	100000	OrbitLotusSeed	Cosmic	11.618257261410788
ODDS	81	5	Pack06	100000	PrismMonarchSeed	King	3.4854771784232366
ODDS	111	5	Pack06	1000000	AmethystSeed	Rare	0
ODDS	111	5	Pack06	1000000	PrismOrchidSeed	Rare	0
ODDS	111	5	Pack06	1000000	MoonflowerSeed	Rare	0
ODDS	111	5	Pack06	1000000	DiamondVineSeed	Mythic	69.980000000000004
ODDS	111	5	Pack06	1000000	HollowGeodeSeed	Secret	25
ODDS	111	5	Pack06	1000000	OrbitLotusSeed	Cosmic	5
ODDS	111	5	Pack06	1000000	PrismMonarchSeed	King	0.02
ODDS	81	5	Pack06	1000000	AmethystSeed	Rare	0
ODDS	81	5	Pack06	1000000	PrismOrchidSeed	Rare	0
ODDS	81	5	Pack06	1000000	MoonflowerSeed	Rare	0
ODDS	81	5	Pack06	1000000	DiamondVineSeed	Mythic	59.336099585062243
ODDS	81	5	Pack06	1000000	HollowGeodeSeed	Secret	25.560165975103736
ODDS	81	5	Pack06	1000000	OrbitLotusSeed	Cosmic	11.618257261410788
ODDS	81	5	Pack06	1000000	PrismMonarchSeed	King	3.4854771784232366
ODDS	111	5	Pack06	5000000	AmethystSeed	Rare	0
ODDS	111	5	Pack06	5000000	PrismOrchidSeed	Rare	0
ODDS	111	5	Pack06	5000000	MoonflowerSeed	Rare	0
ODDS	111	5	Pack06	5000000	DiamondVineSeed	Mythic	69.900000000000006
ODDS	111	5	Pack06	5000000	HollowGeodeSeed	Secret	25
ODDS	111	5	Pack06	5000000	OrbitLotusSeed	Cosmic	5
ODDS	111	5	Pack06	5000000	PrismMonarchSeed	King	0.10000000000000001
ODDS	81	5	Pack06	5000000	AmethystSeed	Rare	0
ODDS	81	5	Pack06	5000000	PrismOrchidSeed	Rare	0
ODDS	81	5	Pack06	5000000	MoonflowerSeed	Rare	0
ODDS	81	5	Pack06	5000000	DiamondVineSeed	Mythic	58.208955223880594
ODDS	81	5	Pack06	5000000	HollowGeodeSeed	Secret	26.268656716417912
ODDS	81	5	Pack06	5000000	OrbitLotusSeed	Cosmic	11.940298507462687
ODDS	81	5	Pack06	5000000	PrismMonarchSeed	King	3.5820895522388061
ODDS	111	5	Pack06	10000000	AmethystSeed	Rare	0
ODDS	111	5	Pack06	10000000	PrismOrchidSeed	Rare	0
ODDS	111	5	Pack06	10000000	MoonflowerSeed	Rare	0
ODDS	111	5	Pack06	10000000	DiamondVineSeed	Mythic	69.900000000000006
ODDS	111	5	Pack06	10000000	HollowGeodeSeed	Secret	25
ODDS	111	5	Pack06	10000000	OrbitLotusSeed	Cosmic	5
ODDS	111	5	Pack06	10000000	PrismMonarchSeed	King	0.10000000000000001
ODDS	81	5	Pack06	10000000	AmethystSeed	Rare	0
ODDS	81	5	Pack06	10000000	PrismOrchidSeed	Rare	0
ODDS	81	5	Pack06	10000000	MoonflowerSeed	Rare	0
ODDS	81	5	Pack06	10000000	DiamondVineSeed	Mythic	58.208955223880594
ODDS	81	5	Pack06	10000000	HollowGeodeSeed	Secret	26.268656716417912
ODDS	81	5	Pack06	10000000	OrbitLotusSeed	Cosmic	11.940298507462687
ODDS	81	5	Pack06	10000000	PrismMonarchSeed	King	3.5820895522388061
ODDS	111	7	Pack01	1	SparkReedSeed	Rare	48.078283333283331
ODDS	111	7	Pack01	1	ThunderTulipSeed	Rare	48.078283333283331
ODDS	111	7	Pack01	1	VoltOrchidSeed	Legendary	3.3333333333333335
ODDS	111	7	Pack01	1	TempestLotusSeed	Mythic	0.5
ODDS	111	7	Pack01	1	BlackoutBloomSeed	Secret	0.01
ODDS	111	7	Pack01	1	PulsarStarfruitSeed	King	1e-10
ODDS	111	7	Pack01	1	StormSovereignSeed	Cosmic	9.9999999999999991e-05
ODDS	81	7	Pack01	1	SparkReedSeed	Rare	47
ODDS	81	7	Pack01	1	ThunderTulipSeed	Rare	47
ODDS	81	7	Pack01	1	VoltOrchidSeed	Legendary	4
ODDS	81	7	Pack01	1	TempestLotusSeed	Mythic	1.3
ODDS	81	7	Pack01	1	BlackoutBloomSeed	Secret	0.5
ODDS	81	7	Pack01	1	PulsarStarfruitSeed	King	0.050000000000000003
ODDS	81	7	Pack01	1	StormSovereignSeed	Cosmic	0.14999999999999999
ODDS	111	7	Pack01	1.5	SparkReedSeed	Rare	48.005968763876737
ODDS	111	7	Pack01	1.5	ThunderTulipSeed	Rare	48.005968763876737
ODDS	111	7	Pack01	1.5	VoltOrchidSeed	Legendary	3.4432300986209716
ODDS	111	7	Pack01	1.5	TempestLotusSeed	Mythic	0.53351250804222239
ODDS	111	7	Pack01	1.5	BlackoutBloomSeed	Secret	0.011202257531078135
ODDS	111	7	Pack01	1.5	PulsarStarfruitSeed	King	1.5e-10
ODDS	111	7	Pack01	1.5	StormSovereignSeed	Cosmic	0.00011760790225246736
ODDS	81	7	Pack01	1.5	SparkReedSeed	Rare	47
ODDS	81	7	Pack01	1.5	ThunderTulipSeed	Rare	47
ODDS	81	7	Pack01	1.5	VoltOrchidSeed	Legendary	4
ODDS	81	7	Pack01	1.5	TempestLotusSeed	Mythic	1.3
ODDS	81	7	Pack01	1.5	BlackoutBloomSeed	Secret	0.5
ODDS	81	7	Pack01	1.5	PulsarStarfruitSeed	King	0.050000000000000003
ODDS	81	7	Pack01	1.5	StormSovereignSeed	Cosmic	0.14999999999999999
ODDS	111	7	Pack01	2	SparkReedSeed	Rare	47.952844531295462
ODDS	111	7	Pack01	2	ThunderTulipSeed	Rare	47.952844531295462
ODDS	111	7	Pack01	2	VoltOrchidSeed	Legendary	3.5233934685379347
ODDS	111	7	Pack01	2	TempestLotusSeed	Mythic	0.55864356903611001
ODDS	111	7	Pack01	2	BlackoutBloomSeed	Secret	0.01214194884395047
ODDS	111	7	Pack01	2	PulsarStarfruitSeed	King	2.0000000000000001e-10
ODDS	111	7	Pack01	2	StormSovereignSeed	Cosmic	0.00013195079107728943
ODDS	81	7	Pack01	2	SparkReedSeed	Rare	47
ODDS	81	7	Pack01	2	ThunderTulipSeed	Rare	47
ODDS	81	7	Pack01	2	VoltOrchidSeed	Legendary	4
ODDS	81	7	Pack01	2	TempestLotusSeed	Mythic	1.3
ODDS	81	7	Pack01	2	BlackoutBloomSeed	Secret	0.5
ODDS	81	7	Pack01	2	PulsarStarfruitSeed	King	0.050000000000000003
ODDS	81	7	Pack01	2	StormSovereignSeed	Cosmic	0.14999999999999999
ODDS	111	7	Pack01	5	SparkReedSeed	Rare	47.772946237470833
ODDS	111	7	Pack01	5	ThunderTulipSeed	Rare	47.772946237470833
ODDS	111	7	Pack01	5	VoltOrchidSeed	Legendary	3.7913715391867622
ODDS	111	7	Pack01	5	TempestLotusSeed	Mythic	0.646852416666993
ODDS	111	7	Pack01	5	BlackoutBloomSeed	Secret	0.015693203310707511
ODDS	111	7	Pack01	5	PulsarStarfruitSeed	King	4.9999999999999993e-10
ODDS	111	7	Pack01	5	StormSovereignSeed	Cosmic	0.00019036539387158784
ODDS	81	7	Pack01	5	SparkReedSeed	Rare	46.76500584562573
ODDS	81	7	Pack01	5	ThunderTulipSeed	Rare	46.76500584562573
ODDS	81	7	Pack01	5	VoltOrchidSeed	Legendary	4.2785005348125669
ODDS	81	7	Pack01	5	TempestLotusSeed	Mythic	1.3905126738140843
ODDS	81	7	Pack01	5	BlackoutBloomSeed	Secret	0.57212507151563385
ODDS	81	7	Pack01	5	PulsarStarfruitSeed	King	0.057212507151563397
ODDS	81	7	Pack01	5	StormSovereignSeed	Cosmic	0.17163752145469019
ODDS	111	7	Pack01	10	SparkReedSeed	Rare	47.625213101206434
ODDS	111	7	Pack01	10	ThunderTulipSeed	Rare	47.625213101206434
ODDS	111	7	Pack01	10	VoltOrchidSeed	Legendary	4.0075481153913763
ODDS	111	7	Pack01	10	TempestLotusSeed	Mythic	0.72271988537296372
ODDS	111	7	Pack01	10	BlackoutBloomSeed	Secret	0.019054607179632473
ODDS	111	7	Pack01	10	PulsarStarfruitSeed	King	9.9999999999999986e-10
ODDS	111	7	Pack01	10	StormSovereignSeed	Cosmic	0.00025118864315095801
ODDS	81	7	Pack01	10	SparkReedSeed	Rare	46.76500584562573
ODDS	81	7	Pack01	10	ThunderTulipSeed	Rare	46.76500584562573
ODDS	81	7	Pack01	10	VoltOrchidSeed	Legendary	4.2785005348125669
ODDS	81	7	Pack01	10	TempestLotusSeed	Mythic	1.3905126738140843
ODDS	81	7	Pack01	10	BlackoutBloomSeed	Secret	0.57212507151563385
ODDS	81	7	Pack01	10	PulsarStarfruitSeed	King	0.057212507151563397
ODDS	81	7	Pack01	10	StormSovereignSeed	Cosmic	0.17163752145469019
ODDS	111	7	Pack01	50	SparkReedSeed	Rare	47.238200833732016
ODDS	111	7	Pack01	50	ThunderTulipSeed	Rare	47.238200833732016
ODDS	111	7	Pack01	50	VoltOrchidSeed	Legendary	4.5582311599849241
ODDS	111	7	Pack01	50	TempestLotusSeed	Mythic	0.93498620885358752
ODDS	111	7	Pack01	50	BlackoutBloomSeed	Secret	0.029902782447563944
ODDS	111	7	Pack01	50	PulsarStarfruitSeed	King	5.0000000000000001e-09
ODDS	111	7	Pack01	50	StormSovereignSeed	Cosmic	0.00047817624989501855
ODDS	81	7	Pack01	50	SparkReedSeed	Rare	46.532349883669127
ODDS	81	7	Pack01	50	ThunderTulipSeed	Rare	46.532349883669127
ODDS	81	7	Pack01	50	VoltOrchidSeed	Legendary	4.5542299886144244
ODDS	81	7	Pack01	50	TempestLotusSeed	Mythic	1.4801247462996883
ODDS	81	7	Pack01	50	BlackoutBloomSeed	Secret	0.64353249839116877
ODDS	81	7	Pack01	50	PulsarStarfruitSeed	King	0.064353249839116874
ODDS	81	7	Pack01	50	StormSovereignSeed	Cosmic	0.19305974951735064
ODDS	111	7	Pack01	300	SparkReedSeed	Rare	46.721737459065125
ODDS	111	7	Pack01	300	ThunderTulipSeed	Rare	46.721737459065125
ODDS	111	7	Pack01	300	VoltOrchidSeed	Legendary	5.260759470209905
ODDS	111	7	Pack01	300	TempestLotusSeed	Mythic	1.2454015591531438
ODDS	111	7	Pack01	300	BlackoutBloomSeed	Secret	0.049384874144349271
ODDS	111	7	Pack01	300	PulsarStarfruitSeed	King	2.9999999999999997e-08
ODDS	111	7	Pack01	300	StormSovereignSeed	Cosmic	0.00097914836236097694
ODDS	81	7	Pack01	300	SparkReedSeed	Rare	46.532349883669127
ODDS	81	7	Pack01	300	ThunderTulipSeed	Rare	46.532349883669127
ODDS	81	7	Pack01	300	VoltOrchidSeed	Legendary	4.5542299886144244
ODDS	81	7	Pack01	300	TempestLotusSeed	Mythic	1.4801247462996883
ODDS	81	7	Pack01	300	BlackoutBloomSeed	Secret	0.64353249839116877
ODDS	81	7	Pack01	300	PulsarStarfruitSeed	King	0.064353249839116874
ODDS	81	7	Pack01	300	StormSovereignSeed	Cosmic	0.19305974951735064
ODDS	111	7	Pack01	2000	SparkReedSeed	Rare	46.051937030640879
ODDS	111	7	Pack01	2000	ThunderTulipSeed	Rare	46.051937030640879
ODDS	111	7	Pack01	2000	VoltOrchidSeed	Legendary	6.122956089635359
ODDS	111	7	Pack01	2000	TempestLotusSeed	Mythic	1.6870766074021228
ODDS	111	7	Pack01	2000	BlackoutBloomSeed	Secret	0.08400176257558313
ODDS	111	7	Pack01	2000	PulsarStarfruitSeed	King	2.0000000000000002e-07
ODDS	111	7	Pack01	2000	StormSovereignSeed	Cosmic	0.0020912791051825468
ODDS	81	7	Pack01	2000	SparkReedSeed	Rare	46.225719203343992
ODDS	81	7	Pack01	2000	ThunderTulipSeed	Rare	46.225719203343992
ODDS	81	7	Pack01	2000	VoltOrchidSeed	Legendary	4.9176297024834028
ODDS	81	7	Pack01	2000	TempestLotusSeed	Mythic	1.5982296533071061
ODDS	81	7	Pack01	2000	BlackoutBloomSeed	Secret	0.73764445537251044
ODDS	81	7	Pack01	2000	PulsarStarfruitSeed	King	0.073764445537251061
ODDS	81	7	Pack01	2000	StormSovereignSeed	Cosmic	0.2212933366117531
ODDS	111	7	Pack01	10000	SparkReedSeed	Rare	45.358646328528927
ODDS	111	7	Pack01	10000	ThunderTulipSeed	Rare	45.358646328528927
ODDS	111	7	Pack01	10000	VoltOrchidSeed	Legendary	6.9643204361801327
ODDS	111	7	Pack01	10000	TempestLotusSeed	Mythic	2.1825791612008301
ODDS	111	7	Pack01	10000	BlackoutBloomSeed	Secret	0.13182567385564076
ODDS	111	7	Pack01	10000	PulsarStarfruitSeed	King	9.9999999999999995e-07
ODDS	111	7	Pack01	10000	StormSovereignSeed	Cosmic	0.0039810717055349734
ODDS	81	7	Pack01	10000	SparkReedSeed	Rare	46.225719203343992
ODDS	81	7	Pack01	10000	ThunderTulipSeed	Rare	46.225719203343992
ODDS	81	7	Pack01	10000	VoltOrchidSeed	Legendary	4.9176297024834028
ODDS	81	7	Pack01	10000	TempestLotusSeed	Mythic	1.5982296533071061
ODDS	81	7	Pack01	10000	BlackoutBloomSeed	Secret	0.73764445537251044
ODDS	81	7	Pack01	10000	PulsarStarfruitSeed	King	0.073764445537251061
ODDS	81	7	Pack01	10000	StormSovereignSeed	Cosmic	0.2212933366117531
ODDS	111	7	Pack01	100000	SparkReedSeed	Rare	44.10552993137474
ODDS	111	7	Pack01	100000	ThunderTulipSeed	Rare	44.10552993137474
ODDS	111	7	Pack01	100000	VoltOrchidSeed	Legendary	8.3729547716986001
ODDS	111	7	Pack01	100000	TempestLotusSeed	Mythic	3.1547867224009667
ODDS	111	7	Pack01	100000	BlackoutBloomSeed	Secret	0.25118864315095812
ODDS	111	7	Pack01	100000	PulsarStarfruitSeed	King	9.9999999999999991e-06
ODDS	111	7	Pack01	100000	StormSovereignSeed	Cosmic	0.010000000000000002
ODDS	81	7	Pack01	100000	SparkReedSeed	Rare	45.848067308864771
ODDS	81	7	Pack01	100000	ThunderTulipSeed	Rare	45.848067308864771
ODDS	81	7	Pack01	100000	VoltOrchidSeed	Legendary	5.3651993659309838
ODDS	81	7	Pack01	100000	TempestLotusSeed	Mythic	1.7436897939275697
ODDS	81	7	Pack01	100000	BlackoutBloomSeed	Secret	0.85355444457992924
ODDS	81	7	Pack01	100000	PulsarStarfruitSeed	King	0.085355444457992924
ODDS	81	7	Pack01	100000	StormSovereignSeed	Cosmic	0.25606633337397877
ODDS	111	7	Pack01	1000000	SparkReedSeed	Rare	42.434795555954665
ODDS	111	7	Pack01	1000000	ThunderTulipSeed	Rare	42.434795555954665
ODDS	111	7	Pack01	1000000	VoltOrchidSeed	Legendary	10.066505734673386
ODDS	111	7	Pack01	1000000	TempestLotusSeed	Mythic	4.5600541967795492
ODDS	111	7	Pack01	1000000	BlackoutBloomSeed	Secret	0.47863009232263853
ODDS	111	7	Pack01	1000000	PulsarStarfruitSeed	King	9.9999999999999991e-05
ODDS	111	7	Pack01	1000000	StormSovereignSeed	Cosmic	0.025118864315095805
ODDS	81	7	Pack01	1000000	SparkReedSeed	Rare	45.848067308864771
ODDS	81	7	Pack01	1000000	ThunderTulipSeed	Rare	45.848067308864771
ODDS	81	7	Pack01	1000000	VoltOrchidSeed	Legendary	5.3651993659309838
ODDS	81	7	Pack01	1000000	TempestLotusSeed	Mythic	1.7436897939275697
ODDS	81	7	Pack01	1000000	BlackoutBloomSeed	Secret	0.85355444457992924
ODDS	81	7	Pack01	1000000	PulsarStarfruitSeed	King	0.085355444457992924
ODDS	81	7	Pack01	1000000	StormSovereignSeed	Cosmic	0.25606633337397877
ODDS	111	7	Pack01	5000000	SparkReedSeed	Rare	40.925717641488689
ODDS	111	7	Pack01	5000000	ThunderTulipSeed	Rare	40.925717641488689
ODDS	111	7	Pack01	5000000	VoltOrchidSeed	Legendary	11.449759002450303
ODDS	111	7	Pack01	5000000	TempestLotusSeed	Mythic	5.8993641546386293
ODDS	111	7	Pack01	5000000	BlackoutBloomSeed	Secret	0.75112393494418728
ODDS	111	7	Pack01	5000000	PulsarStarfruitSeed	King	0.00050000000000000001
ODDS	111	7	Pack01	5000000	StormSovereignSeed	Cosmic	0.047817624989501865
ODDS	81	7	Pack01	5000000	SparkReedSeed	Rare	45.476536042573784
ODDS	81	7	Pack01	5000000	ThunderTulipSeed	Rare	45.476536042573784
ODDS	81	7	Pack01	5000000	VoltOrchidSeed	Legendary	5.8055152394775043
ODDS	81	7	Pack01	5000000	TempestLotusSeed	Mythic	1.8867924528301891
ODDS	81	7	Pack01	5000000	BlackoutBloomSeed	Secret	0.96758587324625067
ODDS	81	7	Pack01	5000000	PulsarStarfruitSeed	King	0.09675858732462507
ODDS	81	7	Pack01	5000000	StormSovereignSeed	Cosmic	0.29027576197387522
ODDS	111	7	Pack01	10000000	SparkReedSeed	Rare	40.925717641488689
ODDS	111	7	Pack01	10000000	ThunderTulipSeed	Rare	40.925717641488689
ODDS	111	7	Pack01	10000000	VoltOrchidSeed	Legendary	11.449759002450303
ODDS	111	7	Pack01	10000000	TempestLotusSeed	Mythic	5.8993641546386293
ODDS	111	7	Pack01	10000000	BlackoutBloomSeed	Secret	0.75112393494418728
ODDS	111	7	Pack01	10000000	PulsarStarfruitSeed	King	0.00050000000000000001
ODDS	111	7	Pack01	10000000	StormSovereignSeed	Cosmic	0.047817624989501865
ODDS	81	7	Pack01	10000000	SparkReedSeed	Rare	45.476536042573784
ODDS	81	7	Pack01	10000000	ThunderTulipSeed	Rare	45.476536042573784
ODDS	81	7	Pack01	10000000	VoltOrchidSeed	Legendary	5.8055152394775043
ODDS	81	7	Pack01	10000000	TempestLotusSeed	Mythic	1.8867924528301891
ODDS	81	7	Pack01	10000000	BlackoutBloomSeed	Secret	0.96758587324625067
ODDS	81	7	Pack01	10000000	PulsarStarfruitSeed	King	0.09675858732462507
ODDS	81	7	Pack01	10000000	StormSovereignSeed	Cosmic	0.29027576197387522
ODDS	111	7	Pack02	1	SparkReedSeed	Rare	46.029041666541666
ODDS	111	7	Pack02	1	ThunderTulipSeed	Rare	46.029041666541666
ODDS	111	7	Pack02	1	VoltOrchidSeed	Legendary	6.666666666666667
ODDS	111	7	Pack02	1	TempestLotusSeed	Mythic	1.25
ODDS	111	7	Pack02	1	BlackoutBloomSeed	Secret	0.025000000000000001
ODDS	111	7	Pack02	1	PulsarStarfruitSeed	King	2.4999999999999996e-10
ODDS	111	7	Pack02	1	StormSovereignSeed	Cosmic	0.00025000000000000001
ODDS	81	7	Pack02	1	SparkReedSeed	Rare	44
ODDS	81	7	Pack02	1	ThunderTulipSeed	Rare	44
ODDS	81	7	Pack02	1	VoltOrchidSeed	Legendary	8
ODDS	81	7	Pack02	1	TempestLotusSeed	Mythic	2.5
ODDS	81	7	Pack02	1	BlackoutBloomSeed	Secret	1
ODDS	81	7	Pack02	1	PulsarStarfruitSeed	King	0.10000000000000001
ODDS	81	7	Pack02	1	StormSovereignSeed	Cosmic	0.40000000000000002
ODDS	111	7	Pack02	1.5	SparkReedSeed	Rare	45.875729434347086
ODDS	111	7	Pack02	1.5	ThunderTulipSeed	Rare	45.875729434347086
ODDS	111	7	Pack02	1.5	VoltOrchidSeed	Legendary	6.8864601972419432
ODDS	111	7	Pack02	1.5	TempestLotusSeed	Mythic	1.333781270105556
ODDS	111	7	Pack02	1.5	BlackoutBloomSeed	Secret	0.028005643827695336
ODDS	111	7	Pack02	1.5	PulsarStarfruitSeed	King	3.75e-10
ODDS	111	7	Pack02	1.5	StormSovereignSeed	Cosmic	0.00029401975563116844
ODDS	81	7	Pack02	1.5	SparkReedSeed	Rare	44
ODDS	81	7	Pack02	1.5	ThunderTulipSeed	Rare	44
ODDS	81	7	Pack02	1.5	VoltOrchidSeed	Legendary	8
ODDS	81	7	Pack02	1.5	TempestLotusSeed	Mythic	2.5
ODDS	81	7	Pack02	1.5	BlackoutBloomSeed	Secret	1
ODDS	81	7	Pack02	1.5	PulsarStarfruitSeed	King	0.10000000000000001
ODDS	81	7	Pack02	1.5	StormSovereignSeed	Cosmic	0.40000000000000002
ODDS	111	7	Pack02	2	SparkReedSeed	Rare	45.762959695373141
ODDS	111	7	Pack02	2	ThunderTulipSeed	Rare	45.762959695373141
ODDS	111	7	Pack02	2	VoltOrchidSeed	Legendary	7.0467869370758693
ODDS	111	7	Pack02	2	TempestLotusSeed	Mythic	1.3966089225902751
ODDS	111	7	Pack02	2	BlackoutBloomSeed	Secret	0.030354872109876176
ODDS	111	7	Pack02	2	PulsarStarfruitSeed	King	4.9999999999999993e-10
ODDS	111	7	Pack02	2	StormSovereignSeed	Cosmic	0.00032987697769322358
ODDS	81	7	Pack02	2	SparkReedSeed	Rare	44
ODDS	81	7	Pack02	2	ThunderTulipSeed	Rare	44
ODDS	81	7	Pack02	2	VoltOrchidSeed	Legendary	8
ODDS	81	7	Pack02	2	TempestLotusSeed	Mythic	2.5
ODDS	81	7	Pack02	2	BlackoutBloomSeed	Secret	1
ODDS	81	7	Pack02	2	PulsarStarfruitSeed	King	0.10000000000000001
ODDS	81	7	Pack02	2	StormSovereignSeed	Cosmic	0.40000000000000002
ODDS	111	7	Pack02	5	SparkReedSeed	Rare	45.380208478473769
ODDS	111	7	Pack02	5	ThunderTulipSeed	Rare	45.380208478473769
ODDS	111	7	Pack02	5	VoltOrchidSeed	Legendary	7.5827430783735243
ODDS	111	7	Pack02	5	TempestLotusSeed	Mythic	1.6171310416674824
ODDS	111	7	Pack02	5	BlackoutBloomSeed	Secret	0.039233008276768774
ODDS	111	7	Pack02	5	PulsarStarfruitSeed	King	1.2499999999999998e-09
ODDS	111	7	Pack02	5	StormSovereignSeed	Cosmic	0.00047591348467896966
ODDS	81	7	Pack02	5	SparkReedSeed	Rare	43.55896547456998
ODDS	81	7	Pack02	5	ThunderTulipSeed	Rare	43.55896547456998
ODDS	81	7	Pack02	5	VoltOrchidSeed	Legendary	8.5137977973023151
ODDS	81	7	Pack02	5	TempestLotusSeed	Mythic	2.6605618116569736
ODDS	81	7	Pack02	5	BlackoutBloomSeed	Secret	1.1384729612671698
ODDS	81	7	Pack02	5	PulsarStarfruitSeed	King	0.113847296126717
ODDS	81	7	Pack02	5	StormSovereignSeed	Cosmic	0.45538918450686799
ODDS	111	7	Pack02	10	SparkReedSeed	Rare	45.064919781863935
ODDS	111	7	Pack02	10	ThunderTulipSeed	Rare	45.064919781863935
ODDS	111	7	Pack02	10	VoltOrchidSeed	Legendary	8.0150962307827527
ODDS	111	7	Pack02	10	TempestLotusSeed	Mythic	1.8067997134324092
ODDS	111	7	Pack02	10	BlackoutBloomSeed	Secret	0.047636517949081185
ODDS	111	7	Pack02	10	PulsarStarfruitSeed	King	2.4999999999999996e-09
ODDS	111	7	Pack02	10	StormSovereignSeed	Cosmic	0.00062797160787739508
ODDS	81	7	Pack02	10	SparkReedSeed	Rare	43.55896547456998
ODDS	81	7	Pack02	10	ThunderTulipSeed	Rare	43.55896547456998
ODDS	81	7	Pack02	10	VoltOrchidSeed	Legendary	8.5137977973023151
ODDS	81	7	Pack02	10	TempestLotusSeed	Mythic	2.6605618116569736
ODDS	81	7	Pack02	10	BlackoutBloomSeed	Secret	1.1384729612671698
ODDS	81	7	Pack02	10	PulsarStarfruitSeed	King	0.113847296126717
ODDS	81	7	Pack02	10	StormSovereignSeed	Cosmic	0.45538918450686799
ODDS	111	7	Pack02	50	SparkReedSeed	Rare	44.235059874326268
ODDS	111	7	Pack02	50	ThunderTulipSeed	Rare	44.235059874326268
ODDS	111	7	Pack02	50	VoltOrchidSeed	Legendary	9.1164623199698482
ODDS	111	7	Pack02	50	TempestLotusSeed	Mythic	2.3374655221339689
ODDS	111	7	Pack02	50	BlackoutBloomSeed	Secret	0.074756956118909854
ODDS	111	7	Pack02	50	PulsarStarfruitSeed	King	1.2499999999999998e-08
ODDS	111	7	Pack02	50	StormSovereignSeed	Cosmic	0.0011954406247375465
ODDS	81	7	Pack02	50	SparkReedSeed	Rare	43.126684636118604
ODDS	81	7	Pack02	50	ThunderTulipSeed	Rare	43.126684636118604
ODDS	81	7	Pack02	50	VoltOrchidSeed	Legendary	9.0173976966429787
ODDS	81	7	Pack02	50	TempestLotusSeed	Mythic	2.8179367802009314
ODDS	81	7	Pack02	50	BlackoutBloomSeed	Secret	1.274197500612595
ODDS	81	7	Pack02	50	PulsarStarfruitSeed	King	0.1274197500612595
ODDS	81	7	Pack02	50	StormSovereignSeed	Cosmic	0.50967900024503798
ODDS	111	7	Pack02	300	SparkReedSeed	Rare	43.119533515215281
ODDS	111	7	Pack02	300	ThunderTulipSeed	Rare	43.119533515215281
ODDS	111	7	Pack02	300	VoltOrchidSeed	Legendary	10.52151894041981
ODDS	111	7	Pack02	300	TempestLotusSeed	Mythic	3.1135038978828593
ODDS	111	7	Pack02	300	BlackoutBloomSeed	Secret	0.12346218536087317
ODDS	111	7	Pack02	300	PulsarStarfruitSeed	King	7.4999999999999997e-08
ODDS	111	7	Pack02	300	StormSovereignSeed	Cosmic	0.0024478709059024425
ODDS	81	7	Pack02	300	SparkReedSeed	Rare	43.126684636118604
ODDS	81	7	Pack02	300	ThunderTulipSeed	Rare	43.126684636118604
ODDS	81	7	Pack02	300	VoltOrchidSeed	Legendary	9.0173976966429787
ODDS	81	7	Pack02	300	TempestLotusSeed	Mythic	2.8179367802009314
ODDS	81	7	Pack02	300	BlackoutBloomSeed	Secret	1.274197500612595
ODDS	81	7	Pack02	300	PulsarStarfruitSeed	King	0.1274197500612595
ODDS	81	7	Pack02	300	StormSovereignSeed	Cosmic	0.50967900024503798
ODDS	111	7	Pack02	2000	SparkReedSeed	Rare	41.660581599011032
ODDS	111	7	Pack02	2000	ThunderTulipSeed	Rare	41.660581599011032
ODDS	111	7	Pack02	2000	VoltOrchidSeed	Legendary	12.245912179270718
ODDS	111	7	Pack02	2000	TempestLotusSeed	Mythic	4.2176915185053074
ODDS	111	7	Pack02	2000	BlackoutBloomSeed	Secret	0.21000440643895779
ODDS	111	7	Pack02	2000	PulsarStarfruitSeed	King	4.9999999999999998e-07
ODDS	111	7	Pack02	2000	StormSovereignSeed	Cosmic	0.0052281977629563678
ODDS	81	7	Pack02	2000	SparkReedSeed	Rare	42.563482466747281
ODDS	81	7	Pack02	2000	ThunderTulipSeed	Rare	42.563482466747281
ODDS	81	7	Pack02	2000	VoltOrchidSeed	Legendary	9.6735187424425639
ODDS	81	7	Pack02	2000	TempestLotusSeed	Mythic	3.022974607013301
ODDS	81	7	Pack02	2000	BlackoutBloomSeed	Secret	1.4510278113663846
ODDS	81	7	Pack02	2000	PulsarStarfruitSeed	King	0.14510278113663846
ODDS	81	7	Pack02	2000	StormSovereignSeed	Cosmic	0.58041112454655386
ODDS	111	7	Pack02	10000	SparkReedSeed	Rare	40.137695930367357
ODDS	111	7	Pack02	10000	ThunderTulipSeed	Rare	40.137695930367357
ODDS	111	7	Pack02	10000	VoltOrchidSeed	Legendary	13.928640872360265
ODDS	111	7	Pack02	10000	TempestLotusSeed	Mythic	5.4564479030020756
ODDS	111	7	Pack02	10000	BlackoutBloomSeed	Secret	0.32956418463910186
ODDS	111	7	Pack02	10000	PulsarStarfruitSeed	King	2.4999999999999998e-06
ODDS	111	7	Pack02	10000	StormSovereignSeed	Cosmic	0.0099526792638374335
ODDS	81	7	Pack02	10000	SparkReedSeed	Rare	42.563482466747281
ODDS	81	7	Pack02	10000	ThunderTulipSeed	Rare	42.563482466747281
ODDS	81	7	Pack02	10000	VoltOrchidSeed	Legendary	9.6735187424425639
ODDS	81	7	Pack02	10000	TempestLotusSeed	Mythic	3.022974607013301
ODDS	81	7	Pack02	10000	BlackoutBloomSeed	Secret	1.4510278113663846
ODDS	81	7	Pack02	10000	PulsarStarfruitSeed	King	0.14510278113663846
ODDS	81	7	Pack02	10000	StormSovereignSeed	Cosmic	0.58041112454655386
ODDS	111	7	Pack02	100000	SparkReedSeed	Rare	37.357063521361496
ODDS	111	7	Pack02	100000	ThunderTulipSeed	Rare	37.357063521361496
ODDS	111	7	Pack02	100000	VoltOrchidSeed	Legendary	16.7459095433972
ODDS	111	7	Pack02	100000	TempestLotusSeed	Mythic	7.8869668060024161
ODDS	111	7	Pack02	100000	BlackoutBloomSeed	Secret	0.62797160787739525
ODDS	111	7	Pack02	100000	PulsarStarfruitSeed	King	2.4999999999999998e-05
ODDS	111	7	Pack02	100000	StormSovereignSeed	Cosmic	0.025000000000000012
ODDS	81	7	Pack02	100000	SparkReedSeed	Rare	41.879833432480666
ODDS	81	7	Pack02	100000	ThunderTulipSeed	Rare	41.879833432480666
ODDS	81	7	Pack02	100000	VoltOrchidSeed	Legendary	10.469958358120167
ODDS	81	7	Pack02	100000	TempestLotusSeed	Mythic	3.271861986912552
ODDS	81	7	Pack02	100000	BlackoutBloomSeed	Secret	1.6656751933372993
ODDS	81	7	Pack02	100000	PulsarStarfruitSeed	King	0.16656751933372993
ODDS	81	7	Pack02	100000	StormSovereignSeed	Cosmic	0.66627007733491972
ODDS	111	7	Pack02	1000000	SparkReedSeed	Rare	33.603615323555012
ODDS	111	7	Pack02	1000000	ThunderTulipSeed	Rare	33.603615323555012
ODDS	111	7	Pack02	1000000	VoltOrchidSeed	Legendary	20.133011469346773
ODDS	111	7	Pack02	1000000	TempestLotusSeed	Mythic	11.400135491948873
ODDS	111	7	Pack02	1000000	BlackoutBloomSeed	Secret	1.1965752308065962
ODDS	111	7	Pack02	1000000	PulsarStarfruitSeed	King	0.00025000000000000001
ODDS	111	7	Pack02	1000000	StormSovereignSeed	Cosmic	0.062797160787739531
ODDS	81	7	Pack02	1000000	SparkReedSeed	Rare	41.879833432480666
ODDS	81	7	Pack02	1000000	ThunderTulipSeed	Rare	41.879833432480666
ODDS	81	7	Pack02	1000000	VoltOrchidSeed	Legendary	10.469958358120167
ODDS	81	7	Pack02	1000000	TempestLotusSeed	Mythic	3.271861986912552
ODDS	81	7	Pack02	1000000	BlackoutBloomSeed	Secret	1.6656751933372993
ODDS	81	7	Pack02	1000000	PulsarStarfruitSeed	King	0.16656751933372993
ODDS	81	7	Pack02	1000000	StormSovereignSeed	Cosmic	0.66627007733491972
ODDS	111	7	Pack02	5000000	SparkReedSeed	Rare	30.176733854334298
ODDS	111	7	Pack02	5000000	ThunderTulipSeed	Rare	30.176733854334298
ODDS	111	7	Pack02	5000000	VoltOrchidSeed	Legendary	22.899518004900607
ODDS	111	7	Pack02	5000000	TempestLotusSeed	Mythic	14.748410386596575
ODDS	111	7	Pack02	5000000	BlackoutBloomSeed	Secret	1.8778098373604681
ODDS	111	7	Pack02	5000000	PulsarStarfruitSeed	King	0.0012499999999999998
ODDS	111	7	Pack02	5000000	StormSovereignSeed	Cosmic	0.11954406247375467
ODDS	81	7	Pack02	5000000	SparkReedSeed	Rare	41.217798594847778
ODDS	81	7	Pack02	5000000	ThunderTulipSeed	Rare	41.217798594847778
ODDS	81	7	Pack02	5000000	VoltOrchidSeed	Legendary	11.241217798594848
ODDS	81	7	Pack02	5000000	TempestLotusSeed	Mythic	3.5128805620608898
ODDS	81	7	Pack02	5000000	BlackoutBloomSeed	Secret	1.873536299765808
ODDS	81	7	Pack02	5000000	PulsarStarfruitSeed	King	0.18735362997658081
ODDS	81	7	Pack02	5000000	StormSovereignSeed	Cosmic	0.74941451990632324
ODDS	111	7	Pack02	10000000	SparkReedSeed	Rare	30.176733854334298
ODDS	111	7	Pack02	10000000	ThunderTulipSeed	Rare	30.176733854334298
ODDS	111	7	Pack02	10000000	VoltOrchidSeed	Legendary	22.899518004900607
ODDS	111	7	Pack02	10000000	TempestLotusSeed	Mythic	14.748410386596575
ODDS	111	7	Pack02	10000000	BlackoutBloomSeed	Secret	1.8778098373604681
ODDS	111	7	Pack02	10000000	PulsarStarfruitSeed	King	0.0012499999999999998
ODDS	111	7	Pack02	10000000	StormSovereignSeed	Cosmic	0.11954406247375467
ODDS	81	7	Pack02	10000000	SparkReedSeed	Rare	41.217798594847778
ODDS	81	7	Pack02	10000000	ThunderTulipSeed	Rare	41.217798594847778
ODDS	81	7	Pack02	10000000	VoltOrchidSeed	Legendary	11.241217798594848
ODDS	81	7	Pack02	10000000	TempestLotusSeed	Mythic	3.5128805620608898
ODDS	81	7	Pack02	10000000	BlackoutBloomSeed	Secret	1.873536299765808
ODDS	81	7	Pack02	10000000	PulsarStarfruitSeed	King	0.18735362997658081
ODDS	81	7	Pack02	10000000	StormSovereignSeed	Cosmic	0.74941451990632324
ODDS	111	7	Pack03	1	SparkReedSeed	Rare	41.160176190176188
ODDS	111	7	Pack03	1	ThunderTulipSeed	Rare	41.160176190176188
ODDS	111	7	Pack03	1	VoltOrchidSeed	Legendary	14.285714285714285
ODDS	111	7	Pack03	1	TempestLotusSeed	Mythic	3.3333333333333335
ODDS	111	7	Pack03	1	BlackoutBloomSeed	Secret	0.059999999999999998
ODDS	111	7	Pack03	1	PulsarStarfruitSeed	King	6e-10
ODDS	111	7	Pack03	1	StormSovereignSeed	Cosmic	0.00060000000000000006
ODDS	81	7	Pack03	1	SparkReedSeed	Rare	36.5
ODDS	81	7	Pack03	1	ThunderTulipSeed	Rare	36.5
ODDS	81	7	Pack03	1	VoltOrchidSeed	Legendary	18
ODDS	81	7	Pack03	1	TempestLotusSeed	Mythic	6
ODDS	81	7	Pack03	1	BlackoutBloomSeed	Secret	2
ODDS	81	7	Pack03	1	PulsarStarfruitSeed	King	0.20000000000000001
ODDS	81	7	Pack03	1	StormSovereignSeed	Cosmic	0.80000000000000004
ODDS	111	7	Pack03	1.5	SparkReedSeed	Rare	40.809315165111947
ODDS	111	7	Pack03	1.5	ThunderTulipSeed	Rare	40.809315165111947
ODDS	111	7	Pack03	1.5	VoltOrchidSeed	Legendary	14.756700422661307
ODDS	111	7	Pack03	1.5	TempestLotusSeed	Mythic	3.5567500536148158
ODDS	111	7	Pack03	1.5	BlackoutBloomSeed	Secret	0.067213545186468812
ODDS	111	7	Pack03	1.5	PulsarStarfruitSeed	King	9.000000000000001e-10
ODDS	111	7	Pack03	1.5	StormSovereignSeed	Cosmic	0.00070564741351480421
ODDS	81	7	Pack03	1.5	SparkReedSeed	Rare	36.5
ODDS	81	7	Pack03	1.5	ThunderTulipSeed	Rare	36.5
ODDS	81	7	Pack03	1.5	VoltOrchidSeed	Legendary	18
ODDS	81	7	Pack03	1.5	TempestLotusSeed	Mythic	6
ODDS	81	7	Pack03	1.5	BlackoutBloomSeed	Secret	2
ODDS	81	7	Pack03	1.5	PulsarStarfruitSeed	King	0.20000000000000001
ODDS	81	7	Pack03	1.5	StormSovereignSeed	Cosmic	0.80000000000000004
ODDS	111	7	Pack03	2	SparkReedSeed	Rare	40.550904209221834
ODDS	111	7	Pack03	2	ThunderTulipSeed	Rare	40.550904209221834
ODDS	111	7	Pack03	2	VoltOrchidSeed	Legendary	15.100257722305432
ODDS	111	7	Pack03	2	TempestLotusSeed	Mythic	3.7242904602407334
ODDS	111	7	Pack03	2	BlackoutBloomSeed	Secret	0.072851693063702802
ODDS	111	7	Pack03	2	PulsarStarfruitSeed	King	1.2e-09
ODDS	111	7	Pack03	2	StormSovereignSeed	Cosmic	0.00079170474646373659
ODDS	81	7	Pack03	2	SparkReedSeed	Rare	36.5
ODDS	81	7	Pack03	2	ThunderTulipSeed	Rare	36.5
ODDS	81	7	Pack03	2	VoltOrchidSeed	Legendary	18
ODDS	81	7	Pack03	2	TempestLotusSeed	Mythic	6
ODDS	81	7	Pack03	2	BlackoutBloomSeed	Secret	2
ODDS	81	7	Pack03	2	PulsarStarfruitSeed	King	0.20000000000000001
ODDS	81	7	Pack03	2	StormSovereignSeed	Cosmic	0.80000000000000004
ODDS	111	7	Pack03	5	SparkReedSeed	Rare	39.671806986191321
ODDS	111	7	Pack03	5	ThunderTulipSeed	Rare	39.671806986191321
ODDS	111	7	Pack03	5	VoltOrchidSeed	Legendary	16.248735167943266
ODDS	111	7	Pack03	5	TempestLotusSeed	Mythic	4.3123494444466202
ODDS	111	7	Pack03	5	BlackoutBloomSeed	Secret	0.094159219864245053
ODDS	111	7	Pack03	5	PulsarStarfruitSeed	King	3e-09
ODDS	111	7	Pack03	5	StormSovereignSeed	Cosmic	0.0011421923632295272
ODDS	81	7	Pack03	5	SparkReedSeed	Rare	35.696821515892424
ODDS	81	7	Pack03	5	ThunderTulipSeed	Rare	35.696821515892424
ODDS	81	7	Pack03	5	VoltOrchidSeed	Legendary	18.924205378973102
ODDS	81	7	Pack03	5	TempestLotusSeed	Mythic	6.3080684596577008
ODDS	81	7	Pack03	5	BlackoutBloomSeed	Secret	2.2493887530562344
ODDS	81	7	Pack03	5	PulsarStarfruitSeed	King	0.22493887530562348
ODDS	81	7	Pack03	5	StormSovereignSeed	Cosmic	0.89975550122249393
ODDS	111	7	Pack03	10	SparkReedSeed	Rare	38.945413220545014
ODDS	111	7	Pack03	10	ThunderTulipSeed	Rare	38.945413220545014
ODDS	111	7	Pack03	10	VoltOrchidSeed	Legendary	17.175206208820185
ODDS	111	7	Pack03	10	TempestLotusSeed	Mythic	4.8181325691530912
ODDS	111	7	Pack03	10	BlackoutBloomSeed	Secret	0.11432764307779482
ODDS	111	7	Pack03	10	PulsarStarfruitSeed	King	6e-09
ODDS	111	7	Pack03	10	StormSovereignSeed	Cosmic	0.0015071318589057481
ODDS	81	7	Pack03	10	SparkReedSeed	Rare	35.696821515892424
ODDS	81	7	Pack03	10	ThunderTulipSeed	Rare	35.696821515892424
ODDS	81	7	Pack03	10	VoltOrchidSeed	Legendary	18.924205378973102
ODDS	81	7	Pack03	10	TempestLotusSeed	Mythic	6.3080684596577008
ODDS	81	7	Pack03	10	BlackoutBloomSeed	Secret	2.2493887530562344
ODDS	81	7	Pack03	10	PulsarStarfruitSeed	King	0.22493887530562348
ODDS	81	7	Pack03	10	StormSovereignSeed	Cosmic	0.89975550122249393
ODDS	111	7	Pack03	50	SparkReedSeed	Rare	37.024598212761305
ODDS	111	7	Pack03	50	ThunderTulipSeed	Rare	37.024598212761305
ODDS	111	7	Pack03	50	VoltOrchidSeed	Legendary	19.535276399935388
ODDS	111	7	Pack03	50	TempestLotusSeed	Mythic	6.2332413923572503
ODDS	111	7	Pack03	50	BlackoutBloomSeed	Secret	0.17941669468538365
ODDS	111	7	Pack03	50	PulsarStarfruitSeed	King	2.9999999999999997e-08
ODDS	111	7	Pack03	50	StormSovereignSeed	Cosmic	0.0028690574993701116
ODDS	81	7	Pack03	50	SparkReedSeed	Rare	34.928229665071768
ODDS	81	7	Pack03	50	ThunderTulipSeed	Rare	34.928229665071768
ODDS	81	7	Pack03	50	VoltOrchidSeed	Legendary	19.808612440191386
ODDS	81	7	Pack03	50	TempestLotusSeed	Mythic	6.6028708133971286
ODDS	81	7	Pack03	50	BlackoutBloomSeed	Secret	2.4880382775119614
ODDS	81	7	Pack03	50	PulsarStarfruitSeed	King	0.24880382775119614
ODDS	81	7	Pack03	50	StormSovereignSeed	Cosmic	0.99521531100478455
ODDS	111	7	Pack03	300	SparkReedSeed	Rare	34.424513304376738
ODDS	111	7	Pack03	300	ThunderTulipSeed	Rare	34.424513304376738
ODDS	111	7	Pack03	300	VoltOrchidSeed	Legendary	22.546112015185305
ODDS	111	7	Pack03	300	TempestLotusSeed	Mythic	8.3026770610209581
ODDS	111	7	Pack03	300	BlackoutBloomSeed	Secret	0.29630924486609556
ODDS	111	7	Pack03	300	PulsarStarfruitSeed	King	1.8e-07
ODDS	111	7	Pack03	300	StormSovereignSeed	Cosmic	0.0058748901741658621
ODDS	81	7	Pack03	300	SparkReedSeed	Rare	34.928229665071768
ODDS	81	7	Pack03	300	ThunderTulipSeed	Rare	34.928229665071768
ODDS	81	7	Pack03	300	VoltOrchidSeed	Legendary	19.808612440191386
ODDS	81	7	Pack03	300	TempestLotusSeed	Mythic	6.6028708133971286
ODDS	81	7	Pack03	300	BlackoutBloomSeed	Secret	2.4880382775119614
ODDS	81	7	Pack03	300	PulsarStarfruitSeed	King	0.24880382775119614
ODDS	81	7	Pack03	300	StormSovereignSeed	Cosmic	0.99521531100478455
ODDS	111	7	Pack03	2000	SparkReedSeed	Rare	30.997511391541522
ODDS	111	7	Pack03	2000	ThunderTulipSeed	Rare	30.997511391541522
ODDS	111	7	Pack03	2000	VoltOrchidSeed	Legendary	26.241240384151538
ODDS	111	7	Pack03	2000	TempestLotusSeed	Mythic	11.247177382680819
ODDS	111	7	Pack03	2000	BlackoutBloomSeed	Secret	0.5040105754534987
ODDS	111	7	Pack03	2000	PulsarStarfruitSeed	King	1.1999999999999999e-06
ODDS	111	7	Pack03	2000	StormSovereignSeed	Cosmic	0.01254767463109528
ODDS	81	7	Pack03	2000	SparkReedSeed	Rare	33.953488372093027
ODDS	81	7	Pack03	2000	ThunderTulipSeed	Rare	33.953488372093027
ODDS	81	7	Pack03	2000	VoltOrchidSeed	Legendary	20.930232558139537
ODDS	81	7	Pack03	2000	TempestLotusSeed	Mythic	6.9767441860465116
ODDS	81	7	Pack03	2000	BlackoutBloomSeed	Secret	2.7906976744186047
ODDS	81	7	Pack03	2000	PulsarStarfruitSeed	King	0.27906976744186052
ODDS	81	7	Pack03	2000	StormSovereignSeed	Cosmic	1.1162790697674421
ODDS	111	7	Pack03	10000	SparkReedSeed	Rare	27.393769100832472
ODDS	111	7	Pack03	10000	ThunderTulipSeed	Rare	27.393769100832472
ODDS	111	7	Pack03	10000	VoltOrchidSeed	Legendary	29.847087583629133
ODDS	111	7	Pack03	10000	TempestLotusSeed	Mythic	14.550527741338867
ODDS	111	7	Pack03	10000	BlackoutBloomSeed	Secret	0.79095404313384443
ODDS	111	7	Pack03	10000	PulsarStarfruitSeed	King	6.000000000000001e-06
ODDS	111	7	Pack03	10000	StormSovereignSeed	Cosmic	0.02388643023320984
ODDS	81	7	Pack03	10000	SparkReedSeed	Rare	33.953488372093027
ODDS	81	7	Pack03	10000	ThunderTulipSeed	Rare	33.953488372093027
ODDS	81	7	Pack03	10000	VoltOrchidSeed	Legendary	20.930232558139537
ODDS	81	7	Pack03	10000	TempestLotusSeed	Mythic	6.9767441860465116
ODDS	81	7	Pack03	10000	BlackoutBloomSeed	Secret	2.7906976744186047
ODDS	81	7	Pack03	10000	PulsarStarfruitSeed	King	0.27906976744186052
ODDS	81	7	Pack03	10000	StormSovereignSeed	Cosmic	1.1162790697674421
ODDS	111	7	Pack03	100000	SparkReedSeed	Rare	20.758402389856421
ODDS	111	7	Pack03	100000	ThunderTulipSeed	Rare	20.758402389856421
ODDS	111	7	Pack03	100000	VoltOrchidSeed	Legendary	35.884091878708283
ODDS	111	7	Pack03	100000	TempestLotusSeed	Mythic	21.031911482673106
ODDS	111	7	Pack03	100000	BlackoutBloomSeed	Secret	1.5071318589057483
ODDS	111	7	Pack03	100000	PulsarStarfruitSeed	King	6.0000000000000008e-05
ODDS	111	7	Pack03	100000	StormSovereignSeed	Cosmic	0.060000000000000019
ODDS	81	7	Pack03	100000	SparkReedSeed	Rare	32.80898876404494
ODDS	81	7	Pack03	100000	ThunderTulipSeed	Rare	32.80898876404494
ODDS	81	7	Pack03	100000	VoltOrchidSeed	Legendary	22.247191011235955
ODDS	81	7	Pack03	100000	TempestLotusSeed	Mythic	7.415730337078652
ODDS	81	7	Pack03	100000	BlackoutBloomSeed	Secret	3.1460674157303372
ODDS	81	7	Pack03	100000	PulsarStarfruitSeed	King	0.3146067415730337
ODDS	81	7	Pack03	100000	StormSovereignSeed	Cosmic	1.2584269662921348
ODDS	111	7	Pack03	1000000	SparkReedSeed	Rare	16.464070476070475
ODDS	111	7	Pack03	1000000	ThunderTulipSeed	Rare	16.464070476070475
ODDS	111	7	Pack03	1000000	VoltOrchidSeed	Legendary	33.648403996168987
ODDS	111	7	Pack03	1000000	TempestLotusSeed	Mythic	30.400361311863662
ODDS	111	7	Pack03	1000000	BlackoutBloomSeed	Secret	2.8717805539358308
ODDS	111	7	Pack03	1000000	PulsarStarfruitSeed	King	0.00060000000000000006
ODDS	111	7	Pack03	1000000	StormSovereignSeed	Cosmic	0.15071318589057484
ODDS	81	7	Pack03	1000000	SparkReedSeed	Rare	32.80898876404494
ODDS	81	7	Pack03	1000000	ThunderTulipSeed	Rare	32.80898876404494
ODDS	81	7	Pack03	1000000	VoltOrchidSeed	Legendary	22.247191011235955
ODDS	81	7	Pack03	1000000	TempestLotusSeed	Mythic	7.415730337078652
ODDS	81	7	Pack03	1000000	BlackoutBloomSeed	Secret	3.1460674157303372
ODDS	81	7	Pack03	1000000	PulsarStarfruitSeed	King	0.3146067415730337
ODDS	81	7	Pack03	1000000	StormSovereignSeed	Cosmic	1.2584269662921348
ODDS	111	7	Pack03	5000000	SparkReedSeed	Rare	16.464070476070482
ODDS	111	7	Pack03	5000000	ThunderTulipSeed	Rare	16.464070476070482
ODDS	111	7	Pack03	5000000	VoltOrchidSeed	Legendary	22.946115323999383
ODDS	111	7	Pack03	5000000	TempestLotusSeed	Mythic	39.329094364257529
ODDS	111	7	Pack03	5000000	BlackoutBloomSeed	Secret	4.506743609665123
ODDS	111	7	Pack03	5000000	PulsarStarfruitSeed	King	0.0030000000000000001
ODDS	111	7	Pack03	5000000	StormSovereignSeed	Cosmic	0.28690574993701118
ODDS	81	7	Pack03	5000000	SparkReedSeed	Rare	31.739130434782609
ODDS	81	7	Pack03	5000000	ThunderTulipSeed	Rare	31.739130434782609
ODDS	81	7	Pack03	5000000	VoltOrchidSeed	Legendary	23.478260869565219
ODDS	81	7	Pack03	5000000	TempestLotusSeed	Mythic	7.8260869565217392
ODDS	81	7	Pack03	5000000	BlackoutBloomSeed	Secret	3.4782608695652173
ODDS	81	7	Pack03	5000000	PulsarStarfruitSeed	King	0.34782608695652173
ODDS	81	7	Pack03	5000000	StormSovereignSeed	Cosmic	1.3913043478260869
ODDS	111	7	Pack03	10000000	SparkReedSeed	Rare	16.464070476070482
ODDS	111	7	Pack03	10000000	ThunderTulipSeed	Rare	16.464070476070482
ODDS	111	7	Pack03	10000000	VoltOrchidSeed	Legendary	22.946115323999383
ODDS	111	7	Pack03	10000000	TempestLotusSeed	Mythic	39.329094364257529
ODDS	111	7	Pack03	10000000	BlackoutBloomSeed	Secret	4.506743609665123
ODDS	111	7	Pack03	10000000	PulsarStarfruitSeed	King	0.0030000000000000001
ODDS	111	7	Pack03	10000000	StormSovereignSeed	Cosmic	0.28690574993701118
ODDS	81	7	Pack03	10000000	SparkReedSeed	Rare	31.739130434782609
ODDS	81	7	Pack03	10000000	ThunderTulipSeed	Rare	31.739130434782609
ODDS	81	7	Pack03	10000000	VoltOrchidSeed	Legendary	23.478260869565219
ODDS	81	7	Pack03	10000000	TempestLotusSeed	Mythic	7.8260869565217392
ODDS	81	7	Pack03	10000000	BlackoutBloomSeed	Secret	3.4782608695652173
ODDS	81	7	Pack03	10000000	PulsarStarfruitSeed	King	0.34782608695652173
ODDS	81	7	Pack03	10000000	StormSovereignSeed	Cosmic	1.3913043478260869
ODDS	111	7	Pack04	1	SparkReedSeed	Rare	28.232333332333333
ODDS	111	7	Pack04	1	ThunderTulipSeed	Rare	28.232333332333333
ODDS	111	7	Pack04	1	VoltOrchidSeed	Legendary	33.333333333333329
ODDS	111	7	Pack04	1	TempestLotusSeed	Mythic	10
ODDS	111	7	Pack04	1	BlackoutBloomSeed	Secret	0.20000000000000001
ODDS	111	7	Pack04	1	PulsarStarfruitSeed	King	1.9999999999999997e-09
ODDS	111	7	Pack04	1	StormSovereignSeed	Cosmic	0.002
ODDS	81	7	Pack04	1	SparkReedSeed	Rare	22.5
ODDS	81	7	Pack04	1	ThunderTulipSeed	Rare	22.5
ODDS	81	7	Pack04	1	VoltOrchidSeed	Legendary	32
ODDS	81	7	Pack04	1	TempestLotusSeed	Mythic	15
ODDS	81	7	Pack04	1	BlackoutBloomSeed	Secret	5
ODDS	81	7	Pack04	1	PulsarStarfruitSeed	King	0.69999999999999996
ODDS	81	7	Pack04	1	StormSovereignSeed	Cosmic	2.2999999999999998
ODDS	111	7	Pack04	1.5	SparkReedSeed	Rare	27.335525770639613
ODDS	111	7	Pack04	1.5	ThunderTulipSeed	Rare	27.335525770639613
ODDS	111	7	Pack04	1.5	VoltOrchidSeed	Legendary	34.432300986209711
ODDS	111	7	Pack04	1.5	TempestLotusSeed	Mythic	10.670250160844448
ODDS	111	7	Pack04	1.5	BlackoutBloomSeed	Secret	0.22404515062156269
ODDS	111	7	Pack04	1.5	PulsarStarfruitSeed	King	3e-09
ODDS	111	7	Pack04	1.5	StormSovereignSeed	Cosmic	0.0023521580450493475
ODDS	81	7	Pack04	1.5	SparkReedSeed	Rare	22.5
ODDS	81	7	Pack04	1.5	ThunderTulipSeed	Rare	22.5
ODDS	81	7	Pack04	1.5	VoltOrchidSeed	Legendary	32
ODDS	81	7	Pack04	1.5	TempestLotusSeed	Mythic	15
ODDS	81	7	Pack04	1.5	BlackoutBloomSeed	Secret	5
ODDS	81	7	Pack04	1.5	PulsarStarfruitSeed	King	0.69999999999999996
ODDS	81	7	Pack04	1.5	StormSovereignSeed	Cosmic	2.2999999999999998
ODDS	111	7	Pack04	2	SparkReedSeed	Rare	26.673857968598945
ODDS	111	7	Pack04	2	ThunderTulipSeed	Rare	26.673857968598945
ODDS	111	7	Pack04	2	VoltOrchidSeed	Legendary	35.233934685379339
ODDS	111	7	Pack04	2	TempestLotusSeed	Mythic	11.172871380722201
ODDS	111	7	Pack04	2	BlackoutBloomSeed	Secret	0.2428389768790094
ODDS	111	7	Pack04	2	PulsarStarfruitSeed	King	3.9999999999999994e-09
ODDS	111	7	Pack04	2	StormSovereignSeed	Cosmic	0.0026390158215457886
ODDS	81	7	Pack04	2	SparkReedSeed	Rare	22.5
ODDS	81	7	Pack04	2	ThunderTulipSeed	Rare	22.5
ODDS	81	7	Pack04	2	VoltOrchidSeed	Legendary	32
ODDS	81	7	Pack04	2	TempestLotusSeed	Mythic	15
ODDS	81	7	Pack04	2	BlackoutBloomSeed	Secret	5
ODDS	81	7	Pack04	2	PulsarStarfruitSeed	King	0.69999999999999996
ODDS	81	7	Pack04	2	StormSovereignSeed	Cosmic	2.2999999999999998
ODDS	111	7	Pack04	5	SparkReedSeed	Rare	24.415782445350466
ODDS	111	7	Pack04	5	ThunderTulipSeed	Rare	24.415782445350466
ODDS	111	7	Pack04	5	VoltOrchidSeed	Legendary	37.913715391867619
ODDS	111	7	Pack04	5	TempestLotusSeed	Mythic	12.93704833333986
ODDS	111	7	Pack04	5	BlackoutBloomSeed	Secret	0.31386406621415019
ODDS	111	7	Pack04	5	PulsarStarfruitSeed	King	9.9999999999999986e-09
ODDS	111	7	Pack04	5	StormSovereignSeed	Cosmic	0.0038073078774317573
ODDS	81	7	Pack04	5	SparkReedSeed	Rare	21.484841250895201
ODDS	81	7	Pack04	5	ThunderTulipSeed	Rare	21.484841250895201
ODDS	81	7	Pack04	5	VoltOrchidSeed	Legendary	32.847935068035326
ODDS	81	7	Pack04	5	TempestLotusSeed	Mythic	15.397469563141559
ODDS	81	7	Pack04	5	BlackoutBloomSeed	Secret	5.4905705418954396
ODDS	81	7	Pack04	5	PulsarStarfruitSeed	King	0.76867987586536157
ODDS	81	7	Pack04	5	StormSovereignSeed	Cosmic	2.525662449271902
ODDS	111	7	Pack04	10	SparkReedSeed	Rare	22.542002601085642
ODDS	111	7	Pack04	10	ThunderTulipSeed	Rare	22.542002601085642
ODDS	111	7	Pack04	10	VoltOrchidSeed	Legendary	40.075481153913763
ODDS	111	7	Pack04	10	TempestLotusSeed	Mythic	14.454397707459274
ODDS	111	7	Pack04	10	BlackoutBloomSeed	Secret	0.38109214359264948
ODDS	111	7	Pack04	10	PulsarStarfruitSeed	King	1.9999999999999997e-08
ODDS	111	7	Pack04	10	StormSovereignSeed	Cosmic	0.0050237728630191606
ODDS	81	7	Pack04	10	SparkReedSeed	Rare	21.484841250895201
ODDS	81	7	Pack04	10	ThunderTulipSeed	Rare	21.484841250895201
ODDS	81	7	Pack04	10	VoltOrchidSeed	Legendary	32.847935068035326
ODDS	81	7	Pack04	10	TempestLotusSeed	Mythic	15.397469563141559
ODDS	81	7	Pack04	10	BlackoutBloomSeed	Secret	5.4905705418954396
ODDS	81	7	Pack04	10	PulsarStarfruitSeed	King	0.76867987586536157
ODDS	81	7	Pack04	10	StormSovereignSeed	Cosmic	2.525662449271902
ODDS	111	7	Pack04	50	SparkReedSeed	Rare	17.555172474564916
ODDS	111	7	Pack04	50	ThunderTulipSeed	Rare	17.555172474564916
ODDS	111	7	Pack04	50	VoltOrchidSeed	Legendary	45.582311599849234
ODDS	111	7	Pack04	50	TempestLotusSeed	Mythic	18.699724177071751
ODDS	111	7	Pack04	50	BlackoutBloomSeed	Secret	0.59805564895127883
ODDS	111	7	Pack04	50	PulsarStarfruitSeed	King	9.9999999999999982e-08
ODDS	111	7	Pack04	50	StormSovereignSeed	Cosmic	0.009563524997900372
ODDS	81	7	Pack04	50	SparkReedSeed	Rare	20.557332115121064
ODDS	81	7	Pack04	50	ThunderTulipSeed	Rare	20.557332115121064
ODDS	81	7	Pack04	50	VoltOrchidSeed	Legendary	33.622658748286888
ODDS	81	7	Pack04	50	TempestLotusSeed	Mythic	15.760621288259481
ODDS	81	7	Pack04	50	BlackoutBloomSeed	Secret	5.9387848332571957
ODDS	81	7	Pack04	50	PulsarStarfruitSeed	King	0.83142987665600732
ODDS	81	7	Pack04	50	StormSovereignSeed	Cosmic	2.7318410232983101
ODDS	111	7	Pack04	300	SparkReedSeed	Rare	12.042343883401458
ODDS	111	7	Pack04	300	ThunderTulipSeed	Rare	12.042343883401458
ODDS	111	7	Pack04	300	VoltOrchidSeed	Legendary	50
ODDS	111	7	Pack04	300	TempestLotusSeed	Mythic	24.908031183062874
ODDS	111	7	Pack04	300	BlackoutBloomSeed	Secret	0.98769748288698533
ODDS	111	7	Pack04	300	PulsarStarfruitSeed	King	5.9999999999999997e-07
ODDS	111	7	Pack04	300	StormSovereignSeed	Cosmic	0.01958296724721954
ODDS	81	7	Pack04	300	SparkReedSeed	Rare	20.557332115121064
ODDS	81	7	Pack04	300	ThunderTulipSeed	Rare	20.557332115121064
ODDS	81	7	Pack04	300	VoltOrchidSeed	Legendary	33.622658748286888
ODDS	81	7	Pack04	300	TempestLotusSeed	Mythic	15.760621288259481
ODDS	81	7	Pack04	300	BlackoutBloomSeed	Secret	5.9387848332571957
ODDS	81	7	Pack04	300	PulsarStarfruitSeed	King	0.83142987665600732
ODDS	81	7	Pack04	300	StormSovereignSeed	Cosmic	2.7318410232983101
ODDS	111	7	Pack04	2000	SparkReedSeed	Rare	11.292933332933325
ODDS	111	7	Pack04	2000	ThunderTulipSeed	Rare	11.292933332933325
ODDS	111	7	Pack04	2000	VoltOrchidSeed	Legendary	41.95073635247558
ODDS	111	7	Pack04	2000	TempestLotusSeed	Mythic	33.741532148042459
ODDS	111	7	Pack04	2000	BlackoutBloomSeed	Secret	1.6800352515116623
ODDS	111	7	Pack04	2000	PulsarStarfruitSeed	King	3.9999999999999998e-06
ODDS	111	7	Pack04	2000	StormSovereignSeed	Cosmic	0.041825582103650942
ODDS	81	7	Pack04	2000	SparkReedSeed	Rare	19.438444924406049
ODDS	81	7	Pack04	2000	ThunderTulipSeed	Rare	19.438444924406049
ODDS	81	7	Pack04	2000	VoltOrchidSeed	Legendary	34.557235421166304
ODDS	81	7	Pack04	2000	TempestLotusSeed	Mythic	16.198704103671705
ODDS	81	7	Pack04	2000	BlackoutBloomSeed	Secret	6.4794816414686824
ODDS	81	7	Pack04	2000	PulsarStarfruitSeed	King	0.90712742980561545
ODDS	81	7	Pack04	2000	StormSovereignSeed	Cosmic	2.9805615550755942
ODDS	111	7	Pack04	10000	SparkReedSeed	Rare	11.292933332933336
ODDS	111	7	Pack04	10000	ThunderTulipSeed	Rare	11.292933332933336
ODDS	111	7	Pack04	10000	VoltOrchidSeed	Legendary	31.046395198893219
ODDS	111	7	Pack04	10000	TempestLotusSeed	Mythic	43.651583224016605
ODDS	111	7	Pack04	10000	BlackoutBloomSeed	Secret	2.6365134771128149
ODDS	111	7	Pack04	10000	PulsarStarfruitSeed	King	1.9999999999999998e-05
ODDS	111	7	Pack04	10000	StormSovereignSeed	Cosmic	0.079621434110699468
ODDS	81	7	Pack04	10000	SparkReedSeed	Rare	19.438444924406049
ODDS	81	7	Pack04	10000	ThunderTulipSeed	Rare	19.438444924406049
ODDS	81	7	Pack04	10000	VoltOrchidSeed	Legendary	34.557235421166304
ODDS	81	7	Pack04	10000	TempestLotusSeed	Mythic	16.198704103671705
ODDS	81	7	Pack04	10000	BlackoutBloomSeed	Secret	6.4794816414686824
ODDS	81	7	Pack04	10000	PulsarStarfruitSeed	King	0.90712742980561545
ODDS	81	7	Pack04	10000	StormSovereignSeed	Cosmic	2.9805615550755942
ODDS	111	7	Pack04	100000	SparkReedSeed	Rare	11.292933332933336
ODDS	111	7	Pack04	100000	ThunderTulipSeed	Rare	11.292933332933336
ODDS	111	7	Pack04	100000	VoltOrchidSeed	Legendary	27.190160471114176
ODDS	111	7	Pack04	100000	TempestLotusSeed	Mythic	45
ODDS	111	7	Pack04	100000	BlackoutBloomSeed	Secret	5.023772863019162
ODDS	111	7	Pack04	100000	PulsarStarfruitSeed	King	0.00019999999999999998
ODDS	111	7	Pack04	100000	StormSovereignSeed	Cosmic	0.20000000000000009
ODDS	81	7	Pack04	100000	SparkReedSeed	Rare	18.200202224469162
ODDS	81	7	Pack04	100000	ThunderTulipSeed	Rare	18.200202224469162
ODDS	81	7	Pack04	100000	VoltOrchidSeed	Legendary	35.591506572295245
ODDS	81	7	Pack04	100000	TempestLotusSeed	Mythic	16.683518705763397
ODDS	81	7	Pack04	100000	BlackoutBloomSeed	Secret	7.0778564206268957
ODDS	81	7	Pack04	100000	PulsarStarfruitSeed	King	0.99089989888776531
ODDS	81	7	Pack04	100000	StormSovereignSeed	Cosmic	3.2558139534883717
ODDS	111	7	Pack04	1000000	SparkReedSeed	Rare	11.292933332933336
ODDS	111	7	Pack04	1000000	ThunderTulipSeed	Rare	11.292933332933336
ODDS	111	7	Pack04	1000000	VoltOrchidSeed	Legendary	22.337154201378652
ODDS	111	7	Pack04	1000000	TempestLotusSeed	Mythic	45
ODDS	111	7	Pack04	1000000	BlackoutBloomSeed	Secret	9.5726018464527698
ODDS	111	7	Pack04	1000000	PulsarStarfruitSeed	King	0.002
ODDS	111	7	Pack04	1000000	StormSovereignSeed	Cosmic	0.50237728630191625
ODDS	81	7	Pack04	1000000	SparkReedSeed	Rare	18.200202224469162
ODDS	81	7	Pack04	1000000	ThunderTulipSeed	Rare	18.200202224469162
ODDS	81	7	Pack04	1000000	VoltOrchidSeed	Legendary	35.591506572295245
ODDS	81	7	Pack04	1000000	TempestLotusSeed	Mythic	16.683518705763397
ODDS	81	7	Pack04	1000000	BlackoutBloomSeed	Secret	7.0778564206268957
ODDS	81	7	Pack04	1000000	PulsarStarfruitSeed	King	0.99089989888776531
ODDS	81	7	Pack04	1000000	StormSovereignSeed	Cosmic	3.2558139534883717
ODDS	111	7	Pack04	5000000	SparkReedSeed	Rare	11.29293333293333
ODDS	111	7	Pack04	5000000	ThunderTulipSeed	Rare	11.29293333293333
ODDS	111	7	Pack04	5000000	VoltOrchidSeed	Legendary	16.666666666666664
ODDS	111	7	Pack04	5000000	TempestLotusSeed	Mythic	44.758635468792903
ODDS	111	7	Pack04	5000000	BlackoutBloomSeed	Secret	15.022478698883745
ODDS	111	7	Pack04	5000000	PulsarStarfruitSeed	King	0.0099999999999999985
ODDS	111	7	Pack04	5000000	StormSovereignSeed	Cosmic	0.95635249979003734
ODDS	81	7	Pack04	5000000	SparkReedSeed	Rare	17.110266159695819
ODDS	81	7	Pack04	5000000	ThunderTulipSeed	Rare	17.110266159695819
ODDS	81	7	Pack04	5000000	VoltOrchidSeed	Legendary	36.50190114068441
ODDS	81	7	Pack04	5000000	TempestLotusSeed	Mythic	17.110266159695819
ODDS	81	7	Pack04	5000000	BlackoutBloomSeed	Secret	7.6045627376425857
ODDS	81	7	Pack04	5000000	PulsarStarfruitSeed	King	1.064638783269962
ODDS	81	7	Pack04	5000000	StormSovereignSeed	Cosmic	3.4980988593155891
ODDS	111	7	Pack04	10000000	SparkReedSeed	Rare	11.29293333293333
ODDS	111	7	Pack04	10000000	ThunderTulipSeed	Rare	11.29293333293333
ODDS	111	7	Pack04	10000000	VoltOrchidSeed	Legendary	16.666666666666664
ODDS	111	7	Pack04	10000000	TempestLotusSeed	Mythic	44.758635468792903
ODDS	111	7	Pack04	10000000	BlackoutBloomSeed	Secret	15.022478698883745
ODDS	111	7	Pack04	10000000	PulsarStarfruitSeed	King	0.0099999999999999985
ODDS	111	7	Pack04	10000000	StormSovereignSeed	Cosmic	0.95635249979003734
ODDS	81	7	Pack04	10000000	SparkReedSeed	Rare	17.110266159695819
ODDS	81	7	Pack04	10000000	ThunderTulipSeed	Rare	17.110266159695819
ODDS	81	7	Pack04	10000000	VoltOrchidSeed	Legendary	36.50190114068441
ODDS	81	7	Pack04	10000000	TempestLotusSeed	Mythic	17.110266159695819
ODDS	81	7	Pack04	10000000	BlackoutBloomSeed	Secret	7.6045627376425857
ODDS	81	7	Pack04	10000000	PulsarStarfruitSeed	King	1.064638783269962
ODDS	81	7	Pack04	10000000	StormSovereignSeed	Cosmic	3.4980988593155891
ODDS	111	7	Pack05	1	SparkReedSeed	Rare	17.196999997000002
ODDS	111	7	Pack05	1	ThunderTulipSeed	Rare	17.196999997000002
ODDS	111	7	Pack05	1	VoltOrchidSeed	Legendary	40
ODDS	111	7	Pack05	1	TempestLotusSeed	Mythic	25
ODDS	111	7	Pack05	1	BlackoutBloomSeed	Secret	0.59999999999999998
ODDS	111	7	Pack05	1	PulsarStarfruitSeed	King	6e-09
ODDS	111	7	Pack05	1	StormSovereignSeed	Cosmic	0.0059999999999999993
ODDS	81	7	Pack05	1	SparkReedSeed	Rare	5
ODDS	81	7	Pack05	1	ThunderTulipSeed	Rare	5
ODDS	81	7	Pack05	1	VoltOrchidSeed	Legendary	40
ODDS	81	7	Pack05	1	TempestLotusSeed	Mythic	30
ODDS	81	7	Pack05	1	BlackoutBloomSeed	Secret	12
ODDS	81	7	Pack05	1	PulsarStarfruitSeed	King	2
ODDS	81	7	Pack05	1	StormSovereignSeed	Cosmic	6
ODDS	111	7	Pack05	1.5	SparkReedSeed	Rare	15.663210739718691
ODDS	111	7	Pack05	1.5	ThunderTulipSeed	Rare	15.663210739718691
ODDS	111	7	Pack05	1.5	VoltOrchidSeed	Legendary	41.318761183451656
ODDS	111	7	Pack05	1.5	TempestLotusSeed	Mythic	26.67562540211112
ODDS	111	7	Pack05	1.5	BlackoutBloomSeed	Secret	0.67213545186468815
ODDS	111	7	Pack05	1.5	PulsarStarfruitSeed	King	8.9999999999999995e-09
ODDS	111	7	Pack05	1.5	StormSovereignSeed	Cosmic	0.0070564741351480404
ODDS	81	7	Pack05	1.5	SparkReedSeed	Rare	5
ODDS	81	7	Pack05	1.5	ThunderTulipSeed	Rare	5
ODDS	81	7	Pack05	1.5	VoltOrchidSeed	Legendary	40
ODDS	81	7	Pack05	1.5	TempestLotusSeed	Mythic	30
ODDS	81	7	Pack05	1.5	BlackoutBloomSeed	Secret	12
ODDS	81	7	Pack05	1.5	PulsarStarfruitSeed	King	2
ODDS	81	7	Pack05	1.5	StormSovereignSeed	Cosmic	6
ODDS	111	7	Pack05	2	SparkReedSeed	Rare	14.525332967818816
ODDS	111	7	Pack05	2	ThunderTulipSeed	Rare	14.525332967818816
ODDS	111	7	Pack05	2	VoltOrchidSeed	Legendary	42.280721622455211
ODDS	111	7	Pack05	2	TempestLotusSeed	Mythic	27.932178451805502
ODDS	111	7	Pack05	2	BlackoutBloomSeed	Secret	0.72851693063702816
ODDS	111	7	Pack05	2	PulsarStarfruitSeed	King	1.2e-08
ODDS	111	7	Pack05	2	StormSovereignSeed	Cosmic	0.0079170474646373633
ODDS	81	7	Pack05	2	SparkReedSeed	Rare	5
ODDS	81	7	Pack05	2	ThunderTulipSeed	Rare	5
ODDS	81	7	Pack05	2	VoltOrchidSeed	Legendary	40
ODDS	81	7	Pack05	2	TempestLotusSeed	Mythic	30
ODDS	81	7	Pack05	2	BlackoutBloomSeed	Secret	12
ODDS	81	7	Pack05	2	PulsarStarfruitSeed	King	2
ODDS	81	7	Pack05	2	StormSovereignSeed	Cosmic	6
ODDS	111	7	Pack05	5	SparkReedSeed	Rare	10.60395327206723
ODDS	111	7	Pack05	5	ThunderTulipSeed	Rare	10.60395327206723
ODDS	111	7	Pack05	5	VoltOrchidSeed	Legendary	45.496458470241151
ODDS	111	7	Pack05	5	TempestLotusSeed	Mythic	32.342620833349649
ODDS	111	7	Pack05	5	BlackoutBloomSeed	Secret	0.9415921986424507
ODDS	111	7	Pack05	5	PulsarStarfruitSeed	King	2.9999999999999997e-08
ODDS	111	7	Pack05	5	StormSovereignSeed	Cosmic	0.01142192363229527
ODDS	81	7	Pack05	5	SparkReedSeed	Rare	4.6189376443418011
ODDS	81	7	Pack05	5	ThunderTulipSeed	Rare	4.6189376443418011
ODDS	81	7	Pack05	5	VoltOrchidSeed	Legendary	39.722863741339495
ODDS	81	7	Pack05	5	TempestLotusSeed	Mythic	29.792147806004618
ODDS	81	7	Pack05	5	BlackoutBloomSeed	Secret	12.748267898383371
ODDS	81	7	Pack05	5	PulsarStarfruitSeed	King	2.1247113163972284
ODDS	81	7	Pack05	5	StormSovereignSeed	Cosmic	6.3741339491916857
ODDS	111	7	Pack05	10	SparkReedSeed	Rare	7.3075402686441411
ODDS	111	7	Pack05	10	ThunderTulipSeed	Rare	7.3075402686441411
ODDS	111	7	Pack05	10	VoltOrchidSeed	Legendary	48.090577384696523
ODDS	111	7	Pack05	10	TempestLotusSeed	Mythic	36.135994268648183
ODDS	111	7	Pack05	10	BlackoutBloomSeed	Secret	1.1432764307779484
ODDS	111	7	Pack05	10	PulsarStarfruitSeed	King	5.9999999999999995e-08
ODDS	111	7	Pack05	10	StormSovereignSeed	Cosmic	0.015071318589057478
ODDS	81	7	Pack05	10	SparkReedSeed	Rare	4.6189376443418011
ODDS	81	7	Pack05	10	ThunderTulipSeed	Rare	4.6189376443418011
ODDS	81	7	Pack05	10	VoltOrchidSeed	Legendary	39.722863741339495
ODDS	81	7	Pack05	10	TempestLotusSeed	Mythic	29.792147806004618
ODDS	81	7	Pack05	10	BlackoutBloomSeed	Secret	12.748267898383371
ODDS	81	7	Pack05	10	PulsarStarfruitSeed	King	2.1247113163972284
ODDS	81	7	Pack05	10	StormSovereignSeed	Cosmic	6.3741339491916857
ODDS	111	7	Pack05	50	SparkReedSeed	Rare	6.8787999987999999
ODDS	111	7	Pack05	50	ThunderTulipSeed	Rare	6.8787999987999999
ODDS	111	7	Pack05	50	VoltOrchidSeed	Legendary	39.419542180552455
ODDS	111	7	Pack05	50	TempestLotusSeed	Mythic	45
ODDS	111	7	Pack05	50	BlackoutBloomSeed	Secret	1.7941669468538364
ODDS	111	7	Pack05	50	PulsarStarfruitSeed	King	2.9999999999999999e-07
ODDS	111	7	Pack05	50	StormSovereignSeed	Cosmic	0.028690574993701111
ODDS	81	7	Pack05	50	SparkReedSeed	Rare	4.2918454935622323
ODDS	81	7	Pack05	50	ThunderTulipSeed	Rare	4.2918454935622323
ODDS	81	7	Pack05	50	VoltOrchidSeed	Legendary	39.484978540772538
ODDS	81	7	Pack05	50	TempestLotusSeed	Mythic	29.613733905579402
ODDS	81	7	Pack05	50	BlackoutBloomSeed	Secret	13.390557939914167
ODDS	81	7	Pack05	50	PulsarStarfruitSeed	King	2.2317596566523608
ODDS	81	7	Pack05	50	StormSovereignSeed	Cosmic	6.6952789699570836
ODDS	111	7	Pack05	300	SparkReedSeed	Rare	6.8787999987999999
ODDS	111	7	Pack05	300	ThunderTulipSeed	Rare	6.8787999987999999
ODDS	111	7	Pack05	300	VoltOrchidSeed	Legendary	38.220556851997387
ODDS	111	7	Pack05	300	TempestLotusSeed	Mythic	45
ODDS	111	7	Pack05	300	BlackoutBloomSeed	Secret	2.963092448660956
ODDS	111	7	Pack05	300	PulsarStarfruitSeed	King	1.7999999999999999e-06
ODDS	111	7	Pack05	300	StormSovereignSeed	Cosmic	0.058748901741658616
ODDS	81	7	Pack05	300	SparkReedSeed	Rare	4.2918454935622323
ODDS	81	7	Pack05	300	ThunderTulipSeed	Rare	4.2918454935622323
ODDS	81	7	Pack05	300	VoltOrchidSeed	Legendary	39.484978540772538
ODDS	81	7	Pack05	300	TempestLotusSeed	Mythic	29.613733905579402
ODDS	81	7	Pack05	300	BlackoutBloomSeed	Secret	13.390557939914167
ODDS	81	7	Pack05	300	PulsarStarfruitSeed	King	2.2317596566523608
ODDS	81	7	Pack05	300	StormSovereignSeed	Cosmic	6.6952789699570836
ODDS	111	7	Pack05	2000	SparkReedSeed	Rare	6.8787999988000061
ODDS	111	7	Pack05	2000	ThunderTulipSeed	Rare	6.8787999988000061
ODDS	111	7	Pack05	2000	VoltOrchidSeed	Legendary	36.076805501554055
ODDS	111	7	Pack05	2000	TempestLotusSeed	Mythic	45
ODDS	111	7	Pack05	2000	BlackoutBloomSeed	Secret	5.0401057545349879
ODDS	111	7	Pack05	2000	PulsarStarfruitSeed	King	1.1999999999999999e-05
ODDS	111	7	Pack05	2000	StormSovereignSeed	Cosmic	0.12547674631095282
ODDS	81	7	Pack05	2000	SparkReedSeed	Rare	3.9215686274509802
ODDS	81	7	Pack05	2000	ThunderTulipSeed	Rare	3.9215686274509802
ODDS	81	7	Pack05	2000	VoltOrchidSeed	Legendary	39.215686274509807
ODDS	81	7	Pack05	2000	TempestLotusSeed	Mythic	29.411764705882351
ODDS	81	7	Pack05	2000	BlackoutBloomSeed	Secret	14.117647058823529
ODDS	81	7	Pack05	2000	PulsarStarfruitSeed	King	2.3529411764705883
ODDS	81	7	Pack05	2000	StormSovereignSeed	Cosmic	7.0588235294117645
ODDS	111	7	Pack05	10000	SparkReedSeed	Rare	6.8787999987999999
ODDS	111	7	Pack05	10000	ThunderTulipSeed	Rare	6.8787999987999999
ODDS	111	7	Pack05	10000	VoltOrchidSeed	Legendary	33.09393526872946
ODDS	111	7	Pack05	10000	TempestLotusSeed	Mythic	45
ODDS	111	7	Pack05	10000	BlackoutBloomSeed	Secret	7.9095404313384439
ODDS	111	7	Pack05	10000	PulsarStarfruitSeed	King	5.9999999999999995e-05
ODDS	111	7	Pack05	10000	StormSovereignSeed	Cosmic	0.23886430233209838
ODDS	81	7	Pack05	10000	SparkReedSeed	Rare	3.9215686274509802
ODDS	81	7	Pack05	10000	ThunderTulipSeed	Rare	3.9215686274509802
ODDS	81	7	Pack05	10000	VoltOrchidSeed	Legendary	39.215686274509807
ODDS	81	7	Pack05	10000	TempestLotusSeed	Mythic	29.411764705882351
ODDS	81	7	Pack05	10000	BlackoutBloomSeed	Secret	14.117647058823529
ODDS	81	7	Pack05	10000	PulsarStarfruitSeed	King	2.3529411764705883
ODDS	81	7	Pack05	10000	StormSovereignSeed	Cosmic	7.0588235294117645
ODDS	111	7	Pack05	100000	SparkReedSeed	Rare	6.8787999987999999
ODDS	111	7	Pack05	100000	ThunderTulipSeed	Rare	6.8787999987999999
ODDS	111	7	Pack05	100000	VoltOrchidSeed	Legendary	25.570481413342527
ODDS	111	7	Pack05	100000	TempestLotusSeed	Mythic	45
ODDS	111	7	Pack05	100000	BlackoutBloomSeed	Secret	15.071318589057487
ODDS	111	7	Pack05	100000	PulsarStarfruitSeed	King	0.00060000000000000006
ODDS	111	7	Pack05	100000	StormSovereignSeed	Cosmic	0.60000000000000009
ODDS	81	7	Pack05	100000	SparkReedSeed	Rare	3.5398230088495577
ODDS	81	7	Pack05	100000	ThunderTulipSeed	Rare	3.5398230088495577
ODDS	81	7	Pack05	100000	VoltOrchidSeed	Legendary	38.938053097345133
ODDS	81	7	Pack05	100000	TempestLotusSeed	Mythic	29.20353982300885
ODDS	81	7	Pack05	100000	BlackoutBloomSeed	Secret	14.867256637168142
ODDS	81	7	Pack05	100000	PulsarStarfruitSeed	King	2.4778761061946901
ODDS	81	7	Pack05	100000	StormSovereignSeed	Cosmic	7.4336283185840708
ODDS	111	7	Pack05	1000000	SparkReedSeed	Rare	6.8787999987999946
ODDS	111	7	Pack05	1000000	ThunderTulipSeed	Rare	6.8787999987999946
ODDS	111	7	Pack05	1000000	VoltOrchidSeed	Legendary	20
ODDS	111	7	Pack05	1000000	TempestLotusSeed	Mythic	39.729268143494266
ODDS	111	7	Pack05	1000000	BlackoutBloomSeed	Secret	25
ODDS	111	7	Pack05	1000000	PulsarStarfruitSeed	King	0.0060000000000000001
ODDS	111	7	Pack05	1000000	StormSovereignSeed	Cosmic	1.5071318589057483
ODDS	81	7	Pack05	1000000	SparkReedSeed	Rare	3.5398230088495577
ODDS	81	7	Pack05	1000000	ThunderTulipSeed	Rare	3.5398230088495577
ODDS	81	7	Pack05	1000000	VoltOrchidSeed	Legendary	38.938053097345133
ODDS	81	7	Pack05	1000000	TempestLotusSeed	Mythic	29.20353982300885
ODDS	81	7	Pack05	1000000	BlackoutBloomSeed	Secret	14.867256637168142
ODDS	81	7	Pack05	1000000	PulsarStarfruitSeed	King	2.4778761061946901
ODDS	81	7	Pack05	1000000	StormSovereignSeed	Cosmic	7.4336283185840708
ODDS	111	7	Pack05	5000000	SparkReedSeed	Rare	6.8787999988000061
ODDS	111	7	Pack05	5000000	ThunderTulipSeed	Rare	6.8787999988000061
ODDS	111	7	Pack05	5000000	VoltOrchidSeed	Legendary	20
ODDS	111	7	Pack05	5000000	TempestLotusSeed	Mythic	38.343342503029888
ODDS	111	7	Pack05	5000000	BlackoutBloomSeed	Secret	25
ODDS	111	7	Pack05	5000000	PulsarStarfruitSeed	King	0.029999999999999999
ODDS	111	7	Pack05	5000000	StormSovereignSeed	Cosmic	2.8690574993701117
ODDS	81	7	Pack05	5000000	SparkReedSeed	Rare	3.225806451612903
ODDS	81	7	Pack05	5000000	ThunderTulipSeed	Rare	3.225806451612903
ODDS	81	7	Pack05	5000000	VoltOrchidSeed	Legendary	38.70967741935484
ODDS	81	7	Pack05	5000000	TempestLotusSeed	Mythic	29.032258064516128
ODDS	81	7	Pack05	5000000	BlackoutBloomSeed	Secret	15.483870967741936
ODDS	81	7	Pack05	5000000	PulsarStarfruitSeed	King	2.5806451612903225
ODDS	81	7	Pack05	5000000	StormSovereignSeed	Cosmic	7.741935483870968
ODDS	111	7	Pack05	10000000	SparkReedSeed	Rare	6.8787999988000061
ODDS	111	7	Pack05	10000000	ThunderTulipSeed	Rare	6.8787999988000061
ODDS	111	7	Pack05	10000000	VoltOrchidSeed	Legendary	20
ODDS	111	7	Pack05	10000000	TempestLotusSeed	Mythic	38.343342503029888
ODDS	111	7	Pack05	10000000	BlackoutBloomSeed	Secret	25
ODDS	111	7	Pack05	10000000	PulsarStarfruitSeed	King	0.029999999999999999
ODDS	111	7	Pack05	10000000	StormSovereignSeed	Cosmic	2.8690574993701117
ODDS	81	7	Pack05	10000000	SparkReedSeed	Rare	3.225806451612903
ODDS	81	7	Pack05	10000000	ThunderTulipSeed	Rare	3.225806451612903
ODDS	81	7	Pack05	10000000	VoltOrchidSeed	Legendary	38.70967741935484
ODDS	81	7	Pack05	10000000	TempestLotusSeed	Mythic	29.032258064516128
ODDS	81	7	Pack05	10000000	BlackoutBloomSeed	Secret	15.483870967741936
ODDS	81	7	Pack05	10000000	PulsarStarfruitSeed	King	2.5806451612903225
ODDS	81	7	Pack05	10000000	StormSovereignSeed	Cosmic	7.741935483870968
ODDS	111	7	Pack06	1	SparkReedSeed	Rare	0
ODDS	111	7	Pack06	1	ThunderTulipSeed	Rare	0
ODDS	111	7	Pack06	1	VoltOrchidSeed	Legendary	57.979999979999995
ODDS	111	7	Pack06	1	TempestLotusSeed	Mythic	40
ODDS	111	7	Pack06	1	BlackoutBloomSeed	Secret	2
ODDS	111	7	Pack06	1	PulsarStarfruitSeed	King	2e-08
ODDS	111	7	Pack06	1	StormSovereignSeed	Cosmic	0.02
ODDS	81	7	Pack06	1	SparkReedSeed	Rare	0
ODDS	81	7	Pack06	1	ThunderTulipSeed	Rare	0
ODDS	81	7	Pack06	1	VoltOrchidSeed	Legendary	20
ODDS	81	7	Pack06	1	TempestLotusSeed	Mythic	45
ODDS	81	7	Pack06	1	BlackoutBloomSeed	Secret	22
ODDS	81	7	Pack06	1	PulsarStarfruitSeed	King	3
ODDS	81	7	Pack06	1	StormSovereignSeed	Cosmic	10
ODDS	111	7	Pack06	1.5	SparkReedSeed	Rare	0
ODDS	111	7	Pack06	1.5	ThunderTulipSeed	Rare	0
ODDS	111	7	Pack06	1.5	VoltOrchidSeed	Legendary	55.055026239956085
ODDS	111	7	Pack06	1.5	TempestLotusSeed	Mythic	42.681000643377793
ODDS	111	7	Pack06	1.5	BlackoutBloomSeed	Secret	2.2404515062156269
ODDS	111	7	Pack06	1.5	PulsarStarfruitSeed	King	2.9999999999999997e-08
ODDS	111	7	Pack06	1.5	StormSovereignSeed	Cosmic	0.023521580450493473
ODDS	81	7	Pack06	1.5	SparkReedSeed	Rare	0
ODDS	81	7	Pack06	1.5	ThunderTulipSeed	Rare	0
ODDS	81	7	Pack06	1.5	VoltOrchidSeed	Legendary	20
ODDS	81	7	Pack06	1.5	TempestLotusSeed	Mythic	45
ODDS	81	7	Pack06	1.5	BlackoutBloomSeed	Secret	22
ODDS	81	7	Pack06	1.5	PulsarStarfruitSeed	King	3
ODDS	81	7	Pack06	1.5	StormSovereignSeed	Cosmic	10
ODDS	111	7	Pack06	2	SparkReedSeed	Rare	0
ODDS	111	7	Pack06	2	ThunderTulipSeed	Rare	0
ODDS	111	7	Pack06	2	VoltOrchidSeed	Legendary	52.853734510105646
ODDS	111	7	Pack06	2	TempestLotusSeed	Mythic	44.691485522888804
ODDS	111	7	Pack06	2	BlackoutBloomSeed	Secret	2.4283897687900939
ODDS	111	7	Pack06	2	PulsarStarfruitSeed	King	4.0000000000000001e-08
ODDS	111	7	Pack06	2	StormSovereignSeed	Cosmic	0.026390158215457885
ODDS	81	7	Pack06	2	SparkReedSeed	Rare	0
ODDS	81	7	Pack06	2	ThunderTulipSeed	Rare	0
ODDS	81	7	Pack06	2	VoltOrchidSeed	Legendary	20
ODDS	81	7	Pack06	2	TempestLotusSeed	Mythic	45
ODDS	81	7	Pack06	2	BlackoutBloomSeed	Secret	22
ODDS	81	7	Pack06	2	PulsarStarfruitSeed	King	3
ODDS	81	7	Pack06	2	StormSovereignSeed	Cosmic	10
ODDS	111	7	Pack06	5	SparkReedSeed	Rare	0
ODDS	111	7	Pack06	5	ThunderTulipSeed	Rare	0
ODDS	111	7	Pack06	5	VoltOrchidSeed	Legendary	51.823286159084184
ODDS	111	7	Pack06	5	TempestLotusSeed	Mythic	45
ODDS	111	7	Pack06	5	BlackoutBloomSeed	Secret	3.1386406621415022
ODDS	111	7	Pack06	5	PulsarStarfruitSeed	King	1.0000000000000001e-07
ODDS	111	7	Pack06	5	StormSovereignSeed	Cosmic	0.038073078774317572
ODDS	81	7	Pack06	5	SparkReedSeed	Rare	0
ODDS	81	7	Pack06	5	ThunderTulipSeed	Rare	0
ODDS	81	7	Pack06	5	VoltOrchidSeed	Legendary	19.523269012485812
ODDS	81	7	Pack06	5	TempestLotusSeed	Mythic	43.927355278093074
ODDS	81	7	Pack06	5	BlackoutBloomSeed	Secret	22.973893303064695
ODDS	81	7	Pack06	5	PulsarStarfruitSeed	King	3.1328036322360955
ODDS	81	7	Pack06	5	StormSovereignSeed	Cosmic	10.442678774120317
ODDS	111	7	Pack06	10	SparkReedSeed	Rare	0
ODDS	111	7	Pack06	10	ThunderTulipSeed	Rare	0
ODDS	111	7	Pack06	10	VoltOrchidSeed	Legendary	51.138840635443316
ODDS	111	7	Pack06	10	TempestLotusSeed	Mythic	45
ODDS	111	7	Pack06	10	BlackoutBloomSeed	Secret	3.8109214359264945
ODDS	111	7	Pack06	10	PulsarStarfruitSeed	King	2.0000000000000002e-07
ODDS	111	7	Pack06	10	StormSovereignSeed	Cosmic	0.050237728630191603
ODDS	81	7	Pack06	10	SparkReedSeed	Rare	0
ODDS	81	7	Pack06	10	ThunderTulipSeed	Rare	0
ODDS	81	7	Pack06	10	VoltOrchidSeed	Legendary	19.523269012485812
ODDS	81	7	Pack06	10	TempestLotusSeed	Mythic	43.927355278093074
ODDS	81	7	Pack06	10	BlackoutBloomSeed	Secret	22.973893303064695
ODDS	81	7	Pack06	10	PulsarStarfruitSeed	King	3.1328036322360955
ODDS	81	7	Pack06	10	StormSovereignSeed	Cosmic	10.442678774120317
ODDS	111	7	Pack06	50	SparkReedSeed	Rare	0
ODDS	111	7	Pack06	50	ThunderTulipSeed	Rare	0
ODDS	111	7	Pack06	50	VoltOrchidSeed	Legendary	48.923807260508212
ODDS	111	7	Pack06	50	TempestLotusSeed	Mythic	45
ODDS	111	7	Pack06	50	BlackoutBloomSeed	Secret	5.9805564895127885
ODDS	111	7	Pack06	50	PulsarStarfruitSeed	King	9.9999999999999995e-07
ODDS	111	7	Pack06	50	StormSovereignSeed	Cosmic	0.095635249979003717
ODDS	81	7	Pack06	50	SparkReedSeed	Rare	0
ODDS	81	7	Pack06	50	ThunderTulipSeed	Rare	0
ODDS	81	7	Pack06	50	VoltOrchidSeed	Legendary	19.126819126819125
ODDS	81	7	Pack06	50	TempestLotusSeed	Mythic	43.035343035343026
ODDS	81	7	Pack06	50	BlackoutBloomSeed	Secret	23.783783783783782
ODDS	81	7	Pack06	50	PulsarStarfruitSeed	King	3.2432432432432439
ODDS	81	7	Pack06	50	StormSovereignSeed	Cosmic	10.810810810810811
ODDS	111	7	Pack06	300	SparkReedSeed	Rare	0
ODDS	111	7	Pack06	300	ThunderTulipSeed	Rare	0
ODDS	111	7	Pack06	300	VoltOrchidSeed	Legendary	44.927189498657953
ODDS	111	7	Pack06	300	TempestLotusSeed	Mythic	45
ODDS	111	7	Pack06	300	BlackoutBloomSeed	Secret	9.8769748288698533
ODDS	111	7	Pack06	300	PulsarStarfruitSeed	King	6.000000000000001e-06
ODDS	111	7	Pack06	300	StormSovereignSeed	Cosmic	0.19582967247219538
ODDS	81	7	Pack06	300	SparkReedSeed	Rare	0
ODDS	81	7	Pack06	300	ThunderTulipSeed	Rare	0
ODDS	81	7	Pack06	300	VoltOrchidSeed	Legendary	19.126819126819125
ODDS	81	7	Pack06	300	TempestLotusSeed	Mythic	43.035343035343026
ODDS	81	7	Pack06	300	BlackoutBloomSeed	Secret	23.783783783783782
ODDS	81	7	Pack06	300	PulsarStarfruitSeed	King	3.2432432432432439
ODDS	81	7	Pack06	300	StormSovereignSeed	Cosmic	10.810810810810811
ODDS	111	7	Pack06	2000	SparkReedSeed	Rare	0
ODDS	111	7	Pack06	2000	ThunderTulipSeed	Rare	0
ODDS	111	7	Pack06	2000	VoltOrchidSeed	Legendary	37.781351663846863
ODDS	111	7	Pack06	2000	TempestLotusSeed	Mythic	45
ODDS	111	7	Pack06	2000	BlackoutBloomSeed	Secret	16.800352515116625
ODDS	111	7	Pack06	2000	PulsarStarfruitSeed	King	4.0000000000000003e-05
ODDS	111	7	Pack06	2000	StormSovereignSeed	Cosmic	0.41825582103650938
ODDS	81	7	Pack06	2000	SparkReedSeed	Rare	0
ODDS	81	7	Pack06	2000	ThunderTulipSeed	Rare	0
ODDS	81	7	Pack06	2000	VoltOrchidSeed	Legendary	18.691588785046729
ODDS	81	7	Pack06	2000	TempestLotusSeed	Mythic	42.056074766355138
ODDS	81	7	Pack06	2000	BlackoutBloomSeed	Secret	24.672897196261683
ODDS	81	7	Pack06	2000	PulsarStarfruitSeed	King	3.3644859813084111
ODDS	81	7	Pack06	2000	StormSovereignSeed	Cosmic	11.214953271028037
ODDS	111	7	Pack06	10000	SparkReedSeed	Rare	0
ODDS	111	7	Pack06	10000	ThunderTulipSeed	Rare	0
ODDS	111	7	Pack06	10000	VoltOrchidSeed	Legendary	29.203585658893005
ODDS	111	7	Pack06	10000	TempestLotusSeed	Mythic	45
ODDS	111	7	Pack06	10000	BlackoutBloomSeed	Secret	25
ODDS	111	7	Pack06	10000	PulsarStarfruitSeed	King	0.00019999999999999998
ODDS	111	7	Pack06	10000	StormSovereignSeed	Cosmic	0.79621434110699463
ODDS	81	7	Pack06	10000	SparkReedSeed	Rare	0
ODDS	81	7	Pack06	10000	ThunderTulipSeed	Rare	0
ODDS	81	7	Pack06	10000	VoltOrchidSeed	Legendary	18.691588785046729
ODDS	81	7	Pack06	10000	TempestLotusSeed	Mythic	42.056074766355138
ODDS	81	7	Pack06	10000	BlackoutBloomSeed	Secret	24.672897196261683
ODDS	81	7	Pack06	10000	PulsarStarfruitSeed	King	3.3644859813084111
ODDS	81	7	Pack06	10000	StormSovereignSeed	Cosmic	11.214953271028037
ODDS	111	7	Pack06	100000	SparkReedSeed	Rare	0
ODDS	111	7	Pack06	100000	ThunderTulipSeed	Rare	0
ODDS	111	7	Pack06	100000	VoltOrchidSeed	Legendary	27.99799999999999
ODDS	111	7	Pack06	100000	TempestLotusSeed	Mythic	45
ODDS	111	7	Pack06	100000	BlackoutBloomSeed	Secret	25
ODDS	111	7	Pack06	100000	PulsarStarfruitSeed	King	0.002
ODDS	111	7	Pack06	100000	StormSovereignSeed	Cosmic	2.0000000000000009
ODDS	81	7	Pack06	100000	SparkReedSeed	Rare	0
ODDS	81	7	Pack06	100000	ThunderTulipSeed	Rare	0
ODDS	81	7	Pack06	100000	VoltOrchidSeed	Legendary	18.257261410788381
ODDS	81	7	Pack06	100000	TempestLotusSeed	Mythic	41.078838174273862
ODDS	81	7	Pack06	100000	BlackoutBloomSeed	Secret	25.560165975103736
ODDS	81	7	Pack06	100000	PulsarStarfruitSeed	King	3.4854771784232366
ODDS	81	7	Pack06	100000	StormSovereignSeed	Cosmic	11.618257261410788
ODDS	111	7	Pack06	1000000	SparkReedSeed	Rare	0
ODDS	111	7	Pack06	1000000	ThunderTulipSeed	Rare	0
ODDS	111	7	Pack06	1000000	VoltOrchidSeed	Legendary	24.980000000000004
ODDS	111	7	Pack06	1000000	TempestLotusSeed	Mythic	45
ODDS	111	7	Pack06	1000000	BlackoutBloomSeed	Secret	25
ODDS	111	7	Pack06	1000000	PulsarStarfruitSeed	King	0.02
ODDS	111	7	Pack06	1000000	StormSovereignSeed	Cosmic	5
ODDS	81	7	Pack06	1000000	SparkReedSeed	Rare	0
ODDS	81	7	Pack06	1000000	ThunderTulipSeed	Rare	0
ODDS	81	7	Pack06	1000000	VoltOrchidSeed	Legendary	18.257261410788381
ODDS	81	7	Pack06	1000000	TempestLotusSeed	Mythic	41.078838174273862
ODDS	81	7	Pack06	1000000	BlackoutBloomSeed	Secret	25.560165975103736
ODDS	81	7	Pack06	1000000	PulsarStarfruitSeed	King	3.4854771784232366
ODDS	81	7	Pack06	1000000	StormSovereignSeed	Cosmic	11.618257261410788
ODDS	111	7	Pack06	5000000	SparkReedSeed	Rare	0
ODDS	111	7	Pack06	5000000	ThunderTulipSeed	Rare	0
ODDS	111	7	Pack06	5000000	VoltOrchidSeed	Legendary	24.899999999999999
ODDS	111	7	Pack06	5000000	TempestLotusSeed	Mythic	45
ODDS	111	7	Pack06	5000000	BlackoutBloomSeed	Secret	25
ODDS	111	7	Pack06	5000000	PulsarStarfruitSeed	King	0.10000000000000001
ODDS	111	7	Pack06	5000000	StormSovereignSeed	Cosmic	5
ODDS	81	7	Pack06	5000000	SparkReedSeed	Rare	0
ODDS	81	7	Pack06	5000000	ThunderTulipSeed	Rare	0
ODDS	81	7	Pack06	5000000	VoltOrchidSeed	Legendary	17.910447761194028
ODDS	81	7	Pack06	5000000	TempestLotusSeed	Mythic	40.298507462686565
ODDS	81	7	Pack06	5000000	BlackoutBloomSeed	Secret	26.268656716417912
ODDS	81	7	Pack06	5000000	PulsarStarfruitSeed	King	3.5820895522388061
ODDS	81	7	Pack06	5000000	StormSovereignSeed	Cosmic	11.940298507462687
ODDS	111	7	Pack06	10000000	SparkReedSeed	Rare	0
ODDS	111	7	Pack06	10000000	ThunderTulipSeed	Rare	0
ODDS	111	7	Pack06	10000000	VoltOrchidSeed	Legendary	24.899999999999999
ODDS	111	7	Pack06	10000000	TempestLotusSeed	Mythic	45
ODDS	111	7	Pack06	10000000	BlackoutBloomSeed	Secret	25
ODDS	111	7	Pack06	10000000	PulsarStarfruitSeed	King	0.10000000000000001
ODDS	111	7	Pack06	10000000	StormSovereignSeed	Cosmic	5
ODDS	81	7	Pack06	10000000	SparkReedSeed	Rare	0
ODDS	81	7	Pack06	10000000	ThunderTulipSeed	Rare	0
ODDS	81	7	Pack06	10000000	VoltOrchidSeed	Legendary	17.910447761194028
ODDS	81	7	Pack06	10000000	TempestLotusSeed	Mythic	40.298507462686565
ODDS	81	7	Pack06	10000000	BlackoutBloomSeed	Secret	26.268656716417912
ODDS	81	7	Pack06	10000000	PulsarStarfruitSeed	King	3.5820895522388061
ODDS	81	7	Pack06	10000000	StormSovereignSeed	Cosmic	11.940298507462687
VOID	111	EmberEmperorSeed	King	9.9500000000000011e-08
VOID	111	PlasmaPepperSeed	Legendary	0.23999999999999999
VOID	111	OrbitLotusSeed	Cosmic	0.995
VOID	111	SupernovaBloomSeed	Cosmic	0.995
VOID	111	HoloAppleTreeSeed	Secret	0.035000000000000003
VOID	111	PolarStarbloomSeed	Cosmic	0.995
VOID	111	StarfruitSeed	Secret	18.904999900499998
VOID	111	HollowGeodeSeed	Secret	18.904999900499998
VOID	111	StormSovereignSeed	Cosmic	0.995
VOID	111	NebulaVineSeed	Cosmic	0.012500000000000001
VOID	111	BlackoutBloomSeed	Secret	18.904999900499998
VOID	111	CrowncoreTreeSeed	King	0.0025000000000000001
VOID	111	HoloMelonSeed	Mythic	0.13
VOID	111	WinterCrownwoodSeed	King	9.9500000000000011e-08
VOID	111	MirageFigSeed	Cosmic	0.995
VOID	111	PrismLotusSeed	Mythic	0.080000000000000002
VOID	111	ObsidianMawSeed	Secret	18.904999900499998
VOID	111	SolarStarfruitSeed	King	9.9500000000000011e-08
VOID	111	PrismMonarchSeed	King	9.9500000000000011e-08
VOID	111	SilentFrostbellSeed	Secret	18.904999900499998
VOID	111	PulsarStarfruitSeed	King	9.9500000000000011e-08
VOIDTOTAL	111	99.999999999999986
VOID	81	ObsidianMawSeed	Secret	15.92
VOID	81	PlasmaPepperSeed	Legendary	0.23999999999999999
VOID	81	OrbitLotusSeed	Cosmic	3.383
VOID	81	SupernovaBloomSeed	Cosmic	3.383
VOID	81	HoloAppleTreeSeed	Secret	0.035000000000000003
VOID	81	PolarStarbloomSeed	Cosmic	3.383
VOID	81	SilentFrostbellSeed	Secret	15.92
VOID	81	HollowGeodeSeed	Secret	15.92
VOID	81	StormSovereignSeed	Cosmic	3.383
VOID	81	NebulaVineSeed	Cosmic	0.012500000000000001
VOID	81	BlackoutBloomSeed	Secret	15.92
VOID	81	CrowncoreTreeSeed	King	0.0025000000000000001
VOID	81	HoloMelonSeed	Mythic	0.13
VOID	81	WinterCrownwoodSeed	King	0.59699999999999998
VOID	81	MirageFigSeed	Cosmic	3.383
VOID	81	PrismLotusSeed	Mythic	0.080000000000000002
VOID	81	EmberEmperorSeed	King	0.59699999999999998
VOID	81	SolarStarfruitSeed	King	0.59699999999999998
VOID	81	PrismMonarchSeed	King	0.59699999999999998
VOID	81	StarfruitSeed	Secret	15.92
VOID	81	PulsarStarfruitSeed	King	0.59699999999999998
VOIDTOTAL	81	99.999999999999957
